연번,평일주말,호선,역번호,역명,구분,05:00,06:00,07:00,08:00,09:00,10:00,11:00,12:00,13:00,14:00,15:00,16:00,17:00,18:00,19:00,20:00,21:00,22:00,23:00,00:00
250.0,평일,5,2511,방화,하행,1.6,3.3,6.1,5.5,3.9,3.4,3.1,3.2,4.2,3.0,2.8,3.2,2.2,2.4,1.6,1.2,0.8,0.8,0.4,0.2
251.0,평일,5,2512,개화산,상행,1.7,1.4,2.1,3.6,1.2,1.4,1.8,2.3,2.6,2.6,3.2,3.9,5.2,6.2,3.6,3.8,3.4,3.4,2.2,1.5
252.0,평일,5,2512,개화산,하행,3.2,5.4,11.0,9.8,6.6,5.6,5.3,5.7,6.2,4.8,5.1,5.8,4.4,6.4,3.6,2.4,1.8,1.8,0.8,0.4
253.0,평일,5,2513,김포공항,상행,2.8,3.4,4.7,7.9,2.2,2.4,3.1,4.5,4.1,4.6,5.4,6.8,9.0,11.5,6.5,6.8,6.1,5.8,3.8,2.3
254.0,평일,5,2513,김포공항,하행,2.8,7.8,18.4,24.8,17.6,12.8,11.8,12.0,12.4,12.2,13.2,14.2,11.2,19.4,14.0,9.3,8.4,8.9,5.6,2.1
255.0,평일,5,2514,송정,상행,14.7,13.9,15.4,15.2,5.4,7.2,9.4,10.8,11.4,11.4,13.2,16.9,23.8,28.2,11.7,12.6,11.1,10.0,5.8,2.6
256.0,평일,5,2514,송정,하행,4.0,9.4,21.5,28.7,19.6,15.0,13.8,13.1,14.0,14.0,14.3,16.0,12.2,20.6,15.2,9.8,8.6,9.2,5.6,2.7
257.0,평일,5,2515,마곡,상행,15.6,14.4,16.4,15.9,6.0,7.6,10.3,12.1,12.5,12.6,15.2,19.6,26.8,31.1,13.4,14.6,13.2,11.6,7.2,3.3
258.0,평일,5,2515,마곡,하행,4.3,10.4,24.8,29.5,19.4,16.8,15.8,14.6,16.0,16.2,18.0,22.6,18.4,26.8,20.8,12.9,11.1,11.2,6.6,2.9
259.0,평일,5,2516,발산,상행,25.4,21.8,20.1,23.5,9.6,10.0,12.0,14.3,14.8,14.5,17.0,21.8,28.9,33.5,16.0,16.3,14.4,13.4,8.4,4.4
260.0,평일,5,2516,발산,하행,5.1,11.0,27.6,28.4,19.6,18.6,18.4,17.9,20.0,20.3,25.3,31.5,28.8,41.0,29.4,20.2,18.7,18.7,11.1,3.4
261.0,평일,5,2517,우장산,상행,27.1,25.6,30.8,44.1,16.6,14.0,16.4,18.2,19.4,18.1,20.0,25.1,34.0,38.5,19.6,18.0,15.4,14.4,8.6,5.6
262.0,평일,5,2517,우장산,하행,7.4,16.6,37.8,37.4,24.6,23.0,21.7,21.6,22.2,21.8,26.6,34.1,30.7,40.4,30.6,20.5,18.5,19.4,10.8,3.2
263.0,평일,5,2518,화곡,상행,25.6,25.1,32.4,44.3,17.1,14.9,17.2,19.3,21.5,20.6,23.0,30.0,42.0,47.6,26.2,23.9,20.6,20.4,12.6,8.3
264.0,평일,5,2518,화곡,하행,9.3,26.6,61.0,61.2,37.2,31.4,27.2,28.6,27.8,25.4,29.3,36.6,33.3,41.3,31.4,21.2,18.9,19.2,10.4,2.3
265.0,평일,5,2519,까치산,상행,18.8,22.1,31.2,43.0,17.0,15.8,18.8,21.0,23.8,24.3,29.0,39.8,58.0,69.5,41.7,36.7,32.1,30.8,20.5,12.4
266.0,평일,5,2519,까치산,하행,12.9,30.6,69.8,74.6,43.2,34.7,28.6,29.6,27.2,24.2,25.3,30.3,26.8,31.2,24.2,16.4,14.6,14.6,8.4,3.8
267.0,평일,5,2520,신정,상행,12.0,16.8,22.8,28.4,12.5,12.8,16.1,19.0,22.2,24.4,30.5,42.2,62.4,78.2,47.6,43.0,38.0,37.2,25.6,16.0
268.0,평일,5,2520,신정,하행,16.4,35.5,80.6,87.5,51.0,38.2,31.7,32.3,29.8,26.1,25.5,30.4,28.0,29.6,24.4,16.2,13.6,14.3,8.6,3.5
269.0,평일,5,2521,목동,상행,10.2,15.9,21.2,25.5,12.0,13.0,16.3,20.0,23.4,26.0,34.2,45.7,68.1,86.2,53.6,47.8,43.8,41.0,29.3,17.0
270.0,평일,5,2521,목동,하행,18.2,39.0,91.9,98.9,57.2,43.0,36.0,35.5,32.3,28.6,27.6,33.2,30.0,30.8,25.4,17.8,15.0,15.4,9.0,3.5
271.0,평일,5,2522,오목교,상행,8.6,15.8,21.0,26.2,13.4,14.3,17.8,22.4,27.0,29.8,39.6,51.4,80.6,98.2,62.4,56.4,50.8,46.6,34.3,19.8
272.0,평일,5,2522,오목교,하행,19.1,42.0,98.4,105.7,60.8,46.0,38.9,38.2,35.2,31.2,30.6,37.2,35.0,36.8,29.9,23.2,19.5,19.5,10.3,3.6
273.0,평일,5,2523,양평,상행,8.1,16.0,24.7,31.6,18.0,17.5,22.2,26.6,31.5,34.2,44.7,58.6,92.2,105.4,69.0,59.2,53.6,49.4,37.8,21.6
274.0,평일,5,2523,양평,하행,21.3,42.6,103.0,107.3,63.0,47.2,39.8,39.4,36.4,32.5,31.6,39.0,37.2,39.2,31.4,23.3,20.0,20.2,10.6,4.0
275.0,평일,5,2524,영등포구청,상행,8.4,16.9,25.4,34.2,18.8,18.6,22.8,27.2,32.8,35.2,45.5,60.2,94.4,106.0,71.2,60.5,55.9,51.4,39.6,22.6
276.0,평일,5,2524,영등포구청,하행,16.4,31.0,77.8,87.8,48.0,35.6,30.8,30.9,29.0,25.0,23.0,27.8,26.5,27.4,23.0,16.2,14.0,14.4,8.2,3.4
277.0,평일,5,2525,영등포시장,상행,4.3,11.9,18.0,23.6,13.6,14.2,18.1,21.1,25.3,27.4,36.5,48.2,76.1,83.2,54.4,46.5,42.8,38.9,27.3,15.8
278.0,평일,5,2525,영등포시장,하행,16.6,31.5,80.6,91.8,48.9,35.6,30.5,30.2,28.0,25.0,23.4,28.8,29.0,28.8,23.6,17.0,14.4,14.6,8.8,3.2
279.0,평일,5,2526,신길,상행,5.4,11.2,19.2,25.9,14.6,15.2,18.9,22.0,26.2,27.6,36.7,48.3,78.3,84.1,55.8,46.8,43.8,39.7,28.6,17.2
280.0,평일,5,2526,신길,하행,19.5,36.2,92.4,109.8,56.7,39.0,33.5,32.8,30.3,26.4,24.5,30.5,30.4,30.2,25.2,17.2,14.9,14.8,8.6,2.9
281.0,평일,5,2527,여의도,상행,4.2,12.2,21.0,25.8,15.3,15.6,20.3,23.4,28.0,30.0,40.4,53.7,91.8,95.9,60.8,52.9,49.4,43.7,29.2,9.3
282.0,평일,5,2527,여의도,하행,16.4,27.4,66.0,89.8,47.6,34.2,32.9,31.6,31.7,28.2,28.8,38.5,55.6,51.8,39.9,27.8,23.8,21.4,11.2,3.4
283.0,평일,5,2528,여의나루,상행,6.2,17.8,50.0,53.0,25.2,20.0,23.2,26.6,30.6,29.3,36.8,49.8,77.0,81.3,47.2,40.0,39.5,35.4,23.8,9.2
284.0,평일,5,2528,여의나루,하행,16.1,25.0,60.6,86.5,47.0,33.1,32.4,31.7,32.2,29.0,30.6,41.0,63.6,60.5,45.2,32.9,26.8,23.4,12.6,3.6
285.0,평일,5,2529,마포,상행,6.2,19.8,58.0,60.0,29.0,24.2,26.2,29.8,33.9,32.1,39.2,50.4,77.4,79.0,45.5,39.0,38.1,34.2,23.5,9.5
286.0,평일,5,2529,마포,하행,16.0,24.8,58.9,84.2,45.5,33.0,33.1,32.0,32.6,29.6,30.8,41.8,63.5,61.3,45.0,33.8,28.2,24.5,12.8,3.4
287.0,평일,5,2530,공덕,상행,5.6,21.1,58.0,61.8,31.0,25.0,26.8,29.9,34.0,31.8,39.4,50.8,75.8,75.8,45.8,37.9,36.4,32.8,23.6,10.1
288.0,평일,5,2530,공덕,하행,14.6,24.9,59.2,87.7,45.0,33.8,33.8,32.3,32.4,28.8,29.6,37.7,54.2,50.6,39.2,29.0,24.3,21.7,12.8,3.8
289.0,평일,5,2531,애오개,상행,6.1,18.6,46.0,49.0,26.9,22.3,25.5,28.0,31.2,31.3,38.8,50.2,77.2,78.1,45.4,37.2,35.4,31.0,21.6,9.4
290.0,평일,5,2531,애오개,하행,10.6,23.8,60.4,90.6,45.2,33.7,34.4,32.2,32.7,28.7,29.6,36.8,53.9,50.7,39.4,28.4,24.0,20.8,12.2,3.2
291.0,평일,5,2532,충정로,상행,8.2,18.2,44.6,47.6,27.2,22.1,25.3,27.4,30.6,31.2,38.2,51.2,76.1,78.2,45.8,37.2,36.2,31.8,22.4,8.8
292.0,평일,5,2532,충정로,하행,10.5,23.5,55.4,86.3,42.6,32.6,33.2,31.3,31.6,28.1,28.6,35.8,51.0,49.3,38.6,27.9,23.5,20.6,12.8,4.8
293.0,평일,5,2533,서대문,상행,8.0,18.4,45.2,47.3,26.8,21.6,24.4,26.5,29.6,30.6,37.0,49.9,72.0,72.0,42.9,35.4,34.8,30.7,21.8,8.6
294.0,평일,5,2533,서대문,하행,11.4,21.2,45.7,66.6,38.9,31.3,34.6,31.4,31.4,29.1,31.1,40.4,59.2,58.0,42.0,31.0,26.5,23.0,13.7,4.6
295.0,평일,5,2534,광화문,상행,7.6,20.8,53.2,59.0,30.6,22.8,24.7,26.4,30.4,30.4,34.8,44.8,59.8,60.8,39.6,31.8,31.8,28.1,21.2,9.0
296.0,평일,5,2534,광화문,하행,11.1,16.2,31.0,37.7,25.2,25.9,30.1,29.5,30.9,31.5,35.6,48.0,72.0,73.3,52.6,39.4,36.8,29.6,16.6,5.1
297.0,평일,5,2535,종로3가,상행,8.8,25.2,64.2,82.0,44.1,28.8,28.7,28.5,30.2,29.4,31.0,38.8,47.7,40.2,30.8,23.2,22.4,22.5,17.4,7.6
298.0,평일,5,2535,종로3가,하행,6.4,16.6,27.0,30.4,17.8,18.5,21.1,23.5,25.6,27.8,33.4,45.4,65.8,68.1,51.6,38.7,37.9,31.6,19.0,5.4
299.0,평일,5,2536,을지로4가,상행,7.7,26.5,63.3,76.4,44.8,30.9,29.1,27.8,27.2,25.2,26.1,32.8,38.8,32.4,25.5,18.5,16.8,17.8,13.4,6.6
300.0,평일,5,2536,을지로4가,하행,6.4,15.0,23.1,24.5,14.9,16.0,18.8,21.0,23.2,25.6,31.6,43.4,66.6,69.9,52.6,39.3,37.8,32.4,19.7,6.0
301.0,평일,5,2537,동대문역사문화공원,상행,8.0,27.0,63.6,76.0,43.7,30.2,27.2,25.8,24.6,22.8,23.4,28.8,32.6,26.4,22.1,16.0,14.4,15.4,11.2,4.6
302.0,평일,5,2537,동대문역사문화공원,하행,9.2,16.8,23.2,25.0,14.4,15.1,18.2,22.4,24.1,27.9,34.4,47.8,71.8,71.8,52.6,42.6,39.4,35.8,21.6,7.0
303.0,평일,5,2538,청구,상행,8.6,27.2,64.5,77.1,49.7,34.1,31.2,28.6,27.2,24.4,24.0,29.6,32.4,26.8,23.8,16.5,13.7,15.1,11.1,4.4
304.0,평일,5,2538,청구,하행,13.1,19.1,27.8,28.6,15.5,16.4,20.1,23.8,26.5,30.1,36.2,52.1,75.7,73.8,56.1,45.6,42.2,39.3,24.0,8.0
305.0,평일,5,2539,신금호,상행,9.7,29.2,66.2,78.7,54.0,37.2,34.8,31.9,29.2,27.1,26.8,32.7,36.3,31.0,26.6,18.1,16.0,17.6,13.3,5.1
306.0,평일,5,2539,신금호,하행,14.4,20.4,28.9,32.0,15.9,16.8,20.2,23.9,26.3,29.8,35.9,52.3,72.1,72.4,54.4,44.6,41.2,38.0,24.2,8.4
307.0,평일,5,2540,행당,상행,9.0,28.3,65.8,74.6,51.2,36.7,33.6,31.6,29.0,27.2,27.5,34.0,36.6,32.2,27.8,18.8,16.6,18.4,14.1,5.7
308.0,평일,5,2540,행당,하행,16.7,21.9,30.4,36.1,17.2,17.8,21.0,24.2,26.7,29.1,35.5,50.2,70.8,69.4,53.0,42.7,39.6,37.2,23.6,8.0
309.0,평일,5,2541,왕십리,상행,8.4,27.4,64.4,70.8,49.0,35.2,32.8,31.0,28.8,27.3,28.0,34.7,38.8,34.1,29.6,19.6,17.8,19.6,15.2,4.0
310.0,평일,5,2541,왕십리,하행,10.6,24.5,32.2,38.0,17.6,20.0,23.8,28.4,31.8,35.4,44.2,63.0,91.2,88.4,70.1,56.2,55.9,54.2,36.6,13.1
311.0,평일,5,2542,마장,상행,14.2,35.8,83.8,93.6,68.2,46.2,41.2,39.6,36.3,33.0,32.8,41.0,45.9,37.5,30.6,21.0,18.3,21.0,15.6,4.1
312.0,평일,5,2542,마장,하행,5.8,25.0,32.4,38.3,17.2,19.4,23.0,27.8,31.4,34.6,44.0,61.8,88.3,86.4,68.8,55.1,55.6,52.4,35.9,12.8
313.0,평일,5,2543,답십리,상행,14.0,36.4,84.4,90.9,67.4,45.8,39.8,38.8,35.2,31.6,32.3,39.8,43.4,37.9,29.7,20.6,18.0,21.0,15.0,3.5
314.0,평일,5,2543,답십리,하행,9.8,27.8,35.4,39.3,17.6,19.4,22.7,27.6,30.7,33.5,42.4,58.3,85.6,85.0,63.2,52.4,52.8,48.6,33.4,11.6
315.0,평일,5,2544,장한평,상행,12.3,35.1,78.7,82.6,63.9,43.8,37.6,37.8,34.4,30.5,31.8,39.4,42.6,37.6,31.0,21.1,18.5,22.3,15.4,4.3
316.0,평일,5,2544,장한평,하행,13.0,27.1,37.3,42.0,18.0,18.6,22.7,27.2,30.8,33.0,40.8,56.4,85.2,86.1,57.6,52.0,48.2,46.8,31.7,10.1
317.0,평일,5,2545,군자,상행,11.3,33.8,75.4,80.4,61.2,42.3,36.8,36.4,34.0,29.6,31.0,39.4,41.0,37.6,31.4,21.8,20.4,23.5,16.6,5.3
318.0,평일,5,2545,군자,하행,13.0,41.2,57.2,62.4,24.4,23.0,28.7,33.0,36.3,38.2,47.0,64.8,95.2,91.8,66.0,60.0,55.0,53.1,36.4,10.4
319.0,평일,5,2546,아차산,상행,17.0,37.2,83.8,86.9,68.6,50.2,44.0,42.8,40.2,34.8,38.5,51.7,53.6,54.8,42.5,29.8,27.0,31.7,18.4,7.4
320.0,평일,5,2546,아차산,하행,14.6,42.0,57.3,66.8,24.7,22.2,27.2,32.0,35.6,37.3,44.3,63.4,88.0,86.5,61.5,56.3,51.6,50.0,33.8,17.6
321.0,평일,5,2547,광나루,상행,15.0,34.4,80.4,80.8,63.2,47.7,41.4,40.4,37.4,33.3,37.1,51.4,51.8,55.6,42.8,30.0,26.6,30.0,18.8,5.9
322.0,평일,5,2547,광나루,하행,15.3,46.0,55.6,65.6,24.8,21.5,26.7,31.6,36.1,36.0,43.5,60.1,85.2,86.0,59.0,52.8,49.5,47.8,31.8,16.5
323.0,평일,5,2548,천호,상행,14.3,35.6,78.4,76.5,60.8,44.6,39.4,40.2,35.4,31.6,35.3,49.4,52.2,54.8,41.2,29.6,25.5,29.6,19.0,4.6
324.0,평일,5,2548,천호,하행,11.5,34.8,40.7,48.1,17.6,16.9,22.3,28.3,34.0,34.0,44.8,54.4,81.8,87.1,60.0,53.1,53.1,44.2,34.8,14.4
325.0,평일,5,2549,강동,상행,12.0,38.0,61.5,79.4,67.0,46.8,37.6,40.8,34.2,31.0,35.1,44.0,42.8,43.8,30.5,21.5,18.6,24.6,14.8,4.1
326.0,평일,5,2549,강동,하행,3.8,21.0,33.0,53.6,20.8,19.0,25.6,32.4,35.2,36.3,46.9,58.2,63.5,86.6,57.7,52.7,52.2,43.0,32.6,12.9
327.0,평일,5,2550,길동,상행,21.0,54.4,80.0,109.2,95.2,66.8,54.6,53.8,49.8,42.0,45.4,61.0,52.4,48.7,33.9,25.0,23.5,23.7,15.2,3.4
328.0,평일,5,2550,길동,하행,8.0,24.2,33.8,45.2,18.8,20.2,29.4,36.6,42.2,46.2,55.8,75.4,113.8,122.8,80.6,74.3,68.6,61.8,44.6,13.8
329.0,평일,5,2551,굽은다리,상행,19.2,50.8,78.0,102.8,90.8,62.6,51.7,50.8,46.7,39.8,43.2,56.8,43.8,47.8,31.4,22.8,22.2,22.6,12.8,4.1
330.0,평일,5,2551,굽은다리,하행,8.4,24.0,33.4,42.2,17.4,18.2,25.8,33.8,38.4,41.8,51.0,66.2,97.6,111.4,74.1,65.9,62.5,55.8,40.0,13.3
331.0,평일,5,2552,명일,상행,13.8,47.0,74.5,90.2,78.0,56.4,46.7,46.5,41.4,36.2,40.2,53.1,40.2,44.8,29.3,21.6,19.9,24.0,12.2,4.0
332.0,평일,5,2552,명일,하행,8.8,23.6,31.6,41.3,16.8,17.0,24.2,31.2,34.4,36.0,45.5,59.1,86.4,97.6,64.8,59.8,55.6,49.1,35.0,11.6
333.0,평일,5,2553,고덕,상행,11.8,42.4,64.4,80.6,71.0,50.3,41.7,42.2,37.8,33.1,39.1,49.2,37.4,42.8,27.4,20.8,18.0,20.2,12.0,3.8
334.0,평일,5,2553,고덕,하행,6.8,18.2,23.8,33.3,13.6,13.6,19.8,26.4,27.9,30.2,39.4,50.0,76.0,89.2,56.6,53.3,49.5,43.6,30.9,10.0
335.0,평일,5,2554,상일동,상행,10.0,41.4,57.2,72.6,62.2,43.8,33.9,35.0,32.6,27.8,30.6,38.2,30.7,35.8,23.3,17.0,14.3,15.3,10.2,3.6
336.0,평일,5,2554,상일동,하행,4.8,13.0,18.5,27.7,11.9,11.3,15.8,19.8,20.6,21.8,29.0,37.0,52.4,62.8,41.2,38.8,34.6,31.4,22.4,8.0
349.0,평일,5,2555,둔촌동,상행,10.8,29.0,60.4,63.7,48.8,39.7,35.4,37.3,35.3,32.8,39.0,55.4,52.2,69.0,49.6,30.3,28.2,46.2,23.4,3.6
350.0,평일,5,2555,둔촌동,하행,4.8,19.0,44.8,84.4,29.5,21.4,26.5,31.6,32.0,32.0,38.0,48.3,35.2,55.4,36.0,37.2,32.9,30.4,22.4,9.1
351.0,평일,5,2556,올림픽공원(한국체대),상행,9.4,27.2,54.2,59.6,45.1,36.6,32.8,34.8,33.6,30.6,37.7,52.2,48.2,68.8,48.4,29.8,27.6,45.2,23.0,4.0
352.0,평일,5,2556,올림픽공원(한국체대),하행,3.8,16.3,35.0,68.6,22.0,16.6,22.4,27.9,27.6,28.8,36.6,47.2,34.2,56.0,38.6,38.6,35.1,32.2,25.2,8.8
353.0,평일,5,2557,방이,상행,11.3,27.4,60.1,63.8,47.3,34.0,29.0,31.6,30.9,26.4,32.0,44.5,39.8,63.0,40.3,24.6,24.1,27.2,13.8,2.0
354.0,평일,5,2557,방이,하행,4.0,15.2,29.6,59.7,20.6,15.4,20.4,24.2,24.4,24.8,31.2,40.1,31.2,50.3,33.4,33.8,31.6,33.2,21.4,7.4
355.0,평일,5,2558,오금,상행,10.2,24.1,54.6,56.9,42.0,30.2,25.9,29.0,27.6,24.3,29.2,43.1,36.5,53.0,39.3,21.8,19.6,20.3,9.6,1.8
356.0,평일,5,2558,오금,하행,1.1,8.0,9.7,25.9,10.6,9.9,14.8,18.8,19.8,23.0,31.3,41.0,31.0,51.3,38.0,33.2,33.0,32.6,22.5,7.6
357.0,평일,5,2559,개롱,상행,12.2,25.6,61.0,64.8,41.2,29.2,24.0,26.2,23.4,19.4,20.8,29.8,21.0,23.7,16.0,10.3,10.2,8.6,3.6,0.9
358.0,평일,5,2559,개롱,하행,0.8,5.0,6.6,18.2,7.1,7.2,10.6,13.7,14.1,16.5,23.2,29.9,22.8,38.5,28.2,24.8,24.6,24.0,16.8,5.8
359.0,평일,5,2560,거여,상행,9.5,21.1,49.6,51.4,31.4,21.6,17.3,20.1,16.7,14.2,15.2,19.4,14.0,15.6,10.6,6.8,6.6,5.9,2.7,0.7
360.0,평일,5,2560,거여,하행,0.4,1.9,2.0,7.0,2.8,3.0,5.0,5.4,6.3,7.0,10.4,12.7,9.7,15.4,11.9,10.0,10.6,9.4,7.4,3.1
361.0,평일,5,2561,마천,상행,4.9,10.6,23.4,22.7,13.2,8.8,7.8,8.8,7.0,5.8,5.7,7.5,5.0,6.5,3.7,2.5,2.3,2.0,1.0,0.3
337.0,평일,5,2562,강일,상행,16.5,39.8,56.8,69.0,45.2,31.0,23.7,25.9,24.6,20.8,23.2,29.2,30.0,34.0,17.7,13.8,13.0,14.2,9.6,1.6
338.0,평일,5,2562,강일,하행,3.6,9.4,15.2,28.4,16.4,12.4,14.5,16.6,18.0,19.1,25.0,31.4,45.0,54.1,40.0,33.2,29.0,27.6,19.9,9.3
339.0,평일,5,2563,미사,상행,14.4,33.8,50.2,55.8,35.7,25.4,19.8,21.9,20.8,18.2,20.4,24.2,26.5,29.4,16.0,13.0,12.7,13.8,9.4,1.6
340.0,평일,5,2563,미사,하행,3.2,5.6,11.2,22.8,13.0,7.5,9.4,11.2,11.8,12.7,16.7,19.5,23.6,24.5,17.8,16.4,14.4,15.4,10.6,5.4
341.0,평일,5,2564,하남풍산,상행,8.3,20.8,24.2,25.9,18.5,15.4,13.0,14.0,13.8,13.2,13.6,18.0,17.5,24.6,11.4,7.8,7.3,8.0,3.2,0.6
342.0,평일,5,2564,하남풍산,하행,0.0,4.8,8.2,13.0,8.6,6.0,7.8,9.6,10.0,10.8,14.4,16.7,19.8,21.8,12.9,13.6,12.1,12.6,8.6,4.4
343.0,평일,5,2565,하남시청,상행,6.9,16.7,20.2,22.2,15.6,13.0,11.0,11.9,11.8,10.8,11.4,14.4,12.4,15.4,8.4,6.8,5.6,6.3,2.7,0.6
344.0,평일,5,2565,하남시청,하행,0.0,2.0,3.8,5.7,4.2,3.4,3.8,5.2,5.0,5.2,6.7,8.2,9.0,9.3,5.8,6.2,5.5,5.5,3.8,2.1
345.0,평일,5,2566,하남검단산,상행,2.8,7.0,9.2,10.9,7.2,5.8,5.1,5.2,5.9,5.7,5.9,7.2,5.9,7.0,3.8,3.6,2.6,4.0,1.2,0.2
1084.0,주말,5,2511,방화,하행,0.9,1.4,1.6,2.6,3.2,3.4,3.2,3.3,3.0,2.9,2.8,2.8,2.2,1.6,1.0,0.9,0.7,0.6,0.4,0.0
1085.0,주말,5,2512,개화산,상행,1.1,1.0,0.8,1.2,1.5,1.5,1.4,2.0,2.4,2.7,2.7,3.1,3.2,2.9,2.8,2.5,2.4,2.4,1.7,0.8
1086.0,주말,5,2512,개화산,하행,1.8,2.2,2.9,4.6,5.5,5.8,5.5,5.6,5.1,5.1,5.0,4.8,3.7,3.2,2.0,1.8,1.4,1.3,0.6,0.0
1087.0,주말,5,2513,김포공항,상행,1.8,2.1,1.5,2.3,2.5,2.7,2.6,3.6,4.2,4.2,4.8,5.0,5.5,5.4,4.6,4.2,4.2,3.6,3.4,1.4
1088.0,주말,5,2513,김포공항,하행,1.4,3.6,4.4,8.9,11.4,11.9,11.4,12.6,13.4,12.7,13.2,14.3,13.6,11.9,9.6,8.1,7.2,8.2,5.7,0.0
1089.0,주말,5,2514,송정,상행,9.5,8.6,5.7,6.8,8.5,8.9,10.4,11.4,12.8,12.7,13.4,14.4,14.2,11.3,9.3,7.5,7.4,6.4,4.3,1.7
1090.0,주말,5,2514,송정,하행,1.9,4.2,5.4,10.0,13.4,13.9,13.4,14.1,15.1,14.2,14.8,16.2,14.4,13.0,10.2,8.5,7.5,8.2,5.5,0.0
1091.0,주말,5,2515,마곡,상행,10.0,8.8,6.1,7.5,9.0,9.4,10.8,12.2,13.7,13.6,14.4,16.0,15.8,12.7,10.5,8.9,9.0,7.6,5.5,2.4
1092.0,주말,5,2515,마곡,하행,2.3,4.3,6.0,10.9,14.8,15.4,15.6,16.2,17.1,16.2,18.0,19.5,16.0,14.2,11.4,9.2,8.6,8.6,5.7,0.0
1093.0,주말,5,2516,발산,상행,14.4,12.3,6.6,8.8,10.7,10.8,11.8,13.8,15.4,15.4,15.8,17.9,17.8,14.1,12.2,10.0,10.1,8.5,6.6,3.0
1094.0,주말,5,2516,발산,하행,2.8,4.6,6.7,11.6,15.9,17.0,17.2,18.9,20.7,20.4,23.8,26.0,21.5,18.4,15.0,12.8,13.0,14.3,8.8,0.0
1095.0,주말,5,2517,우장산,상행,14.6,13.7,8.0,11.4,15.6,15.7,17.4,20.3,21.6,20.7,20.0,22.8,22.2,18.7,14.8,11.8,11.5,9.5,7.4,0.0
1096.0,주말,5,2517,우장산,하행,3.8,5.8,8.5,14.6,19.4,20.8,20.8,23.5,24.2,23.8,26.2,27.4,22.8,19.2,14.8,13.0,13.0,14.2,8.5,0.0
1097.0,주말,5,2518,화곡,상행,13.8,13.8,8.5,12.2,17.0,16.5,17.6,21.2,23.0,22.1,22.4,24.7,27.0,21.8,18.4,15.4,14.6,12.8,10.4,0.0
1098.0,주말,5,2518,화곡,하행,4.9,9.6,13.8,22.7,29.3,29.8,28.9,32.7,32.0,31.0,31.2,32.0,27.4,21.1,16.2,14.2,13.4,14.2,7.4,0.0
1099.0,주말,5,2519,까치산,상행,10.3,12.0,9.0,13.0,17.8,17.1,19.5,23.5,25.3,25.8,28.2,31.1,35.6,30.6,26.1,22.8,23.1,20.6,16.8,5.2
1100.0,주말,5,2519,까치산,하행,6.9,11.5,16.4,26.6,34.2,34.0,32.1,36.0,34.3,30.4,29.6,30.5,25.3,18.2,13.8,11.8,10.8,11.6,8.0,0.0
1101.0,주말,5,2520,신정,상행,7.1,9.8,7.2,10.0,13.7,14.0,16.4,21.0,22.6,25.4,28.4,31.6,38.7,33.0,29.1,27.0,28.0,23.5,21.3,7.4
1102.0,주말,5,2520,신정,하행,8.6,13.4,18.4,29.8,39.2,38.1,36.6,38.8,37.4,33.0,31.4,32.1,27.2,19.1,14.3,11.6,10.5,11.2,7.2,0.0
1103.0,주말,5,2521,목동,상행,6.3,9.8,7.2,10.0,13.2,14.4,16.4,21.6,23.3,26.4,30.3,36.6,40.2,36.2,32.4,30.0,31.6,26.7,23.9,8.7
1104.0,주말,5,2521,목동,하행,9.6,14.8,20.9,33.2,41.8,42.1,41.5,43.8,41.6,37.0,35.7,36.2,29.4,21.0,15.8,12.9,11.3,12.2,7.7,0.0
1105.0,주말,5,2522,오목교,상행,5.8,10.0,7.8,11.1,14.9,15.8,17.8,23.7,25.8,29.3,33.2,41.6,45.4,41.4,36.4,34.6,35.9,30.3,27.6,10.8
1106.0,주말,5,2522,오목교,하행,10.8,15.4,21.3,33.9,41.6,42.7,43.7,47.6,44.0,43.4,40.1,41.4,35.0,25.0,19.2,17.4,15.0,15.1,9.1,0.0
1107.0,주말,5,2523,양평,상행,5.7,10.2,10.0,13.8,19.4,19.8,21.8,28.9,30.5,32.5,36.5,47.4,50.2,44.0,38.3,35.4,37.3,31.8,29.6,0.0
1108.0,주말,5,2523,양평,하행,11.0,15.7,22.0,34.5,42.8,43.9,45.0,49.5,45.6,45.6,40.9,42.7,36.3,25.6,19.4,17.8,15.7,15.3,9.2,0.0
1109.0,주말,5,2524,영등포구청,상행,5.8,10.5,10.2,13.8,20.2,20.0,22.6,27.9,32.2,33.4,38.0,48.6,50.7,46.3,39.0,36.7,37.7,33.3,32.1,0.0
1110.0,주말,5,2524,영등포구청,하행,8.6,12.6,16.7,26.5,33.1,33.4,34.9,37.7,35.0,34.6,31.2,30.7,26.6,18.8,14.0,12.9,11.1,11.0,7.6,0.0
1111.0,주말,5,2525,영등포시장,상행,3.0,7.5,7.7,9.8,13.7,15.1,17.2,21.4,25.7,26.7,30.0,39.2,40.6,35.8,28.9,28.1,29.0,24.4,21.9,0.0
1112.0,주말,5,2525,영등포시장,하행,8.8,12.7,16.5,25.8,32.2,32.5,34.3,36.7,34.4,34.7,32.5,32.4,27.8,20.0,15.2,13.8,12.8,11.7,7.5,0.0
1113.0,주말,5,2526,신길,상행,3.2,7.4,8.0,10.6,14.8,17.2,18.7,23.4,28.1,27.3,31.3,39.1,40.0,34.2,28.7,27.2,28.8,24.3,23.2,0.0
1114.0,주말,5,2526,신길,하행,9.4,14.0,16.8,27.9,35.2,35.8,38.1,39.8,37.8,36.4,34.8,34.5,30.2,21.5,16.4,13.7,13.0,12.1,7.3,0.0
1115.0,주말,5,2527,여의도,상행,2.7,7.8,8.4,10.6,15.0,17.3,19.8,24.9,29.0,30.4,33.9,43.5,42.9,36.3,32.0,31.0,30.8,25.8,19.2,0.0
1116.0,주말,5,2527,여의도,하행,7.6,11.4,14.0,22.8,29.0,30.1,32.2,35.7,35.1,35.0,34.2,37.8,34.4,25.4,20.4,19.0,17.2,14.3,8.8,0.0
1117.0,주말,5,2528,여의나루,상행,3.3,8.8,9.4,12.2,17.7,20.8,23.7,27.5,30.2,31.3,32.8,39.7,39.2,32.1,25.8,23.9,25.5,21.9,16.5,0.0
1118.0,주말,5,2528,여의나루,하행,7.2,10.7,12.5,20.8,27.4,28.3,31.8,35.4,34.8,35.3,35.8,40.6,36.8,29.0,23.8,24.2,19.8,16.0,9.4,0.0
1119.0,주말,5,2529,마포,상행,3.4,10.0,10.9,14.5,21.0,25.2,28.1,31.8,34.8,36.0,36.2,46.5,40.6,32.2,25.1,22.8,24.4,20.9,16.6,0.0
1120.0,주말,5,2529,마포,하행,7.2,10.4,12.2,20.4,26.3,29.1,32.4,35.8,36.1,35.4,35.8,40.2,36.3,29.2,23.3,23.7,19.8,16.5,9.2,0.0
1121.0,주말,5,2530,공덕,상행,3.1,10.2,11.2,14.7,20.8,25.7,28.2,31.4,34.6,35.6,36.6,46.6,41.3,32.9,25.3,22.8,24.0,21.3,17.2,0.0
1122.0,주말,5,2530,공덕,하행,6.3,9.8,11.9,19.5,26.4,29.8,32.8,34.8,36.0,33.4,33.5,35.8,32.6,24.8,20.8,19.7,17.4,14.6,8.5,0.0
1123.0,주말,5,2531,애오개,상행,3.0,9.4,9.7,13.2,18.5,22.1,25.5,28.7,30.0,32.4,33.8,43.5,39.1,31.3,24.6,22.1,22.9,20.5,16.7,0.0
1124.0,주말,5,2531,애오개,하행,4.7,9.5,11.6,19.0,25.9,29.8,33.8,34.8,36.3,33.7,34.1,34.9,32.2,24.3,20.4,19.0,17.3,13.9,8.5,0.0
1125.0,주말,5,2532,충정로,상행,4.2,8.8,9.7,13.1,18.0,21.3,24.5,28.0,29.4,32.2,36.3,41.4,39.0,31.4,25.0,22.8,23.1,20.4,17.1,1.5
1126.0,주말,5,2532,충정로,하행,4.7,9.4,11.3,18.9,24.9,29.0,33.1,34.2,35.6,32.8,33.0,34.0,31.1,23.5,20.0,18.4,17.0,13.4,9.0,0.0
1127.0,주말,5,2533,서대문,상행,4.0,8.6,9.4,13.0,17.6,20.9,23.8,27.3,28.6,32.0,34.8,40.6,37.8,30.3,23.2,23.4,22.6,19.6,15.4,1.8
1128.0,주말,5,2533,서대문,하행,5.2,9.4,11.1,18.4,24.2,28.3,33.0,33.7,35.0,34.3,33.9,35.0,31.7,24.6,20.0,18.2,17.0,13.8,8.8,0.0
1129.0,주말,5,2534,광화문,상행,3.9,8.9,10.0,13.6,18.6,21.4,24.4,28.0,28.8,31.4,34.0,40.7,37.1,29.4,22.8,23.0,22.8,19.7,14.9,0.0
1130.0,주말,5,2534,광화문,하행,5.1,7.8,9.9,15.2,19.9,24.3,27.6,29.9,32.9,35.0,35.9,39.0,36.2,28.4,23.4,23.0,21.2,16.3,9.6,0.0
1131.0,주말,5,2535,종로3가,상행,4.5,10.5,11.6,16.6,22.9,26.9,30.5,33.0,33.1,32.7,33.8,38.5,35.0,27.1,19.5,19.6,19.5,17.6,14.4,0.0
1132.0,주말,5,2535,종로3가,하행,2.6,8.1,9.1,12.1,15.4,18.6,20.4,23.9,25.8,29.6,32.4,37.9,37.0,29.1,25.0,24.8,23.3,19.1,12.8,0.0
1133.0,주말,5,2536,을지로4가,상행,3.9,10.4,11.9,18.2,25.6,28.6,33.3,33.5,34.0,31.2,31.1,34.0,29.4,22.3,16.6,15.6,15.5,14.8,11.3,0.0
1134.0,주말,5,2536,을지로4가,하행,2.8,7.5,8.4,11.0,14.3,16.6,18.1,21.0,23.8,27.2,30.6,35.7,35.2,29.2,24.6,24.3,22.8,18.3,12.9,0.0
1135.0,주말,5,2537,동대문역사문화공원,상행,3.9,10.4,12.2,18.2,24.4,28.2,31.7,32.2,31.7,28.3,28.6,31.5,26.4,19.9,14.2,13.9,14.2,13.5,10.2,0.0
1136.0,주말,5,2537,동대문역사문화공원,하행,3.8,8.0,9.2,11.3,15.2,17.0,17.6,21.8,24.6,28.4,32.7,38.4,37.7,31.8,27.6,27.4,25.0,21.9,15.3,0.0
1137.0,주말,5,2538,청구,상행,4.7,10.4,12.6,21.2,26.8,31.1,35.0,35.5,36.3,31.4,30.9,33.0,27.6,20.7,15.0,16.0,15.3,14.0,8.8,0.0
1138.0,주말,5,2538,청구,하행,6.2,10.4,10.9,12.8,17.8,19.4,20.4,24.3,27.2,31.7,35.5,42.9,41.1,35.5,31.7,30.4,28.5,24.1,19.4,0.8
1139.0,주말,5,2539,신금호,상행,5.2,10.8,14.0,23.4,29.4,34.5,38.8,39.8,40.5,36.8,35.8,36.8,31.5,23.0,17.2,18.7,17.9,16.4,10.6,0.0
1140.0,주말,5,2539,신금호,하행,6.8,10.5,10.8,12.9,18.0,19.4,20.7,24.6,27.1,31.7,34.8,42.2,40.0,34.6,31.0,29.6,27.6,23.6,18.5,0.6
1141.0,주말,5,2540,행당,상행,5.0,10.6,13.7,23.2,28.8,34.2,38.0,39.3,40.1,36.1,35.8,36.9,31.8,23.1,17.6,19.2,18.4,16.9,11.4,0.0
1142.0,주말,5,2540,행당,하행,8.0,11.2,11.3,13.4,18.8,20.2,21.8,25.2,27.9,31.4,34.8,41.9,39.6,34.2,29.6,28.8,26.9,22.8,18.8,0.4
1143.0,주말,5,2541,왕십리,상행,4.8,10.2,13.5,22.4,28.4,32.9,37.2,38.0,38.6,36.1,35.5,37.0,31.8,23.4,18.2,20.0,19.5,17.2,10.8,0.0
1144.0,주말,5,2541,왕십리,하행,5.3,14.0,12.4,15.2,21.2,23.0,25.6,29.7,33.7,38.4,44.8,50.9,51.1,46.1,39.8,39.1,39.6,35.9,28.1,0.0
1145.0,주말,5,2542,마장,상행,8.2,13.4,19.7,31.1,38.6,43.7,49.0,49.5,50.1,46.2,45.4,46.2,39.0,27.9,20.6,22.6,22.5,19.1,12.0,0.0
1146.0,주말,5,2542,마장,하행,2.8,13.9,12.6,15.2,21.1,22.9,25.2,28.6,33.6,37.8,44.2,49.6,49.8,44.9,39.2,38.2,38.8,35.2,27.5,0.0
1147.0,주말,5,2543,답십리,상행,8.1,13.3,19.4,30.5,37.9,42.5,48.0,48.9,48.5,45.2,44.4,45.9,38.3,27.6,20.1,22.9,22.3,18.5,12.4,0.0
1148.0,주말,5,2543,답십리,하행,5.2,14.8,13.2,16.2,22.2,23.3,25.2,29.3,33.6,36.8,43.3,48.7,50.1,42.0,36.7,36.3,36.9,32.8,27.4,2.2
1149.0,주말,5,2544,장한평,상행,6.7,12.8,18.6,28.9,35.2,41.0,45.4,47.2,47.6,43.1,43.0,44.5,37.2,27.1,20.0,23.4,23.2,19.2,11.7,0.0
1150.0,주말,5,2544,장한평,하행,7.2,14.4,13.4,16.7,23.4,23.8,25.3,29.2,33.6,37.7,42.5,48.7,49.3,41.3,37.7,33.6,34.4,30.6,25.0,1.7
1151.0,주말,5,2545,군자,상행,6.0,13.1,18.2,28.9,33.6,40.2,44.1,46.6,46.1,41.9,41.8,42.9,36.2,27.6,20.4,24.4,23.7,20.3,13.1,0.0
1152.0,주말,5,2545,군자,하행,7.2,20.1,17.2,24.0,33.8,32.8,35.3,36.8,42.3,46.6,53.0,58.5,57.2,45.6,43.1,36.4,39.8,33.1,30.7,0.0
1153.0,주말,5,2546,아차산,상행,9.2,15.2,21.4,34.5,40.2,46.3,50.7,53.7,53.8,49.8,50.5,53.1,45.5,35.9,27.4,32.4,31.7,27.2,15.8,1.8
1154.0,주말,5,2546,아차산,하행,7.6,20.2,17.2,24.6,30.9,31.2,33.4,35.2,41.3,43.8,50.2,55.2,55.0,44.5,41.3,34.6,37.8,31.0,28.3,0.0
1155.0,주말,5,2547,광나루,상행,8.4,13.2,20.4,32.3,38.9,43.4,48.4,51.4,49.9,49.0,46.8,49.7,43.5,33.2,24.4,31.6,32.2,27.2,14.6,0.0
1156.0,주말,5,2547,광나루,하행,7.9,22.0,15.4,22.9,29.7,31.1,32.1,34.7,41.3,43.2,48.8,53.3,53.5,43.9,39.3,34.2,37.0,29.2,28.2,4.0
1157.0,주말,5,2548,천호,상행,8.1,12.7,20.6,31.0,39.2,42.7,46.6,50.1,47.1,45.3,46.3,48.2,42.9,32.2,24.2,29.8,29.2,26.0,14.4,0.0
1158.0,주말,5,2548,천호,하행,6.3,18.3,12.9,18.1,23.5,24.6,26.2,30.1,35.5,38.2,44.9,47.3,51.1,43.2,36.1,35.6,32.6,32.3,25.1,3.8
1159.0,주말,5,2549,강동,상행,7.4,11.7,21.0,28.8,40.4,43.7,42.8,51.7,44.6,44.3,44.2,42.5,39.8,25.4,21.0,23.8,24.9,21.8,9.2,0.0
1160.0,주말,5,2549,강동,하행,2.9,12.7,14.6,21.8,25.4,26.3,27.9,31.8,37.4,39.0,46.4,49.3,50.6,42.4,36.3,35.0,31.7,31.3,22.8,2.7
1161.0,주말,5,2550,길동,상행,11.5,17.7,30.5,44.4,56.0,63.0,62.8,67.0,62.7,56.9,55.8,54.9,48.4,34.0,24.1,20.0,21.6,21.2,11.0,0.7
1162.0,주말,5,2550,길동,하행,4.3,14.1,13.5,22.3,27.9,28.1,28.6,31.6,41.2,41.6,49.1,55.2,63.6,56.2,46.4,45.2,44.6,40.4,35.9,4.3
1163.0,주말,5,2551,굽은다리,상행,10.4,15.7,28.6,42.0,52.9,59.0,58.8,62.4,57.9,52.5,52.6,51.6,45.0,31.8,22.2,18.3,20.8,20.8,9.0,0.0
1164.0,주말,5,2551,굽은다리,하행,4.6,13.6,12.5,20.5,26.2,26.0,25.8,29.8,37.5,36.6,43.2,49.2,56.5,50.0,41.2,39.5,39.1,37.1,32.1,3.4
1165.0,주말,5,2552,명일,상행,8.5,13.9,25.6,36.9,46.9,52.1,52.3,56.1,51.3,47.1,47.0,45.7,40.5,27.5,20.6,16.8,18.8,20.0,8.7,0.0
1166.0,주말,5,2552,명일,하행,4.7,13.0,11.8,17.9,24.6,23.7,23.1,29.2,33.3,33.4,39.5,43.6,48.8,46.4,37.2,35.6,34.9,32.6,26.0,2.8
1167.0,주말,5,2553,고덕,상행,7.6,13.1,22.6,34.4,43.1,46.5,46.2,49.4,44.5,41.7,43.2,41.9,37.8,25.9,19.2,16.4,17.3,19.0,8.8,0.0
1168.0,주말,5,2553,고덕,하행,3.9,10.6,10.2,15.2,21.8,21.0,20.7,26.0,28.8,28.9,35.4,39.2,43.0,41.0,33.2,31.7,31.6,28.7,24.1,2.1
1169.0,주말,5,2554,상일동,상행,5.1,13.4,20.1,31.2,39.3,42.4,40.6,43.0,39.2,36.2,37.7,36.4,30.0,23.1,16.2,14.4,15.3,16.2,8.4,0.0
1170.0,주말,5,2554,상일동,하행,3.2,8.0,8.1,12.9,19.7,18.3,18.2,21.7,22.7,23.5,27.8,29.9,32.6,31.9,25.6,23.6,22.8,21.3,17.0,0.0
1183.0,주말,5,2555,둔촌동,상행,5.5,11.6,16.4,24.2,30.2,36.2,36.6,44.0,43.7,39.7,49.2,46.4,39.7,32.4,28.2,41.1,47.4,34.0,14.9,0.0
1184.0,주말,5,2555,둔촌동,하행,4.2,11.8,18.9,24.6,26.4,30.6,31.4,35.8,38.8,42.1,47.3,50.9,41.3,31.5,27.6,22.7,23.5,19.7,17.2,0.0
1185.0,주말,5,2556,올림픽공원(한국체대),상행,5.0,11.4,16.1,22.2,27.8,32.7,32.8,40.6,39.9,36.6,44.4,42.6,36.0,30.2,29.2,38.3,49.9,32.5,14.8,0.0
1186.0,주말,5,2556,올림픽공원(한국체대),하행,3.5,9.5,16.0,20.1,21.1,23.3,21.4,25.9,28.0,26.4,31.7,33.6,29.6,30.8,28.1,25.8,28.2,20.7,17.0,0.0
1187.0,주말,5,2557,방이,상행,5.8,10.4,16.2,23.9,29.4,34.0,32.3,39.0,39.2,33.4,35.2,36.3,29.0,23.7,17.2,15.8,17.0,20.4,10.6,0.0
1188.0,주말,5,2557,방이,하행,3.4,8.4,13.2,17.2,17.1,19.8,19.2,22.9,24.9,23.3,27.4,30.2,26.5,27.2,25.4,23.6,27.5,20.2,15.1,0.0
1189.0,주말,5,2558,오금,상행,5.1,9.5,14.3,21.9,27.2,31.2,29.5,34.7,35.0,28.2,30.6,32.5,25.2,21.3,15.1,13.2,12.2,13.6,8.8,0.0
1190.0,주말,5,2558,오금,하행,1.2,6.0,7.5,11.8,11.9,14.3,13.9,17.0,19.4,20.0,22.8,26.7,23.8,26.8,22.7,20.2,22.0,20.0,15.7,0.0
1191.0,주말,5,2559,개롱,상행,6.6,9.9,14.8,22.6,27.6,29.1,26.0,29.2,28.6,24.0,24.0,24.6,18.2,13.9,9.0,8.3,6.2,6.6,3.3,0.0
1192.0,주말,5,2559,개롱,하행,0.8,4.2,4.6,7.9,8.4,10.3,10.0,12.3,13.4,13.9,15.5,20.0,17.0,19.6,16.2,15.8,15.3,15.3,11.4,0.0
1193.0,주말,5,2560,거여,상행,5.0,7.6,11.8,17.4,20.9,21.4,19.5,21.9,20.6,18.0,16.8,17.2,12.4,10.0,6.7,5.8,4.3,4.9,2.2,0.0
1194.0,주말,5,2560,거여,하행,0.4,1.8,2.1,3.3,4.9,5.6,4.8,5.5,6.2,6.3,6.8,8.9,6.8,8.4,7.0,6.5,6.4,6.8,4.6,1.3
1195.0,주말,5,2561,마천,상행,2.6,3.7,6.1,8.1,9.2,9.4,8.3,9.4,8.2,7.8,7.6,7.4,5.4,4.4,2.7,2.1,1.6,1.9,0.9,0.0
1171.0,주말,5,2562,강일,상행,8.9,14.0,14.9,23.7,29.2,31.2,29.6,31.3,30.4,27.5,28.7,29.8,24.6,19.2,13.9,13.2,14.8,16.0,6.2,0.0
1172.0,주말,5,2562,강일,하행,2.6,6.2,7.4,11.7,18.0,17.4,17.0,20.0,20.9,21.4,24.5,26.1,28.9,27.8,22.7,20.1,19.5,18.0,21.3,0.0
1173.0,주말,5,2563,미사,상행,7.7,12.2,12.2,20.0,24.1,25.6,24.6,26.1,26.6,23.7,25.5,27.0,22.6,17.6,13.2,12.6,14.9,16.1,6.4,0.0
1174.0,주말,5,2563,미사,하행,2.4,4.2,5.5,8.3,13.4,12.5,11.9,12.3,13.6,13.8,14.8,14.9,16.1,15.5,11.8,10.8,11.4,10.6,11.8,0.0
1175.0,주말,5,2564,하남풍산,상행,4.8,7.5,7.3,11.4,14.6,14.8,14.9,15.6,16.6,14.9,16.6,17.2,15.3,13.2,9.4,7.8,8.8,8.2,2.2,0.0
1176.0,주말,5,2564,하남풍산,하행,0.0,3.2,3.7,6.5,10.6,10.1,9.8,10.3,11.6,11.9,12.3,13.4,13.6,13.0,9.9,9.5,9.2,9.4,9.7,0.0
1177.0,주말,5,2565,하남시청,상행,4.1,6.2,6.2,9.8,12.6,12.8,12.1,13.1,13.7,12.2,13.5,14.0,13.0,10.9,7.7,6.5,7.1,7.5,2.0,0.0
1178.0,주말,5,2565,하남시청,하행,0.0,1.4,2.2,4.0,7.9,6.9,6.2,6.8,6.9,6.8,6.6,6.8,6.4,5.8,4.7,3.8,4.0,4.2,1.6,1.2
1179.0,주말,5,2566,하남검단산,상행,1.8,2.6,2.7,4.8,5.6,5.9,5.3,6.2,6.7,6.4,7.2,7.9,7.8,6.8,4.4,4.0,4.8,5.0,1.1,0.0
