연번,평일주말,호선,역번호,역명,구분,5:00,6:00,7:00,8:00,9:00,10:00,11:00,12:00,13:00,14:00,15:00,16:00,17:00,18:00,19:00,20:00,21:00,22:00,23:00,0:00
1,평일,4,409,당고개,하행,2,4.2,9.8,9.1,5.6,3.8,3.7,3.2,3.2,3,2.8,2.6,2.5,2.2,1.7,1,1,1.6,0.8,0
2,평일,4,410,상계,상행,0,3.2,2.2,1.6,1.2,1.6,1.8,2.4,2.5,2.8,3.4,4.2,5.6,6.9,4.7,3.2,3.2,4.2,4.1,0
3,평일,4,410,상계,하행,5.6,10.9,23.6,22.7,13.4,8.4,8,7.4,7,6.4,6.2,6.4,5.6,4.8,3.4,2.5,3.2,5.1,2.4,0
4,평일,4,411,노원,상행,0,6.3,4.8,3.6,2.9,3.4,4,5.4,5.8,6.2,8.4,10,13.9,17,12.4,8,7.8,10,10.3,0
5,평일,4,411,노원,하행,6.2,17.5,35.2,36.6,20.7,13.5,13.4,13.2,12.8,11.4,12.2,11.9,11.2,10.6,8,6.9,8.6,13.4,13.2,0
6,평일,4,412,창동,상행,0,11.7,10.1,9.1,7.6,7.6,8.1,10.6,11.6,12.1,15.1,18,27.2,32.5,21.2,13.4,12.8,17,17.1,0
7,평일,4,412,창동,하행,7.4,18.8,38.6,58,35.3,22.1,20.6,20,19.2,17.1,17.9,18,13.6,14.2,10.6,8.8,9.6,16.3,14.9,0
8,평일,4,413,쌍문,상행,0,16,13.7,12.1,10.4,10.4,12.8,15.1,17,17.7,22.6,27.7,43.4,51.5,33.8,21.6,20.4,28.2,27.6,0
9,평일,4,413,쌍문,하행,12.2,24.7,50.7,77.8,45.8,28.7,24.7,23.5,22.8,18.8,19.8,19.4,14.8,15,10.6,8.6,10,15.6,14,0
10,평일,4,414,수유,상행,16.8,12.8,12.8,11.6,10.2,10.6,13.4,16,18.6,20.2,26.4,32.6,52.2,64.4,44.3,27.4,25.8,36.4,33.9,0
11,평일,4,414,수유,하행,15.2,30.2,59.7,93,53.2,33.4,28.4,27.4,25.8,21.6,21.6,21.5,16.7,15.8,10.9,8.4,9.9,14.4,13.6,0
12,평일,4,415,미아,상행,15.8,13,12,12,10.8,11.6,14.7,17.4,19.8,22.6,30.6,37.2,60.7,75.2,54,32.5,30.6,51,35.4,0
13,평일,4,415,미아,하행,16.8,30.2,62.9,95.4,54.8,35.2,30.5,28.8,26.8,22.9,22.2,23.6,17.5,16.8,11,8.6,10,14.8,13.4,0
14,평일,4,416,미아삼거리,상행,15.9,13.4,13.2,13.8,12.4,13,15.9,19.9,21.5,25.9,34,41.8,65.4,81.6,58.5,35.9,33.6,57.7,39.8,0
15,평일,4,416,미아삼거리,하행,21.2,33.7,70.4,109.2,60.6,38.4,33.4,31,28.8,24.5,24.2,24.8,18.5,17.6,11.6,9.1,10,14.2,13,0
16,평일,4,417,길음,상행,16.2,14.7,12.6,14.9,13.6,15.1,18,22,24.5,29.4,39.9,46.4,74.4,96.9,64.1,42.8,38.6,67.2,45,0
17,평일,4,417,길음,하행,26.4,35.9,77,119.6,66.8,42,35.8,33.4,30.4,26.8,25.5,26.8,19.9,18.4,12,9.9,10,14.2,12.3,0
18,평일,4,418,성신여대입구,상행,10,15.2,12.4,15.6,14.8,16.4,19.5,24,27.4,31.2,44.3,50.3,84.4,105,69.1,46,43.1,71.6,50.8,0
19,평일,4,418,성신여대입구,하행,27.4,38.6,82.2,128.8,74.9,46.4,37.6,36.8,33.9,28.6,28.6,29.8,22.7,20.9,14,11,11.8,17.8,13.8,0
20,평일,4,419,한성대입구,상행,9.9,16.1,13.2,17.4,16.4,17.5,22.5,26.2,29.6,34.6,47.6,55.6,90.4,113.7,74.2,48.2,47.8,77.6,48.2,0
21,평일,4,419,한성대입구,하행,21.8,39.8,80.1,132,78.2,48.2,39,39.2,34.4,31.2,28.8,32,24.4,22.8,14.8,11.7,12.7,19,14.4,0
22,평일,4,420,혜화,상행,9.6,16.5,15.4,19.6,18,18.7,23.7,28.2,31.1,36.2,49.4,56.6,94.3,114.2,77,50.9,49.4,83.5,51.9,0
23,평일,4,420,혜화,하행,22.4,38.4,76.4,124.9,77.8,49.7,41.2,41.4,36.2,34.7,35.4,39.4,31.8,30.2,18.4,16.4,22.2,35.2,21,0
24,평일,4,421,동대문,상행,8.8,20.6,19.9,29.4,25.5,22.8,27.8,32.6,39.6,41.8,51.6,60,97.4,116.7,75.5,50.6,47.6,75.3,53.5,0
25,평일,4,421,동대문,하행,22.6,36.2,70.8,119.6,75.2,46.3,40.8,40,37.1,35.8,36.2,42.6,35.4,32.5,18.5,16.3,20.8,33.9,23.6,0
26,평일,4,422,동대문역사문화공원,상행,6.8,22,22.4,31.6,28.6,25.6,30.1,34.6,41.1,42.4,52,57.8,91.1,112.5,74.8,48.4,46.2,77.5,53,0
27,평일,4,422,동대문역사문화공원,하행,16.4,24.1,46.6,82.2,55.2,35.6,31.7,31.5,28.8,28.4,28.6,32.6,27,25.7,14.2,12.6,15.8,25.4,16.6,0
28,평일,4,423,충무로,상행,5.2,16.7,17.1,28,24.2,21.6,25.6,29.4,33.2,37,39.8,46.2,71.3,83.2,52.2,34.5,34.4,53.6,37.2,0
29,평일,4,423,충무로,하행,14.2,17.4,33.5,58.7,40.8,27.9,27.4,27,24.8,25.2,26.9,29,28.4,28.8,16.6,12.5,16.4,27.2,16.8,0
30,평일,4,424,명동,상행,4.9,17.4,18.8,32.2,27,22.2,25.4,28.7,30.8,33.9,35,40.4,60,65.6,40,26.6,26.2,40.3,29.5,0
31,평일,4,424,명동,하행,13.5,16.1,29.8,49.4,34.9,24.2,24.9,24.5,23.6,23.7,26.2,29.5,29.8,33.2,18.2,14.3,18.2,29.2,17.4,0
32,평일,4,425,회현,상행,4.8,18.2,21.6,39.2,29.8,24,26.2,29.4,30.2,31.4,31.8,38.8,54.4,58.2,35.2,24.1,23.2,37,28.1,0
33,평일,4,425,회현,하행,6.7,15.6,24.8,38.2,25.4,17.8,19.4,20.9,21.3,22.6,25.7,32.3,33.4,38.8,19.5,16,19.6,28.7,20.6,0
34,평일,4,426,서울역,상행,4.2,19.2,24.5,45.2,34.2,27.2,28.4,29.4,29.8,27.7,27.6,31.5,44.6,48.6,31.6,20.2,23,34.4,27.3,0
35,평일,4,426,서울역,하행,6.4,10,15.4,24.4,17.1,13,14.8,15.8,16.4,17.7,20.2,25.8,29.3,36.2,18.8,14,17.9,25,19,0
36,평일,4,427,숙대입구,상행,7.1,18.2,24.3,45,29.5,22.2,22,23.7,24,22.9,22,25,32.6,37,23.2,15,17,27.4,19.3,0
37,평일,4,427,숙대입구,하행,7.9,9.6,14.2,22.2,15.6,12.4,13.8,15.7,15.8,17.8,20.2,25.9,29.6,36.6,19.4,14.2,18.3,25.2,18.6,0
38,평일,4,428,삼각지,상행,6.8,17.8,25.7,47,28.3,23.6,22,23.6,23.3,22.8,20.8,24.6,31.4,35.3,22.6,14.7,16.4,25.8,18.8,0
39,평일,4,428,삼각지,하행,8.6,10.8,17,27.1,18.8,13.7,14.8,16.2,16.8,18.4,20.5,27.2,31.3,40.6,19.5,15.2,19.9,29.4,20.3,0
40,평일,4,429,신용산,상행,7,18.4,27.4,46.8,32.2,24.7,23.1,25,23.5,25.2,22.2,26.2,34.2,39.7,24.8,16.4,18.1,28.8,18.2,0
41,평일,4,429,신용산,하행,8.7,10.2,14.9,20.8,13.8,11.8,13.7,15.4,16.2,17.8,20.6,27.6,33.2,44.1,21.2,16.5,21.6,31.1,21,0
42,평일,4,430,이촌,상행,7.2,18.5,30.9,50.2,37,24.8,25,24.9,23.5,24.2,21.4,26.8,30.6,35,22.5,15,16.4,28.2,17.2,0
43,평일,4,430,이촌,하행,16.4,12.8,18,24.1,16.2,13,14.8,16.8,17.4,18.8,21.9,30.1,35.4,44.9,24.2,18.4,20.5,32.2,23.4,0
44,평일,4,431,동작,상행,6.9,21,34,54.4,32.4,25.2,25.2,25.3,26.1,24.7,22,29.8,32.2,39.8,24.6,15.3,19.2,30.2,21.6,0
45,평일,4,431,동작,하행,0,14.2,17.7,25.3,16.2,13.6,15.6,17.4,17.8,19.2,22.4,31.4,38.8,49.4,28,19,23.8,31.9,27.8,0
46,평일,4,432,총신대입구,상행,8,24,36.6,62.6,35.2,26.2,25.8,26.4,26.3,24.4,23.4,30.3,33.3,38.4,24,16,19.9,30.2,22.4,0
47,평일,4,432,총신대입구,하행,0,17.8,20,26.6,16.8,14,16.1,18.4,17.5,19.2,22,31.1,39.6,48.5,30.2,20,24.4,32.8,27.3,0
48,평일,4,433,사당,상행,7.4,24,37.1,63.6,39.4,26.6,27.5,27.6,25.2,26.5,25.9,32.8,33.4,41.7,23.6,16.2,20,30.8,15.4,0
49,평일,4,433,사당,하행,4.6,14.8,16.4,22.5,11,11.6,9.4,12.3,14.2,13,16.7,25,28.4,41.4,25.6,17.9,22.6,29.4,15.8,0
50,평일,4,434,남태령,상행,9.6,33.4,73.8,98.5,77.3,50.7,47,38.8,47.4,35.6,38.2,43.6,55.6,72.1,38.6,24.4,22.3,23.8,14.2,0
51,평일,4,434,남태령,하행,7.7,23.3,35.8,41.5,20.2,19.7,20.6,20.2,26.4,23.6,33,38.3,60.1,76,49.2,39,30.6,46,14.8,0
52,주말,4,409,당고개,하행,1,1.3,2.2,3.5,4.5,4,3.9,4,3.4,3,3.1,3.3,3.2,2.2,1.6,1,1,1.2,0.5,0
53,주말,4,410,상계,상행,0,2.3,1,2,2.8,2.8,2,2.1,2.1,2.3,2.6,2.8,3.3,3.6,3.1,3.2,3,2.9,2.2,0
54,주말,4,410,상계,하행,2.7,3.3,5.8,8.4,10,9.2,8.6,8.7,7.2,6.4,6.8,6.6,6.8,5.2,3.6,2.7,2.4,3.1,1.4,0
55,주말,4,411,노원,상행,0,4.6,2.2,4.1,5.8,5.2,4.3,4.6,4.8,5.1,5.8,6.8,7.6,8.3,7,7.1,7.1,6.6,5.4,0
56,주말,4,411,노원,하행,3.3,5.6,8.5,13.3,15,14.5,14.1,13.7,13,11.1,11.6,12,13,10,7.8,7.1,6.1,8.4,3.7,0
57,주말,4,412,창동,상행,0,7.8,4.4,7.9,10.9,9.4,9,10.1,10.1,10,11.4,12.6,15.2,15.6,13,12.8,11.8,11,9.2,0
58,주말,4,412,창동,하행,4.8,9.1,12.8,22.2,23.7,24,20.8,19.7,20.4,17.2,18.1,18.2,20.3,15.7,11.5,9.5,8.3,10.8,8.6,0
59,주말,4,413,쌍문,상행,0,11.2,6.8,11.5,16.1,14.2,14.6,14.6,15.1,15.4,17.1,19.2,22.8,23.7,19.8,21.2,20.6,18.2,14.5,0
60,주말,4,413,쌍문,하행,7,12.2,17,28.7,30.6,30.1,25.9,24.3,24.1,20.1,20.4,20.1,21.8,16.4,12.1,9.6,8.4,10.2,8,0
61,주말,4,414,수유,상행,11.1,10,7,11.6,15.4,14.6,14.6,15.5,16,17.6,19.7,22.7,26.8,29.2,24.6,25.9,26.1,23.2,18.3,0
62,주말,4,414,수유,하행,9.8,14.7,19.7,33.5,36.4,33.8,31.5,28.1,27.7,23.6,22.9,23.1,22,19,12.4,9.4,9,10.6,7.9,0
63,주말,4,415,미아,상행,10.1,10.4,7,11.8,15.4,14.4,15.6,16.6,17.4,19.5,22.7,26.2,31.7,33.1,31.2,30.8,32,28,22.6,0
64,주말,4,415,미아,하행,11,16,21.2,35.4,38.9,35.7,34.1,29.4,28.6,24.8,23.8,23.8,22.6,19.3,12.7,9.5,9.1,10,7.7,0
65,주말,4,416,미아삼거리,상행,10.8,11,7.4,12.6,15,16,16.6,18.5,18.5,20.5,24.8,29.2,35.6,35.3,34.8,34.4,34.5,29.9,26.2,0
66,주말,4,416,미아삼거리,하행,12.6,18.1,23.9,39.2,42.2,39,37.4,32.1,32,27.3,25.8,25.8,24.5,20.4,13.6,10.7,9.7,9.7,8,0
67,주말,4,417,길음,상행,12.4,11.9,8.1,13.1,15.9,18,19.7,20.6,21.5,24,28.8,35,40.2,41.5,38.6,38.2,39.7,34.2,30.9,0
68,주말,4,417,길음,하행,14.6,19,24.8,39.7,45.8,43.6,41.2,34.5,34.4,29.7,27.9,28,27.2,21.4,14.6,11.6,9.7,9.4,7.8,0
69,주말,4,418,성신여대입구,상행,7.5,11.6,8.7,15.4,17.6,18.7,21.4,21.9,24.3,25.4,31.2,37.1,43.2,46.6,40.6,39.6,46.1,37.6,34.4,0
70,주말,4,418,성신여대입구,하행,15.7,20.6,27.2,43.2,50.5,47.6,46,38,38.7,33.2,31.2,30.9,31,23.9,16.6,13,11.7,11.8,8.8,0
71,주말,4,419,한성대입구,상행,7.2,12.5,9.4,16.6,18.9,20.2,23.3,23.5,26.6,27.7,33.9,41.4,47.8,49.2,45.6,43.6,50.7,41.3,35.4,0
72,주말,4,419,한성대입구,하행,12.5,21.3,28,44.5,51.8,49.3,47.7,39.5,40.3,35,32.8,32.6,32.7,25.8,17.4,13.7,12.3,12.4,10.5,0
73,주말,4,420,혜화,상행,7,13.3,10.1,17.6,20.2,22.2,24.4,25.6,27.7,29.5,35.7,43.3,48.2,53.7,47.9,45.7,52.6,43.2,35.9,0
74,주말,4,420,혜화,하행,13.6,21.1,26.2,43.3,51.3,47.9,49.5,40.1,39.2,37,36.5,38.4,40.3,33.9,25.9,23.1,23.6,19.8,17.8,0
75,주말,4,421,동대문,상행,6.9,15.8,11.4,18.9,24,27,30,35.7,37.7,40.5,43.1,49.1,53.4,55,50.2,48.5,46.5,41.4,36,0
76,주말,4,421,동대문,하행,13.9,20.4,25.5,41.8,49.8,46.1,47.6,39.5,38.8,37.6,38.1,40.1,42.2,36.3,25.6,23.5,23.6,19.8,16.8,0
77,주말,4,422,동대문역사문화공원,상행,5.5,15.3,12,20,25.4,29.2,32.8,38,39.4,41,43,48.4,52.1,54,49.7,48,46,41.3,36.6,0
78,주말,4,422,동대문역사문화공원,하행,10.4,14.3,18.5,30.6,37.6,33.6,37.6,30.1,29,29,30.4,30.7,32.4,30,21,18.4,18.7,14.8,12.4,0
79,주말,4,423,충무로,상행,4.3,10.6,10.3,18.2,20.4,26.8,30.8,33,33.2,35,35.8,39.3,43,41.7,38.5,36.5,33.6,29.7,24.7,0
80,주말,4,423,충무로,하행,9,10.9,14.2,20.2,29.7,27.8,32.4,26.5,25.6,25.8,28.5,28.7,31.1,28.7,20.3,17.4,17.6,14.4,12,0
81,주말,4,424,명동,상행,3.6,10.1,9.7,17.8,20,26.6,30.7,31.9,31.3,32,33.2,35,37.8,36.4,31.7,30.8,28.4,24.8,21.2,0
82,주말,4,424,명동,하행,8.8,10.2,13.3,18.5,27.4,24.9,28.5,23.7,23.1,23.8,26.7,27.6,30.2,28.8,21.2,18.9,19,15.4,12.2,0
83,주말,4,425,회현,상행,3.4,10.3,9.9,18.4,21.1,28.4,32.3,32.2,32.5,32.2,32.2,33.4,35.8,33.6,28.7,27.3,25.4,22.8,20.6,0
84,주말,4,425,회현,하행,5.4,10.6,11.7,15.9,22.2,20,24.2,20.9,21.6,22.7,25.6,29.2,30.9,31.3,22.4,21,19.6,15.6,14.2,0
85,주말,4,426,서울역,상행,3.2,9.9,10.3,19.6,24.3,32.1,34.1,33.5,32.7,31.9,29.7,33.1,31.1,31.3,26.6,23.9,24.6,23.4,18.6,0
86,주말,4,426,서울역,하행,4.8,6.6,6.8,10.6,15.1,14.9,17.1,16.4,16.3,16.6,18.6,21.7,23.3,23.2,16.8,14.5,15.8,13.3,13.5,0
87,주말,4,427,숙대입구,상행,3.6,10.2,9.8,15.9,20.2,25.3,26.7,26.4,25.8,26.4,23.3,26.7,24.8,24.3,20.3,18.3,16.7,17.3,16.2,0
88,주말,4,427,숙대입구,하행,5.6,6.4,6.2,10,14.9,14.6,16.8,16.2,16,16.5,18.4,21.2,23,23,16.5,14.5,16,13.4,12.8,0
89,주말,4,428,삼각지,상행,3.4,10.2,10,16.1,20.1,25,26.4,25.7,25.4,24.4,23.7,26.9,25.2,23.6,20.1,17.9,16,16.5,16,0
90,주말,4,428,삼각지,하행,7.6,7.2,7,11.3,17.1,16.2,17.9,17.1,16.6,17.3,19.2,22,24.8,24,17.7,15.3,17.5,15.6,15.6,0
91,주말,4,429,신용산,상행,3.3,10.4,10.3,16.6,20.8,26.4,28,27.8,27.6,25.9,25.3,28.6,27.4,26.2,21.6,19.4,17,17.2,16.5,0
92,주말,4,429,신용산,하행,7.7,7,5.9,10.5,15.4,14.9,16.6,16.3,15.8,16.5,18.9,21.8,24.8,24.4,18.1,16.4,19,16.2,15.9,0
93,주말,4,430,이촌,상행,3.4,9.8,11.5,17.6,22.2,26.5,29.6,27.4,27.6,27.6,25.9,27.2,27.3,26,18.9,18.2,15.7,15.2,16.7,0
94,주말,4,430,이촌,하행,11.1,7.3,7,12.3,17.3,17.5,19.1,18.6,17.3,18.1,20.9,23.9,27.5,27,19.8,17.6,20.6,17.4,18.2,0
95,주말,4,431,동작,상행,4,10.5,12.5,19.4,24.5,28,30.4,30.3,29.4,28.4,27.4,29.9,29.1,27.6,20.7,20,17.3,17,19.1,0
96,주말,4,431,동작,하행,0,9.4,6.9,11.6,18.5,18.7,19.6,19.1,17.6,18.6,21.2,25,28.5,28.4,21.1,19,21.2,19.6,16.8,0
97,주말,4,432,총신대입구,상행,6.2,10,13.2,21.2,25.2,31.7,31.2,29.5,30.1,29.9,27.9,30.6,28.5,28.8,22.2,18.2,17.4,17.4,19.6,0
98,주말,4,432,총신대입구,하행,0,10.7,7.8,13.1,21.7,20.9,21.4,20.4,19.4,19.6,21.3,25.2,28.9,28.6,21.6,20.2,22.5,19.8,17.5,0
99,주말,4,433,사당,상행,6,11,13.4,21.7,26.2,34.6,31.9,28.9,31.2,32,29.5,30.1,32.6,31.9,24.9,18,18,18.6,18.4,0
100,주말,4,433,사당,하행,3.2,7.4,5.6,11.7,21,22.6,16.3,14.2,14.3,16,15.9,17.1,19.4,21.4,16.4,14.9,17.5,15.8,14.5,0
101,주말,4,434,남태령,상행,6,19.2,22.4,34.6,45.9,53.4,49.5,48.4,47.8,43.9,48.1,49,50.1,61.3,33.8,24.2,22.8,21.4,13,0
102,주말,4,434,남태령,하행,3.2,14,10.4,19.5,40.6,38.2,33,28.3,26,25.3,29.8,31.2,33.4,35.8,27.8,27.4,32.3,29.6,28.9,0
103,평일,4,409,당고개,상행,0,3.1,2.5,3.1,1.7,1.5,1.6,3.6,3,3,4,5.7,7.2,9.6,5.5,4.1,2.8,3.3,4.2,2
104,평일,4,409,당고개,하행,2.2,7.1,15.5,17.1,11.8,6.3,7.1,6.4,7,5.2,5.2,5.6,6.2,5.2,2.8,1.9,2.1,1.8,1.5,0.4
105,평일,4,410,상계,상행,0,5.5,4.4,3.8,2.8,3.4,2.5,5.4,4.7,5.4,6.6,8.4,11.7,14.1,8.7,6.4,5.2,5.7,6.2,2.8
106,평일,4,410,상계,하행,4.8,14.3,28.8,31.2,18.8,13.2,11.9,11.4,10.4,9.2,8.9,9.6,9,8,4.4,3.4,4,4.1,2.7,0.6
107,평일,4,411,노원,상행,0,8.3,7.2,5.9,4.6,5.2,4.8,8.1,8.4,10,10.8,14.4,21.8,24.1,17.2,11.9,11.2,10,10.2,4.8
108,평일,4,411,노원,하행,6,19.6,37.4,44.7,25.8,18.8,17.4,17.9,15.8,14.4,15.8,15.3,14.6,14.3,8.7,7.6,8.9,9.6,6.2,1.8
109,평일,4,412,창동,상행,0,13.4,11.8,12.7,10,10.6,9,14,14.7,16.6,18,22.5,34.4,41.2,26.2,16.8,16.8,17,13.2,7
110,평일,4,412,창동,하행,10,25,55.4,73.2,43.2,29.7,27.4,27,22.8,22,22.5,23,19,18.4,11.6,9.3,10,11.1,7.3,3.8
111,평일,4,413,쌍문,상행,0,18.2,15.2,16.2,13,14.6,14.2,20.1,21.5,23,27.2,32.6,51.2,64.2,41,26.8,26.2,26.6,20.8,8.8
112,평일,4,413,쌍문,하행,15.1,31.2,70.1,93.8,53.6,36.3,33.8,30.8,27.2,22.8,24.5,24.8,20.4,18.8,11.9,9.3,9.8,11,6.9,3.4
113,평일,4,414,수유,상행,15.7,15.1,14.4,15.2,12.6,14.5,14.6,21.1,23,25.2,32.4,38,63.9,77.7,52.6,32.8,33.2,34.6,25.8,12
114,평일,4,414,수유,하행,19,37.8,80.8,110.9,62.8,40.8,38.4,34.3,30.5,26,27.2,27.1,22,20.4,12.1,9.7,9.9,10.4,7.2,3.2
115,평일,4,415,미아,상행,14,15,13.5,14.6,12.9,15.6,15.3,21.7,25.8,27.6,38.1,42,74,89.9,62.7,39.6,38.2,42,30.5,14.4
116,평일,4,415,미아,하행,20.8,37.2,86.6,117.1,65.7,41.8,40.1,36.8,32.2,27.8,28.2,30,22.6,22.6,12.4,10,10.2,10.8,7.2,3.4
117,평일,4,416,미아삼거리,상행,12.6,14.7,14.4,16,13.6,15.8,16.5,22.4,26.1,30.6,40.8,47.5,77.5,96,63.9,42.5,39.2,48,32.6,15.6
118,평일,4,416,미아삼거리,하행,25.4,41.9,91.2,136.4,73,45.5,43,39.8,35,29.6,30.4,31.2,23.6,23.6,13,10.6,10.4,10.8,7.7,3.4
119,평일,4,417,길음,상행,11.8,14.4,14.1,15,14,16,18.5,25,27,32.7,43.4,54.7,85.4,108,68.6,45.8,42.7,55.1,34.6,17.3
120,평일,4,417,길음,하행,27.3,45.8,99.8,149,80.3,48.8,45.2,43.8,37.9,31.7,32.1,34,25.9,25.1,13.6,11.2,11.1,11.1,7.8,3.2
121,평일,4,418,성신여대입구,상행,10.9,14.6,13.4,15.2,15.4,17.8,21.2,27,30.8,34.4,46.6,58.4,95.6,115.7,75,48.6,46.4,59.1,37.9,19.4
122,평일,4,418,성신여대입구,하행,33.5,47.8,105.8,157.2,91.2,53.4,48.4,48.1,41.8,35.4,36.6,39.2,30,29.6,16.2,13.2,13.8,13.9,9.6,4.4
123,평일,4,419,한성대입구,상행,10.6,15.2,14.2,18.1,17.8,19.6,25.1,29.2,33.4,39.2,50.6,64.1,102.5,124.4,80,53.9,49.2,64.9,42.4,19
124,평일,4,419,한성대입구,하행,26.6,48.5,104.2,159.8,95,55,50.4,50,44.1,38.2,37.9,42.5,32.4,32.2,18,14.4,15.6,15.3,10.4,4.6
125,평일,4,420,혜화,상행,10.3,15.4,15.4,20,20,20.6,27.2,31,35,40.7,53.4,64.6,107,125.4,81.6,56,50.6,68.4,43.4,16.6
126,평일,4,420,혜화,하행,27.6,47.2,100.6,152.2,91.6,56.2,53.8,54.6,47.6,43.2,46.6,52.2,41,42.2,22.7,20,27.9,29.8,17.2,6.8
127,평일,4,421,동대문,상행,10,18.5,20.8,31.5,31.1,28.6,32,38,44.2,46.4,58,68.6,112.2,129,82.7,54.8,49.1,64.9,42,17.2
128,평일,4,421,동대문,하행,28.3,44.5,93.2,146.2,87.8,52.9,51.7,53.2,49,44.4,48.8,57.4,46.6,44.4,23.4,20.5,27,30.2,16.7,6.6
129,평일,4,422,동대문역사문화공원,상행,7.8,19.3,23.2,33.8,34.6,32.6,35.1,40.6,45.9,47.6,57.2,66.1,105.6,122.9,80.9,52.4,48.2,63.8,38.3,18.1
130,평일,4,422,동대문역사문화공원,하행,20.6,31,62.3,101.1,67.6,42.4,42.8,42.2,40.6,35.6,39.8,46,38.8,38.3,20.5,17.3,22.4,23.6,12.8,5.4
131,평일,4,423,충무로,상행,6,14.2,18.5,30.4,29.5,27.4,29.4,34.6,38,39.3,46.3,52.8,80.2,89.8,53.9,38.4,34.4,43.7,25.6,12.2
132,평일,4,423,충무로,하행,18.6,22.7,47.2,74.7,53.5,34.4,37.4,36.7,37,32.8,39.1,45.4,40.2,43.2,24,17.2,23.8,24.2,14.4,6.4
133,평일,4,424,명동,상행,5.6,14.8,21,36.1,34.6,30.5,30.5,35.5,36.1,36.9,42,47.1,70.2,71.8,40.9,29.8,26.6,33.8,20.3,9.4
134,평일,4,424,명동,하행,18.1,21,41.9,62.6,45.8,30,34.4,33.2,33.8,33,38,45.2,40.7,47,25.6,19.3,26.4,26.6,14.8,5.9
135,평일,4,425,회현,상행,5.6,16,25.1,43.4,38.3,31.8,31.6,36.8,35.6,35,38.2,44.5,62,64.1,35.6,25.6,22.4,27.7,17.7,9.2
136,평일,4,425,회현,하행,10.5,20.7,35.7,47,35,23,27.7,28.8,31.4,31.2,38.4,48.1,45.2,54.3,28.2,22.8,26.4,28.2,15.2,5.8
137,평일,4,426,서울역,상행,5.2,17,28.6,50.1,45.8,35.6,33.7,37.1,33.5,32.4,33,36.6,50.6,52.3,30.9,21.5,21.2,25.6,17,7.9
138,평일,4,426,서울역,하행,10,13.4,21.3,29.8,23.2,18,21,21.6,24.2,24,29.4,37.5,39.2,48.5,25.2,18.5,22.4,22.9,13.6,8.4
139,평일,4,427,숙대입구,상행,7.2,15.2,27.3,49,32.7,27.7,24,26.8,25.5,24.6,23.6,28.5,35.1,37,20.4,14.8,14.6,18.4,11.2,6.1
140,평일,4,427,숙대입구,하행,11.2,13,20.2,26.8,22,16.3,19.8,21.4,23.9,23.4,29.4,37.9,40.3,48.8,25.8,18.2,23.2,23,14.7,7.8
141,평일,4,428,삼각지,상행,6.8,15.4,29,50.8,34,28.3,24.2,26.2,24.2,24,22.6,26.6,33.9,35.1,19.6,14,13.3,17.5,10.6,6.4
142,평일,4,428,삼각지,하행,13.6,14.9,23.9,33.5,25.8,17.6,21,21.8,25.8,23.6,31.3,40,43.1,54.4,25.8,19.7,24.6,27,16,8.4
143,평일,4,429,신용산,상행,7.4,16.6,31.8,51.8,40.6,28.7,26,28.8,25.8,25.8,23.6,29,37.6,40.2,22.8,15.8,14.6,19.7,11,6.9
144,평일,4,429,신용산,하행,14.1,13.7,21.4,26.1,19.9,15.6,19.7,20.8,25,23.1,31,40.3,45.4,58,27.7,21,26.2,28.3,16.8,8.4
145,평일,4,430,이촌,상행,7.4,17.4,36,57.6,44.7,28.5,26.8,28.7,25.4,25.6,22.4,30,32.3,34.8,19.8,13.6,12.7,17.2,9.4,6.8
146,평일,4,430,이촌,하행,16.6,16,26,31.8,23.1,17.6,21,23.6,26.5,24.4,33.8,42.2,49.2,60.4,31.1,23.6,25.6,29.7,18.8,9.7
147,평일,4,431,동작,상행,7.8,20,42.2,55,48.2,30.2,28.2,29.2,28.7,26.7,23.3,33.6,35.5,40.4,21.8,15.5,14.6,21.6,11.4,7.2
148,평일,4,431,동작,하행,0,17.6,25.2,33.4,23.2,17.9,21.4,23.6,26.1,24.5,34.6,43.6,53.4,66.1,36.2,25,27.6,31,21.1,9.7
149,평일,4,432,총신대입구,상행,8.8,24.1,46.7,65,48,30.1,28.6,31,28.3,26.9,23.8,33.5,36,38.8,21.5,16,16,20.3,11.7,7.4
150,평일,4,432,총신대입구,하행,0,22.8,28.4,35.1,24,19.2,22.5,24.6,26.9,25.2,35.2,44.4,54,65.1,39.8,27.4,28.2,33,21.4,10.1
151,평일,4,433,사당,상행,8,25,48.2,65.2,53.6,31.8,29.2,33.3,27.4,29.7,27.2,36.4,36.5,43.8,21.9,16.2,16.4,21.2,12,7.4
152,평일,4,433,사당,하행,8,20.8,23.6,29.2,16.8,16.2,14.7,19,23.5,20.6,25.7,40.2,42.3,60.4,35.6,29,27,30.9,15.8,3.9
153,평일,4,434,남태령,상행,11.5,37.6,90.8,103,106.5,62.6,56.4,47.4,51.4,41.2,41.6,50.5,63.4,74.8,35.4,22.6,20.3,21.2,10.4,3.4
154,평일,4,434,남태령,하행,8.1,32.5,48.4,50.8,28.6,29.6,32.6,34.3,39.2,37.2,56.9,61.6,91.1,118.4,68.8,56.8,45.9,51.2,37.3,5.8
155,주말,4,409,당고개,상행,0,2.6,1.6,1.5,1,2.6,2,3.3,2.2,2.8,4,3.6,6,4.9,4.3,6.2,4.4,3.6,5.9,0
156,주말,4,409,당고개,하행,1.8,2.8,5.2,9.1,9.4,10,10.4,7.4,8.3,8.2,6.6,7,8.2,4.9,2.3,3.3,2,2.2,1.3,0
157,주말,4,410,상계,상행,0,4.8,2.3,3.9,5.2,4.2,3.8,4.8,4,5.2,5.5,6,9.6,8,6.9,8.7,6.8,7.8,6.8,0
158,주말,4,410,상계,하행,4.1,5.8,9.2,15.9,16.7,16.8,15.3,14,13.8,12.6,11,11.4,12.4,8.4,4.9,4.8,3.6,4.7,2.6,0
159,주말,4,411,노원,상행,0,7.6,3.6,6.6,8.9,6.9,6.6,7.6,7,8.9,9.2,10.2,16,13.9,12,13.6,12.1,12.6,11.4,0
160,주말,4,411,노원,하행,4.8,8.6,13.1,21.4,23,23.4,21.6,21.5,20.9,18.2,16.6,18.3,19,14.2,9.1,9.2,7.8,12,5.2,0
161,주말,4,412,창동,상행,0,10.8,6.4,11.8,15.4,12.1,12.8,13.3,13.7,14.4,15.2,21.3,22.4,23,19.5,20.4,18.9,18.7,16.5,0
162,주말,4,412,창동,하행,7.7,13.6,18.9,33.4,38.1,36.4,33.4,32.3,30.5,26.4,25.8,28.7,27.6,22.8,14.4,12.2,11,15.2,13.6,0
163,주말,4,413,쌍문,상행,0,14.9,9.8,15.6,21.4,18.1,18.6,18.9,20,21.3,22.8,30.2,32.6,33.8,32.2,29.9,31.1,30.8,25.6,0
164,주말,4,413,쌍문,하행,10.4,18.2,24.6,42.2,47.3,45,40.8,36.6,35.4,30.4,29.2,32.2,30.3,23.8,15.2,12.6,11,14,12.5,0
165,주말,4,414,수유,상행,9.4,14.2,9.8,15.4,19.7,18.8,19.6,20,21.2,23.4,27.4,33.5,38.2,41,38.4,36.7,38.8,38,32.1,0
166,주말,4,414,수유,하행,14,22.6,29.9,47.6,53.8,52.2,47.6,42,41.6,34.7,33.3,35.2,33.6,27,14.7,12,11.7,13.8,12.6,0
167,주말,4,415,미아,상행,7.7,13.6,8.8,16.5,20,18.8,22.2,22,23.3,25.9,31.2,39.1,45,48.6,45.2,43.8,47,46.2,38.7,0
168,주말,4,415,미아,하행,15.8,24.5,32.2,50.2,56.4,55.4,51.2,44,43.2,36.6,34.9,37.3,34.9,27.3,16,12.6,12,13.8,12.1,0
169,주말,4,416,미아삼거리,상행,7.1,14.2,8.7,16.8,19.7,20,22.5,22.7,24.8,26.2,33.7,41.8,47.4,52.2,48.1,43.6,52,47.4,40.8,0
170,주말,4,416,미아삼거리,하행,18.4,27.4,36,55.6,60.8,60.8,55.6,47.4,47.2,42,39.2,40.2,36.4,28.4,16.7,13.8,12.6,14,12.4,0
171,주말,4,417,길음,상행,6.4,14,8.6,17.1,19.7,20.8,23.8,25.1,27.2,28,36.6,45.6,52.8,55.6,53.6,46.7,57,52.6,45.2,0
172,주말,4,417,길음,하행,22.3,28.8,35.8,58.8,69.1,63.7,61.9,52.6,48.8,45.2,42.7,44,41.4,30,18.2,14.2,13.4,13.2,12,0
173,주말,4,418,성신여대입구,상행,6,13.8,10,17.6,19.2,24.2,25.4,26.1,29.6,31.6,39.3,44.8,61.8,59,55.1,53.4,62,56,52.6,0
174,주말,4,418,성신여대입구,하행,23.6,31.6,39.2,63.8,75.1,70.1,68,59.5,54.6,51,47.5,50,46.4,34,20,16,16,16.4,13.8,0
175,주말,4,419,한성대입구,상행,5.4,14.5,10.8,19.4,21.5,26.4,27.6,27.9,32.9,34.4,43.7,49.4,67.2,61.4,66.7,59.8,67.6,61.6,57.8,0
176,주말,4,419,한성대입구,하행,18.9,32.4,40.1,64.2,76.8,72.4,70.8,62.1,56.8,52.8,50.4,53.3,48.8,36.9,21.4,17.6,17.4,17.3,16,0
177,주말,4,420,혜화,상행,5,15.2,11.4,20.8,23.2,27.2,30.2,29.2,34.6,36,45.4,50.9,70.4,63.3,69.2,61.5,69.9,63.7,54.1,0
178,주말,4,420,혜화,하행,19.9,32,39.2,62.8,75.3,71.4,71.4,62.2,58.7,53.8,54.6,63.7,63.6,50.9,33.1,32.2,39.2,34,30.2,0
179,주말,4,421,동대문,상행,7.2,17.3,12.3,24.5,30.8,33.1,40.6,43.4,53,51.2,56,67,77.6,73,65,66.4,62.5,61.8,53.5,0
180,주말,4,421,동대문,하행,20.2,31.4,37.8,60.6,72.6,68.4,68.9,60.8,59.3,55.6,56.2,65.9,66.7,54.1,36.2,33,39.9,34.6,30.3,0
181,주말,4,422,동대문역사문화공원,상행,6.8,16.8,13.2,26.8,33.4,37.4,46,47.8,55.5,52.9,57,65.1,76.3,72.4,64.2,65.6,61.6,60,53.2,0
182,주말,4,422,동대문역사문화공원,하행,15,23.3,27.6,46.1,57.8,54.2,56.3,49,47.6,46.1,46.6,53.8,53.9,47,33.4,28.8,33,28.2,23,0
183,주말,4,423,충무로,상행,5.2,11.2,11.2,25,27.8,33,40.3,43.6,44.3,41.6,47.3,56.1,56.7,59.7,50.5,49.6,44.6,41.2,37.2,0
184,주말,4,423,충무로,하행,13.2,18.8,21.4,29.3,48.6,47.4,53.3,42.7,45.6,45.1,46.5,53.2,53.6,52.1,35.8,28.4,32.3,29.2,23.8,0
185,주말,4,424,명동,상행,4.4,11.3,11.2,25.1,31.2,35.8,42.2,44.3,44.2,40.8,46.8,53.5,53.4,54.5,47.8,43.2,39.7,34.4,32.6,0
186,주말,4,424,명동,하행,13.2,17.8,20,27.1,44.5,42.2,47.5,38.2,40.4,39.2,42.3,47.7,50.1,50,37.2,31.6,35.8,32,24.2,0
187,주말,4,425,회현,상행,4.4,12,12.1,26.6,32.6,37.8,44.8,46,44.6,43.8,47.2,52.5,51.2,50,40.8,35.7,32.6,29.1,30.6,0
188,주말,4,425,회현,하행,7.8,17.9,18.1,24.1,36.2,34.8,39.2,34.1,36.4,37.8,41.8,47.3,55.2,53,40.4,36.2,37.5,32.7,27.2,0
189,주말,4,426,서울역,상행,4,12,12.6,28,37.3,39.4,49.8,50.5,45.2,43.7,44.6,47.6,45.6,43.9,36.7,30.2,30.8,29.6,28.8,0
190,주말,4,426,서울역,하행,6.1,10.6,10.2,16.6,25.6,25,30.1,25.8,26.2,27.4,31.6,36.6,43.1,40.4,28.8,25.9,26,26.2,24.6,0
191,주말,4,427,숙대입구,상행,4.6,11.8,12.1,19.2,27.1,29.7,36.8,37.8,34.4,34.8,34,36.6,34.9,32.4,25.7,20.9,21.8,19.6,20.3,0
192,주말,4,427,숙대입구,하행,7.4,10.5,10.3,16.6,25.4,25,29.6,25.1,25.3,26.7,31,35.5,41.8,39.2,28.2,25.8,25.8,26.2,23.6,0
193,주말,4,428,삼각지,상행,4.1,11.5,12,19,26.2,29.6,37.2,36,34,33.6,33.8,36.2,33.3,33.6,25.6,19.7,20.8,18.4,19.4,0
194,주말,4,428,삼각지,하행,10.1,11.8,11.6,18.4,28.8,27.6,31,26.6,26.6,28.2,31.3,37.8,42.2,41,30.4,27.2,28.2,29,26.4,0
195,주말,4,429,신용산,상행,3.8,12.3,12.4,20.4,27.4,31.6,39.7,38.6,36.2,35.8,37,40,36.8,36.6,27,21.4,21.9,19.5,21.8,0
196,주말,4,429,신용산,하행,10.4,11,10.1,16.3,27,26.2,29.8,25.2,25.6,27.2,30.2,36.4,41,39.2,33,27.6,31.5,29.7,27.2,0
197,주말,4,430,이촌,상행,3.8,11.9,13.3,23.7,29.2,33,40.5,37.6,38.2,35.2,38.7,37.6,37,36,23.4,19.4,19,16.8,20.2,0
198,주말,4,430,이촌,하행,11.8,11.9,11.2,18.8,30.1,29.8,33.2,28,27.6,28.4,33.3,40.1,47,42.6,35.4,29.4,34,33.2,28.8,0
199,주말,4,431,동작,상행,4.4,13.4,15.3,26.2,32.6,37,43.4,40.3,39.6,39.2,41,40.4,37.7,39,25.4,20.4,22.6,19.5,23,0
200,주말,4,431,동작,하행,0,13.7,11.6,18.1,31.2,31.2,33.5,28.8,27.8,29.6,34,41.7,48.3,46.3,35,30.8,36.6,34.3,29.9,0
201,주말,4,432,총신대입구,상행,7.7,13.4,18,27.8,33.8,42.8,43,40.4,40.2,40.4,41.6,40.4,39.7,36.8,26.2,20.8,21.4,20,23.8,0
202,주말,4,432,총신대입구,하행,0,16.4,12.6,20.2,36.4,36,38.1,31.8,31.8,31.4,34.8,41,51.3,47.5,36.6,32.7,38,35.8,32.1,0
203,주말,4,433,사당,상행,8,14.1,18.8,31.4,35.8,48,43.4,39.6,42,43.9,43,40.6,45.3,43.2,31,21.3,23.2,23,24.7,0
204,주말,4,433,사당,하행,7.3,12.4,10.1,18.9,36.2,38.6,31.1,25.6,27.8,30.3,30.4,31.8,37.6,37,30.8,27.2,34.6,31.8,31.2,0
205,주말,4,434,남태령,상행,7.9,24.9,31.6,52,67,80.2,74,68.8,65.8,63,73.2,70.8,78.8,85.1,41.4,28.9,27.6,23.8,13.6,0
206,주말,4,434,남태령,하행,7.4,22.8,19.4,31.1,70.3,65.8,61.4,52.4,49.8,47.9,57.2,59.2,64.8,62.4,51.6,49.8,64.1,60.1,62.2,0
207,평일,4,409,당고개,상행,0.2,3.9,2.6,3.6,1.6,2,1.7,3.6,3.6,3.1,4.4,6.2,7.8,11.4,5.8,4.2,2.8,3.8,4.9,2
208,평일,4,409,당고개,하행,2.5,7.6,16.4,20,12.8,7,7.8,7.4,6.8,5.5,5.4,6.4,6.8,5.4,2.8,2,2,2.2,1.8,0.6
209,평일,4,410,상계,상행,0,6.2,4.6,4.4,2.4,3.7,2.8,5.4,5.6,5.8,7,9.2,12.2,16.2,9,6.6,5.6,6.4,7.3,2.9
210,평일,4,410,상계,하행,5.6,14.8,29.9,35.2,19.7,13.8,12.7,12.2,11.1,9.6,9.2,10.6,9.4,8.2,4.6,3.6,3.9,4.6,3.4,0.8
211,평일,4,411,노원,상행,0,9,7.6,6.4,4,5.4,5.1,8.5,9.2,10,11.6,15.4,24,26.5,17.6,12.3,11.6,11,11.9,5.1
212,평일,4,411,노원,하행,6.8,19.8,38.4,48.1,26.8,19.1,18.2,18.6,16.5,15.2,15.6,16.6,14.6,14.2,9.1,7.6,8.6,10.3,7.9,1.8
213,평일,4,412,창동,상행,0,14.2,11.8,13.4,9,10.7,8.7,14.1,15.2,16,19,23.4,37.8,43.3,26.6,17.5,17,18.4,15.4,7
214,평일,4,412,창동,하행,11.3,25,53.7,74.5,45.1,31.1,28.1,27.6,24,22.2,22.8,25.3,18.8,18.3,11.8,9.4,10,11.7,9.2,4.4
215,평일,4,413,쌍문,상행,0,18.1,15.1,17.2,11.8,13.7,14.2,20,21.3,23,28.2,33.3,55.8,66,41.4,27.2,26.6,28.5,23.6,9.4
216,평일,4,413,쌍문,하행,16.8,31.3,67.4,95.7,55.6,36.6,35.6,31.5,28.2,23.4,24.8,26.8,19.9,18.8,11.8,9.6,9.8,11.8,8.4,3.6
217,평일,4,414,수유,상행,16.5,13.8,14.3,15.7,11.6,13.4,14.6,20.7,22.8,25.4,33.6,40.6,65.4,79.9,52.8,33.4,33.3,36.7,29.2,13
218,평일,4,414,수유,하행,20.8,37.3,83.1,103.5,65.2,41.2,40.3,35.7,31.7,26.4,28.2,28.8,21.3,20.7,12.2,9.8,9.6,11.4,8.7,3.2
219,평일,4,415,미아,상행,14.8,13.6,13.2,15.7,11.8,14.4,15.6,21.6,25.4,27.8,39.7,45,75,92.2,62.4,40.4,37,45.8,34,15.2
220,평일,4,415,미아,하행,22.8,36.8,88.8,109.4,68.4,43,42,38.8,33,28.6,29.6,31.4,22.2,22.9,12.6,10,10,11.7,8.9,3.8
221,평일,4,416,미아삼거리,상행,13.8,14.2,14.1,17.2,12.8,14.8,17,22.2,26.8,30.4,42.4,48.8,82.6,95.3,64.4,43,39.2,49,36.2,16.3
222,평일,4,416,미아삼거리,하행,27.5,40.6,93.4,127.2,75.5,46,44.8,41.6,35.6,30.4,32,32.9,23.5,23.4,13.4,10.6,10.4,11.7,9,3.4
223,평일,4,417,길음,상행,13,14.4,14.3,16.2,13,15.2,18.4,24.1,28,32.6,45.9,54.3,91.1,105,69.2,47.7,42.6,57.2,38.2,18.1
224,평일,4,417,길음,하행,29.6,44.9,101.4,140.4,83.2,49.8,47.2,45.4,38.8,32.8,33.6,35.6,26.1,24.8,13.8,11,10.9,11.9,8.8,3
225,평일,4,418,성신여대입구,상행,12.3,14.6,13.7,16.4,14.4,17,20.2,27,30.2,35.8,49.5,59,98.9,114.9,74.4,51.6,46.3,63,43.6,17.8
226,평일,4,418,성신여대입구,하행,36.2,47.6,106.7,149,93.7,55.6,50.7,49.3,43,36.6,38.8,41,30.4,28.9,16.6,13,13.8,15,10.8,4.2
227,평일,4,419,한성대입구,상행,11.8,15.4,14.5,19.4,16.2,19.3,24,29.2,33,40.3,54,64.8,105.8,122.8,79.2,56,50.6,69.4,48.7,18.6
228,평일,4,419,한성대입구,하행,28.6,51.6,99.1,152.6,98.8,56.4,52.2,50.8,44.9,39.2,40,44.3,32.8,31.5,18.1,14.6,15.8,15.9,11.6,4.3
229,평일,4,420,혜화,상행,11.8,15.9,15.2,21.8,18.8,19.4,25.8,31.2,34.8,42,55.9,65.6,111.2,125.5,79.4,57.4,52.2,72.9,49.8,16.4
230,평일,4,420,혜화,하행,29.6,50.1,94.7,146.1,96.4,57.8,55,54.7,48.8,44.4,48.8,54.2,41.6,41.3,23.1,20.4,29.8,33.2,21,6.2
231,평일,4,421,동대문,상행,10.6,18.7,21,33.9,29.6,26.3,32.6,38.4,44.8,48.8,60.9,72.2,116.4,129.4,81.4,56.7,49.6,69.2,47.6,16.8
232,평일,4,421,동대문,하행,29.9,47.4,89,142.4,91.2,55.4,52.8,54.2,51.6,46.6,51.5,60.6,47.4,44.4,24.4,21.2,29.1,34.3,21.7,6.6
233,평일,4,422,동대문역사문화공원,상행,8,19.4,24,35.7,33.6,30.4,36.6,42,47.7,50.2,60.7,69.8,110.4,125,79.9,55.6,49.8,69.2,44.8,17
234,평일,4,422,동대문역사문화공원,하행,22.2,33.4,59.8,101.3,70.7,45.6,45.1,44,44,38.8,43.3,50,41.1,39.4,22.2,19.3,24.6,27.8,17.4,5.9
235,평일,4,423,충무로,상행,6.1,14.4,19.6,32.5,29.1,27,31.4,36.4,40.8,42.4,50.4,57,87.2,93.6,55.4,41.4,36.6,49.2,31.1,12.4
236,평일,4,423,충무로,하행,20,25.3,46.1,75.8,57.6,39,40.2,39.7,41.6,37.4,43.9,50.3,46,45.1,26.7,19.8,26,28,18,5.6
237,평일,4,424,명동,상행,5.8,15.5,22.3,38.8,34.4,30.3,33.8,38,39.8,40.9,46.4,53.4,75,75.8,43.8,33.2,29.8,40.3,26.1,10.2
238,평일,4,424,명동,하행,19.3,23.2,40.6,63,48.5,33.8,37.5,35,37.8,35.2,41.2,48.6,45.2,47.3,26.7,21.2,28.6,30.9,19,5.6
239,평일,4,425,회현,상행,5.8,16.9,26.2,46.8,37,31.8,34.4,39,40.2,40,43,51,67.2,66.8,38.1,28,23.8,30.5,21,9.6
240,평일,4,425,회현,하행,10.9,23,34.8,46.9,37.2,25.8,30.6,30.4,35.2,33.2,41.9,51,50,54.8,30,25.3,28.2,32.8,18.7,5.4
241,평일,4,426,서울역,상행,5.6,18,30.4,53.7,44.2,36,37.2,39.8,37.5,37.5,37.3,42.4,55.4,55.5,32.4,23.2,22.2,28.8,20.4,8.4
242,평일,4,426,서울역,하행,9.9,14.4,20.5,29.4,23.9,18.2,21.9,22.1,26.2,24.8,31.2,39.1,42.4,49.4,26.3,20,22.7,25.1,16,6.6
243,평일,4,427,숙대입구,상행,7.8,16.4,28.7,52.4,31.9,26.4,25.1,28.5,26.7,27.2,25.4,30.4,37.1,37.6,20.8,15.4,15.4,20,13.3,5.6
244,평일,4,427,숙대입구,하행,10.9,13.8,19.4,26.2,22.5,16.6,20.4,22,25.2,24.6,31,39.2,43.8,49.9,26.8,19.8,23.2,25.2,17.2,6.2
245,평일,4,428,삼각지,상행,7.2,16.4,30.2,54.8,33,27.1,25.6,28,26,25.5,23.9,28.3,36.1,35.6,19.8,14.3,14.2,19,12.6,5.8
246,평일,4,428,삼각지,하행,13.6,16,23.1,32.6,25.8,17.6,21.4,22.3,26.6,24.5,32.4,41.2,46,54.8,26.4,21.1,25,28.6,18.8,6.5
247,평일,4,429,신용산,상행,7.4,17.8,32.8,55.2,39.1,27,27.2,30.1,27.3,26.6,24.8,30.4,39.2,41,23,16,15.4,20.6,12.4,6.8
248,평일,4,429,신용산,하행,14.2,14.6,20.5,24.9,19.6,15.4,19.6,21,25.2,23.7,32,41.7,48,58,28,22.3,26.8,30.4,19.6,6.2
249,평일,4,430,이촌,상행,7.6,18.3,37.8,61.4,43.2,27.2,28.2,29.5,27,26.2,23.2,30.6,34.2,36,20,13.8,12.8,17.7,10.9,6.6
250,평일,4,430,이촌,하행,17,17.2,25.5,30.6,23.3,17.8,21.2,24,26.6,25,34,43.5,51,60,31.2,25,26.2,31.8,21.7,6.6
251,평일,4,431,동작,상행,8,20.6,43.2,55,48,27.8,29.3,30,30.1,27.6,24.2,34.8,38,41.8,22.2,15.4,15.4,22,13.2,7
252,평일,4,431,동작,하행,0,18.7,25,32,22.8,18.6,21.8,23.7,26.4,24.7,34.4,44.8,54.6,65.1,36,26,28.2,33.9,23.1,8.5
253,평일,4,432,총신대입구,상행,9,24.4,47.8,64.1,49.1,28.2,30,31.4,29.8,27.4,25.2,35.4,38.2,40.2,21.2,16,16.2,21,13.6,7.2
254,평일,4,432,총신대입구,하행,0,23.8,28.2,33.8,23.8,19.5,22.7,24,28.8,24.8,35.2,45.6,54.8,64.4,39.2,28,29,35.7,23.6,8.8
255,평일,4,433,사당,상행,8.2,25.6,49.4,63.6,54.6,30,30.6,33.3,29,29.6,28.4,38.4,38.2,44,21.8,16.3,16.6,22,14,6.4
256,평일,4,433,사당,하행,7.9,22.9,23.4,29,16.9,16.2,14.6,18.8,23.8,21,26,41.5,44,58.6,35,29.8,28.2,33.7,17.8,4.3
257,평일,4,434,남태령,상행,12,39.7,93.6,106.5,114.9,56.4,58.5,47.8,53.8,40.8,43.2,53.4,65.8,75.2,35,23.4,21,22.6,11.9,3.6
258,평일,4,434,남태령,하행,8,35.6,45.6,53.3,28.8,29.3,32.6,33.9,40.2,37.7,57.4,63.4,94.4,115.8,66.1,58.1,48,56,42,6.6
259,주말,4,409,당고개,상행,0.1,2.3,1.4,1.1,1.2,2.2,1.5,2.5,2.2,2.7,3.9,3.3,5.1,4.6,4.8,5.2,4.5,3.3,4.6,0
260,주말,4,409,당고개,하행,1.6,2.4,4,8.2,8.3,9.4,8.4,6.8,7.3,7,6.4,5.7,6.8,4.4,2.3,2.9,1.8,2.2,1.4,0
261,주말,4,410,상계,상행,0,4,2,2.6,4.6,3.6,3.3,4.1,3.9,5.2,4.8,5.6,7.7,7.2,7.3,7.6,7.1,7.1,5.2,0
262,주말,4,410,상계,하행,3.3,4.8,7.6,13.4,14.8,15.4,13.4,12.2,12.4,11,10.8,9.2,10.3,7.2,4.3,4.5,3.5,4.4,2.2,0
263,주말,4,411,노원,상행,0,6,3.1,4.9,7.6,6.1,5.9,6.7,6.7,8.1,8.3,9.8,12.4,12.4,11.8,12,11.6,11.5,9.4,0
264,주말,4,411,노원,하행,3.8,7,10.6,17.9,19.3,21.2,17.5,18.3,17.7,16.1,16.2,15.4,15.8,12.3,8.4,9,7.8,10.1,5.8,0
265,주말,4,412,창동,상행,0,9.8,5,9,12.5,10.8,11.5,11.9,12.1,12.9,14.1,17.4,17.9,20.2,17.6,17.6,16.8,16.3,13.8,3.6
266,주말,4,412,창동,하행,6.5,10.9,16.2,26.5,31.6,33.9,27.4,27.2,26,23.5,24.4,23.1,23.3,19.6,13.2,11.6,10.5,12.6,13.7,0
267,주말,4,413,쌍문,상행,0,12.7,7.6,13.7,17.6,16.2,16.4,16.1,17.4,18.3,20.8,25.5,26.4,29,28,27,28,25.4,20.6,0
268,주말,4,413,쌍문,하행,8.6,14.4,20.6,33.6,39.6,41.2,33.6,32.3,30.5,26,27.2,25.2,25.1,20.4,13.7,11.8,10.8,11.7,12.8,0
269,주말,4,414,수유,상행,8.8,12.1,7.6,13.7,16.5,16.6,16.4,17,19.1,19.5,24,29.1,32.4,33.8,33.4,33.3,34.8,31.6,25.8,0
270,주말,4,414,수유,하행,11.4,17.9,23.4,38.6,46.6,45.2,41.3,36.9,35.2,30.5,29.5,28.7,26.5,23.2,14.8,12.3,11.3,12.3,12.4,0
271,주말,4,415,미아,상행,7.5,11.7,7.9,13.7,16.6,16.8,18.1,18.2,20.8,21.9,27.2,33.7,37.7,39.2,39.5,39.9,42,38.6,31.2,0
272,주말,4,415,미아,하행,12.6,19.1,25.2,41,49.4,47.8,44.8,37.2,37.6,31.9,31.1,30,27.4,24.4,15.6,12.7,11.6,12.1,11.9,0
273,주말,4,416,미아삼거리,상행,7,12.4,7.9,13.6,16.5,17,18.4,19.5,21.3,23.1,28.7,35.8,39.8,41.2,42,41.9,45,37.7,35.6,0
274,주말,4,416,미아삼거리,하행,14.3,21.1,28.2,44.9,53.6,51.5,48.8,40.3,41.1,36.3,33.2,32.6,29.4,25.8,16.5,14,12.1,12.3,11.4,0
275,주말,4,417,길음,상행,6.3,12.7,8.2,13.7,16.5,17.7,20,20.4,23.1,24.7,31.2,40.1,43.6,43.7,47.4,44.4,49.4,41.8,39.2,0
276,주말,4,417,길음,하행,17,22.2,28.6,46.6,57.9,57,53.5,44.4,43.2,39,36.3,35.8,32.3,27.4,18.1,14.2,12.6,12.3,10.9,0
277,주말,4,418,성신여대입구,상행,5.4,11.7,8.6,14.8,17.5,19.6,21.3,21.9,25.4,27.3,33.7,42.1,46.7,46.8,49.6,50.6,53.2,45.9,42.7,0
278,주말,4,418,성신여대입구,하행,18.3,24.3,31.3,50.8,63.1,62.5,59.8,50.5,49.4,44.1,40.6,39.9,37.4,30.6,20.6,16.4,15.1,15,12.2,0
279,주말,4,419,한성대입구,상행,5,12.3,9.3,17.2,19.5,21.4,23.2,24,27.8,29.9,37.8,46.9,51.8,54.8,53.2,56.2,59,51.3,44.2,0
280,주말,4,419,한성대입구,하행,14.4,24.9,32.2,51.6,64.6,64.6,62.1,52.6,51.6,46.2,42.9,41.9,39.7,33.3,21.8,17.2,15.9,16,14.2,0
281,주말,4,420,혜화,상행,4.9,12.7,9.8,19,21,22.4,24.8,25,29.2,31.4,39.4,48.6,53.7,56.8,55,57.8,60.8,53.1,43.8,0
282,주말,4,420,혜화,하행,15.7,24.4,30.8,50.3,64.3,61.9,64.1,52.2,51.8,47.5,48.3,51.7,53,43.3,32.5,31.6,36.7,29.4,26.1,0
283,주말,4,421,동대문,상행,6.3,14.6,10.9,20.8,25.4,29.2,36.1,40.1,47.2,43,49,57.5,64,61.2,57.9,57.9,57.1,51.2,43.9,0
284,주말,4,421,동대문,하행,16.1,24.2,30.3,49.4,63.5,60.3,62.4,52.5,52,49.6,51,54.4,57,47,33.5,33.2,37.8,30.3,26.1,0
285,주말,4,422,동대문역사문화공원,상행,5.8,13.8,11.5,22.5,27.9,34.1,41.2,44.3,49.8,44.9,49.5,57.6,63.4,61.3,58.9,58.8,57.6,52.3,45.8,0
286,주말,4,422,동대문역사문화공원,하행,12.5,18.4,23,38.3,51.4,48.1,52,42,41.7,41.1,43.7,46.1,49.2,43.6,33.3,29.9,33.2,25.9,21.2,0
287,주말,4,423,충무로,상행,3.9,8.8,9.9,20.9,24.7,32.7,38.1,40.5,41.6,37.3,44.2,46.8,49.4,50.8,47.2,47.2,43.5,38.3,32,0
288,주말,4,423,충무로,하행,11.3,15.1,18.9,28.8,43.5,44,47.4,38.6,40,39.4,44.6,46.5,48.1,48.2,35,30.3,32.3,25.2,20,0
289,주말,4,424,명동,상행,3.4,8.6,9.6,21.5,26.6,35.1,40.2,41.1,41,36.8,41.8,43.8,46.6,47,43.9,42.7,39.7,34.5,30.3,0
290,주말,4,424,명동,하행,11.2,14.1,17.2,25.8,39.1,39.5,42.4,33.7,35.2,35.5,39.7,41.2,42.8,44,33.6,31.3,35,28.7,21.5,0
291,주말,4,425,회현,상행,3.3,9.4,10.2,22.4,27,35.7,42.3,42.6,42.2,38.2,41.7,43,44.6,43.5,39,35.4,31.8,25.9,24.9,0
292,주말,4,425,회현,하행,6.6,14.8,15.9,23.2,33.4,33.5,37.2,31,32.8,33.8,38.5,41.3,46,44.2,36.6,35.2,36.2,28.9,24.8,0
293,주말,4,426,서울역,상행,3.2,9.4,10.8,23.5,30.5,39.7,44.3,44.6,42.2,38.3,39.8,41.1,40.8,40.2,36,30.8,30.2,25.3,25,0
294,주말,4,426,서울역,하행,4.9,8.4,8.4,14,22.7,22.9,25.2,22.2,23.3,23.4,27.1,30.1,33.3,31.4,25.1,22.4,25.3,20.7,22.4,0
295,주말,4,427,숙대입구,상행,4.1,9.2,9.4,16.8,21.7,28,30.8,31.2,30.3,28.9,28.5,30.9,29.2,28,24.5,20.5,19.6,16.9,16.1,0
296,주말,4,427,숙대입구,하행,5.5,8.1,8.2,13.3,22.1,22.7,24.8,21.6,23,23,26.6,29.7,32.7,31,24.8,22.2,25,20.9,19.8,0
297,주말,4,428,삼각지,상행,3.6,9,9.5,17,22.1,27.4,30.7,30.1,29.6,27.8,27,31.2,29.8,27.3,24.2,19.7,18.6,15.9,16.2,0
298,주말,4,428,삼각지,하행,9.3,9.6,8.9,14.9,25.1,24.1,25.9,22.5,24,23.9,27.3,31.2,34.5,32.6,27.7,24.2,27.2,22.9,21.6,0
299,주말,4,429,신용산,상행,3.4,9.6,10,18,23.1,29.6,32.9,32.8,31.9,30.2,30.5,34,32.2,30,24.2,20.7,19.4,16.6,18,0
300,주말,4,429,신용산,하행,9.5,8.9,7.5,12.7,22.7,22.6,23.6,21,22.1,22.4,26.2,30.3,33.6,33,28,25.7,28.4,25.2,22.7,0
301,주말,4,430,이촌,상행,3.4,9.2,10.8,20.1,24.8,30.2,34.5,33,32.2,31.7,31,32.1,32,28.9,20.8,18,16.5,13.8,16.6,0
302,주말,4,430,이촌,하행,10.5,9.6,8.6,14.4,25.6,26,27,23.7,24,24.1,28.6,34,37,36.1,30,27.5,30.7,28,24.6,0
303,주말,4,431,동작,상행,3.9,10.2,12.2,22.2,27.7,32.6,36,36.4,34.6,32.8,33.6,36.2,33.6,32.1,23.3,20.9,18.4,16.2,19.4,0
304,주말,4,431,동작,하행,0,11.6,8.5,14.2,26.8,26.1,27.3,24,24,24.3,28.8,35,37.8,36.9,31,28.3,32.4,28.6,25.4,0
305,주말,4,432,총신대입구,상행,6.3,10.1,14.2,22.6,29.4,36.4,37.2,35.3,34.9,34,33.5,35.8,32.6,33.3,23.8,20.2,18.5,16.5,19.6,0
306,주말,4,432,총신대입구,하행,0,13.7,9.6,16,32.3,30.2,31.4,26.9,26.6,27,29.8,35.7,39.2,37.8,32.2,29.6,33,28.5,26.4,0
307,주말,4,433,사당,상행,6.4,10.8,15,24,30.4,40.6,38.5,34.9,36.3,37.2,35.5,36.9,36.6,40,27.6,21.5,20.2,19,20,0
308,주말,4,433,사당,하행,4.6,10.8,7.2,15.2,34.4,33.4,27.3,21.9,23.3,25.9,25.6,27.2,30.8,33.2,27.4,24.4,29.3,25.5,26.5,3.7
309,주말,4,434,남태령,상행,6.4,18.6,24.5,39.5,54.8,66.7,61,57.1,56.3,52.6,56.5,63.9,60,80.1,37.8,29,24.7,20.2,9.9,0
310,주말,4,434,남태령,하행,4.7,20.4,13.8,25.2,66,57,54,44.7,41.9,41,47.2,50.4,53.4,55.5,45.4,45,53.9,48.2,34.9,6.4
311,평일,4,409,당고개,상행,0.1,3.4,2.8,3.6,1.8,1.5,2.1,3.5,3.5,3.2,4.8,6.9,8,11.3,6.2,4.6,3,4.2,5.2,2.5
312,평일,4,409,당고개,하행,2.6,8,17.9,19.8,12.8,7.4,7.8,7.6,6.9,5.4,5.5,5.9,6.9,6,3.2,2.1,2.3,2,2.1,0.6
313,평일,4,410,상계,상행,0,5.6,5,4.2,2.6,3.3,3,5.3,5.2,5.6,7.7,9.8,12.1,16,9.7,6.9,5.8,6.8,7.6,3.4
314,평일,4,410,상계,하행,5.6,15.4,31.8,34.3,20.2,14,12.7,12.9,10.8,9.1,9,10,9.7,8.4,5,3.6,4.2,4.4,3.4,0.8
315,평일,4,411,노원,상행,0,8,8.2,6,4.2,5.1,5.4,7.6,8.6,9.6,12.3,16,23.7,25.2,18.4,12.6,12,11,12.2,5.6
316,평일,4,411,노원,하행,6.7,20.3,40.6,47.8,27.2,19.6,18.3,19,15.7,14.8,15.8,15.3,14.8,14.2,9.4,7.8,9.6,10.4,8.1,1.8
317,평일,4,412,창동,상행,0,13.3,13,12.8,9,9.8,9.5,12.2,14.6,15.6,19.8,24.2,37.2,42.3,28.4,17.8,17.8,18.7,15.5,7.6
318,평일,4,412,창동,하행,11.2,26.2,56.2,70,43.6,31.6,27.7,27.5,22.8,22.2,23,23.2,19.2,18.4,12.4,9.8,10.4,12.6,9.5,4.4
319,평일,4,413,쌍문,상행,0,18.2,16.4,16.9,12.3,13.5,14,18.2,21.2,22.7,29,33.8,54.8,64.6,43.8,27.8,27.1,29,24.3,9.4
320,평일,4,413,쌍문,하행,16.9,32.8,70.8,89.6,54.8,37,35.1,31.2,27.2,23.4,24.6,24.8,20.1,18.7,12.4,9.9,10,12.6,8.5,3.6
321,평일,4,414,수유,상행,15.6,14.6,15.4,15.3,11.9,13.3,14.3,19,23,25.3,34.4,41.1,65.6,78.5,55,34,34.1,37.4,30.2,13
322,평일,4,414,수유,하행,20.8,37.6,82.2,104.5,64.4,41.8,40.2,36,30.9,26.3,27.6,27.1,21.4,20.4,12.9,10.1,10,12,8.6,3.2
323,평일,4,415,미아,상행,14,13.8,14,15.6,12.3,13.8,15.4,19.6,25.2,28.1,41.2,45.3,75.9,90.6,64.6,40.8,39,45.8,35.7,15.1
324,평일,4,415,미아,하행,22.9,39.6,86.2,107.8,67.6,43.7,41.8,39.6,33,27.6,29.5,30.1,22.5,22.7,13.4,10.4,10.4,12.7,8.8,3.8
325,평일,4,416,미아삼거리,상행,13,14.4,15.3,17.1,13.5,14,16.8,20.6,26.5,30.8,44.2,49.7,79.4,96.1,66.7,43.9,40.2,49.4,38.1,16.4
326,평일,4,416,미아삼거리,하행,27.4,44.3,94.4,122.4,74.4,46.8,44.7,42,35.3,29.1,31.2,31.8,23.4,23.3,13.9,11,10.7,12.3,9,3.6
327,평일,4,417,길음,상행,12,14.2,15.2,16.3,13.8,14.6,17.4,23.5,27.7,32.8,47.2,55.8,87,107.4,70.9,47.5,43.7,59,40.5,18
328,평일,4,417,길음,하행,29.4,48.5,102.5,134,82.1,50.2,47.1,45.6,38.2,31.6,32.8,34.8,26,25,14.6,11.6,10.7,12.7,9,3.3
329,평일,4,418,성신여대입구,상행,11.2,14.4,14.1,17.2,15.5,16.3,19.5,26.5,30.3,35.4,50.4,59.7,95.7,117.5,74.4,52.2,46.8,64.2,45.6,20.2
330,평일,4,418,성신여대입구,하행,36,51.3,108.4,142,93.1,55.6,50.6,49.2,42.7,35.7,38.3,39.6,30.4,29.8,17,13.8,14,16.3,11.2,4.4
331,평일,4,419,한성대입구,상행,11,14.9,15,20.9,18.2,18.2,24.5,28.4,33.3,40.7,53.8,66,103.2,125.9,79.4,57.6,50.2,70.6,50.8,19.8
332,평일,4,419,한성대입구,하행,28.4,52.2,106.2,145.8,97,56.8,52.5,50.6,44.8,38.4,39.8,43,32.6,32.6,18.9,15.3,16,17.4,12,4.5
333,평일,4,420,혜화,상행,10.8,15.2,15.8,23.2,19.8,19.8,26,30.6,35.1,42.4,57.2,66,108.4,126.2,80.8,58.8,51.5,74.8,51.4,17.6
334,평일,4,420,혜화,하행,29.2,50.8,101.4,141.8,94.4,57.6,55.1,53.8,47.7,42.9,48.4,51.6,40.9,42.7,23.8,21.4,29.6,33.4,21.6,6.6
335,평일,4,421,동대문,상행,9.8,18.2,21.3,34.8,29.9,27.6,31,38.4,43.4,49.4,60.8,71.9,113.5,131.5,82.2,57.6,49.6,72.1,48.5,18
336,평일,4,421,동대문,하행,29.6,47.8,94.3,137.8,90.9,55.5,54,53.5,50.4,44.1,52.2,57.2,47.2,45.8,25.1,22.2,29.4,34.8,22,7
337,평일,4,422,동대문역사문화공원,상행,7.4,19.2,24.6,37.2,33.8,32.2,34.4,42.1,46,51,60.6,70.2,108,125.3,81.3,56.9,50.4,71,46.6,17.4
338,평일,4,422,동대문역사문화공원,하행,21.8,34,63.8,98.8,71.9,46.2,47.3,44.8,43.2,37.4,44.2,47.8,40.6,40,23.2,20.1,25,28,17.6,5.6
339,평일,4,423,충무로,상행,5.5,14.4,20,33.5,28.5,29,30,35.8,39.8,43,50.4,58,86.2,93.1,56.1,41.5,37.6,51,33.2,12.8
340,평일,4,423,충무로,하행,20,25.6,49.7,75.6,58,40.2,42.6,40.8,41.4,36.8,44.5,49.1,44.3,46.4,27.8,20.5,26.4,28.6,18.7,6.3
341,평일,4,424,명동,상행,5.2,15.2,23,40.2,33.8,32.8,30.6,38.1,39,41,46.8,53.5,74.2,75.4,44.5,33.6,30.2,41.7,27.8,10.8
342,평일,4,424,명동,하행,19.4,23.4,43.6,62.4,49,35.4,39.8,35.8,37.6,34.8,42.4,49,44.4,49,28,21.2,28.4,32,20.4,5.9
343,평일,4,425,회현,상행,5.2,17.3,27.1,48.6,36.6,33.3,31.4,39.7,39.1,39.5,43.2,49.3,65.8,66.8,39,29.4,24.4,32.4,21.5,10.2
344,평일,4,425,회현,하행,11.6,23,36.7,46.4,38.2,27,32,30.9,34.6,33.4,43.2,52.6,49.8,57,31.2,25.6,28.4,33,19.8,5.6
345,평일,4,426,서울역,상행,5,18.4,31.3,56.2,42.2,38,34.2,40.1,37.5,35.2,37,40.4,53.5,54.6,33.6,24.4,22.8,31.2,20.9,9
346,평일,4,426,서울역,하행,10.7,14,22,28.6,24.4,19,22.5,22.4,25.6,24.8,32,39.7,42.5,50.6,27.9,20.1,23.2,25.2,16.4,7.1
347,평일,4,427,숙대입구,상행,8.2,16.4,29.6,53.6,32.4,27.4,24.6,28.1,27.4,25.8,24.7,30.4,35.9,38,21.8,16.3,15.4,22,13.3,6
348,평일,4,427,숙대입구,하행,11.8,13.6,20.5,25.3,22.4,16.8,20.2,22.2,25.2,24.8,31.9,40.8,44,51.3,28.6,20.1,23.8,25.5,17.4,6.6
349,평일,4,428,삼각지,상행,7.6,16.8,31.6,55.8,34.4,28.2,24.8,27,26.9,25.2,23,27.7,34.6,35.5,20.6,15,14.2,20.4,12.4,6.2
350,평일,4,428,삼각지,하행,14,15.6,24,31.4,25.7,18,21.1,22.4,27,24.5,33.4,42.4,45.6,56.4,28,21.6,25.2,30.8,19.4,7.2
351,평일,4,429,신용산,상행,8,18.2,34.4,56.3,39.2,30,26.4,28.9,28.2,26.6,24,29.7,38.5,41.9,24.3,16.4,15.5,21.4,12.8,6.6
352,평일,4,429,신용산,하행,14.4,14.2,21.4,24.2,19.2,15.7,19.4,20.8,25.5,23.8,32.7,42.7,47.9,59.8,29.8,23,27.2,32.5,20.2,6.8
353,평일,4,430,이촌,상행,8.2,18.8,39.7,60.8,44,30.6,26.8,28.6,27.9,26.3,22.2,30.4,33,36.5,21,14,13,18.2,10.6,6.5
354,평일,4,430,이촌,하행,17.2,16.6,26.2,30,23,18.4,21.4,22.8,26.8,25.2,34.3,43.7,51.8,61.8,32.8,25.8,26.4,34.1,23,9
355,평일,4,431,동작,상행,8,21.5,46,56.4,47.8,31.5,27.8,29.9,29.8,28,23.5,34.2,36.6,42.3,23,16.2,15.4,22.7,12.8,7.2
356,평일,4,431,동작,하행,0,18.4,25.9,31.4,22.8,18.2,22,23,26.4,25,34.8,44.4,55.4,67,37.6,26.8,28.4,35.2,24.7,9
357,평일,4,432,총신대입구,상행,9.2,25.4,50.6,65.3,49.4,31.8,28,31.3,29.3,27.2,24.8,34.6,36.6,41.1,22,16.9,16.4,21.8,13.2,7.5
358,평일,4,432,총신대입구,하행,0,23,29.6,32.9,23.4,19.2,22.8,23.6,27.7,25,35.8,45.5,55.8,66.2,41,29,29.4,37.4,25.4,9.2
359,평일,4,433,사당,상행,8.6,26.6,51.8,65.7,55.1,34.6,28.6,33.1,28.5,29.2,28,37.3,36.9,45.7,22.2,17.4,16.2,22,13.4,6.6
360,평일,4,433,사당,하행,7.8,21.7,24.8,27.6,16.2,15.8,14.4,18,23,21,26.2,41.8,43.7,59.6,36,29.8,27.5,33.3,18,4.8
361,평일,4,434,남태령,상행,18.8,39.6,98.6,105.8,99,67.2,51.3,46.7,52.3,40.2,41,49.7,62.8,75.6,35,24.4,20.9,22.8,12.2,3.6
362,평일,4,434,남태령,하행,8,33.7,47.8,48.8,27.7,28.6,31.9,32.7,38.8,38,57.8,64.2,93.8,117,68.7,59,47,55.2,42.6,7
363,주말,4,409,당고개,상행,0.1,2.4,1.2,1.1,1.4,3,1.9,3,2.6,2.9,4.3,4.5,5,5.4,4.9,6.3,4.6,3.9,5.2,0
364,주말,4,409,당고개,하행,1.4,2.7,4.4,9.5,9.3,10.8,9.5,7.2,7.6,7.7,6.2,6.6,7.6,5.2,3.4,3.8,2,2.4,1.3,0
365,주말,4,410,상계,상행,0,3.9,2.1,3.2,5.8,4.3,3.8,4.8,4.2,5.7,5,7.1,7.6,8.1,7.7,9,7.2,7.8,5.9,0
366,주말,4,410,상계,하행,2.9,4.8,8.1,15.1,16,17.5,14.6,13.4,12.8,12.2,10.5,10.2,11.7,8.6,6.2,5.6,3.6,5,2.4,0
367,주말,4,411,노원,상행,0,5.9,3.3,6,9.6,7.1,6.7,7.7,7.1,9,8.4,11.4,12.3,13.2,12.6,14,12.3,12.2,10.1,0
368,주말,4,411,노원,하행,3.5,6.8,11.4,19.5,21.6,23.5,19.4,19.1,19,17.1,15.3,16,16.9,13.2,10.5,10.6,8.3,11.4,6,0
369,주말,4,412,창동,상행,0,9.1,5.4,10,14.2,12.5,12.7,12.9,13,14.3,13.8,18.4,18.8,20.8,19.4,19.9,18.2,16.7,14.7,3.3
370,주말,4,412,창동,하행,6.2,10.2,18,27.8,35.5,35.6,31.4,28.4,28.2,25.1,23.5,23.7,24.2,21.8,15.1,13.4,11.7,13.6,13.6,0
371,주말,4,413,쌍문,상행,0,12.6,8.3,14.6,19.1,17.9,18.2,18,18.5,20.2,20.5,26.3,28.1,29.2,30.7,29.1,30,26.2,22.8,0
372,주말,4,413,쌍문,하행,8.5,13.5,22.6,34.8,43.9,43.5,38.2,34.4,32.4,28.3,26.6,25.7,26,22.5,15.7,13.6,11.8,13.2,13.2,0
373,주말,4,414,수유,상행,8.2,12.1,8.5,14.2,18.2,17.7,18.8,18.4,19.4,21.1,24.6,30.4,32.8,35.1,36.9,35.2,37.2,32.7,28.8,0
374,주말,4,414,수유,하행,11.6,16.8,24.8,40.8,50.4,50.2,45,39.7,37.7,32.8,29.2,29.2,27.5,24.5,18,14,12.6,13.6,13,0
375,주말,4,415,미아,상행,7.2,11.8,8.4,14.8,17.8,18.3,19.6,19.5,21.2,23.4,27.2,35,37.8,41.4,42.5,42.2,45.5,39.7,35.6,0
376,주말,4,415,미아,하행,12.8,17.8,26.8,43.5,53.2,52.7,48.9,40.9,39.7,34.8,30.6,30.4,28.6,25.2,18.4,14.3,12.8,13.2,12.3,0
377,주말,4,416,미아삼거리,상행,6.7,12.7,8.3,14.9,17.2,19,20.2,19.1,22.3,25.7,29.4,35.4,40.6,43.2,44.7,45.2,48,40.6,38.6,0
378,주말,4,416,미아삼거리,하행,14.5,19.8,29.8,47.6,57.3,57.1,52.9,44,42.7,38.4,32.8,33.2,29.8,26.2,18.9,15.4,13.2,12.9,12,0
379,주말,4,417,길음,상행,6.1,13,8.4,14.7,17,18.9,20.2,20.5,23.6,27.8,32.1,38.7,44.6,47.3,48.6,48.1,52.7,44.6,42.7,0
380,주말,4,417,길음,하행,17.7,20.8,29.9,49.4,62.3,61.4,59.4,48.2,45.5,41.4,35.4,35.8,32.6,27.4,20.5,16.1,13.4,12.9,11.4,0
381,주말,4,418,성신여대입구,상행,5.4,12.6,8.6,15.8,17.7,20,21.4,21.9,24.6,30.6,34,42.4,47.7,50.5,51.8,54.4,57.2,46.4,48.6,0
382,주말,4,418,성신여대입구,하행,18.9,23.2,32.9,53.4,67.6,67.6,66.7,54.5,51.8,46.2,40.5,39.5,37.2,30.3,21.9,18.1,15.7,15.4,13.2,0
383,주말,4,419,한성대입구,상행,5,13.2,9.4,17.2,19.8,21.6,23,23.4,26.6,33.1,37.5,46.9,52.8,55.2,58.8,61.1,63.7,51.7,52.9,0
384,주말,4,419,한성대입구,하행,15,23.8,33.8,54.9,69.5,69.8,69.2,56.5,54.2,48.2,42.8,41.6,39.6,32.8,23.4,19.1,16.7,16.3,15,0
385,주말,4,420,혜화,상행,4.7,13.8,9.8,18.7,22,22.6,25.3,24.8,27.9,34.4,39,48.6,53,59.6,60.7,63,65.8,53.8,50.2,0
386,주말,4,420,혜화,하행,16.2,23.2,32.4,52.9,68.8,68.9,70.8,56.9,54.1,49.3,48.4,50,50.1,43.4,34.1,33.6,35.3,28.8,26.7,0
387,주말,4,421,동대문,상행,6.2,15.2,11,21.2,26.5,30,34.8,39,46.8,45.3,48.2,55.8,61.4,64.8,62,62.4,62,52.7,50.4,0
388,주말,4,421,동대문,하행,16.7,22.8,31.7,51.8,67.5,66,68.5,56.1,54.5,51.4,51.6,53.2,53.6,47.8,36.2,35,36.9,30,27,0
389,주말,4,422,동대문역사문화공원,상행,5.8,14.6,11.7,22.6,29.8,36.1,41.8,44,49.6,47,48.2,55.3,60.3,64.4,62.1,62.4,61.8,54.4,51.4,0
390,주말,4,422,동대문역사문화공원,하행,12.6,17.7,24.7,40.5,56.3,54.1,56.3,45.2,43.7,43.7,43.2,45.1,46.2,43.3,34.2,31.4,33.2,25.8,22.9,0
391,주말,4,423,충무로,상행,4.2,9.6,9.6,20.2,26.4,33.9,38.5,38.4,43.4,40.5,42.6,47.4,50.1,50.2,49.4,47.9,46.2,38.7,36.2,0
392,주말,4,423,충무로,하행,11.4,14.9,19.2,31.3,47.6,48.8,52.4,41.2,41.9,42.5,43.5,44.7,47,45.8,35.7,31.4,33.8,26.6,22.3,0
393,주말,4,424,명동,상행,3.4,9,10,21.4,28.8,36.4,40.3,39.6,43.4,40.4,42,45.2,46.9,46.6,44.8,43.5,40.5,34.7,33.4,0
394,주말,4,424,명동,하행,11.4,13.5,17.4,28.2,42.2,42.6,45.9,36.1,35.7,37.7,39,41,43.5,42.3,33.6,31.5,35.2,29.9,23.8,0
395,주말,4,425,회현,상행,3.5,10.1,10.5,22.5,29.2,38.2,43,42.8,43.5,40.4,41.4,42.4,43.6,43,39.9,36.4,32.9,26,26.8,0
396,주말,4,425,회현,하행,6.2,14.2,15.9,25.2,35.6,35.5,38.8,32,32.2,35.8,38.4,42,46.5,44.5,36,35,35.7,29.8,27.1,0
397,주말,4,426,서울역,상행,3.5,10,11,23.6,33.1,43.5,44.9,45.6,44,39.2,38,39.2,38.6,39.9,36.3,32,31.8,26.3,26,0
398,주말,4,426,서울역,하행,5.4,8.2,8.6,15.6,24.7,24.6,28,24,24,26,28.6,32.5,34.2,34,26.2,24.2,25.6,22,24,0
399,주말,4,427,숙대입구,상행,4,9.9,9.6,17.8,24.6,33.1,32.5,33.3,32.7,29.8,27,28.6,27.8,28.8,26,22.6,21,18,16.4,0
400,주말,4,427,숙대입구,하행,6.2,8,8.3,14.7,24.3,24.4,27.4,23.5,23.6,25.4,28.4,32.2,33.6,33.5,25.8,24.4,25.6,21.7,22.2,0
401,주말,4,428,삼각지,상행,3.6,9.5,9.5,18,24.3,32.6,32,32.8,31.9,29,26.6,28.8,28.4,28.5,25.7,21.8,20,16.9,16.3,0
402,주말,4,428,삼각지,하행,9.7,9.7,9.2,16.6,27.2,26.2,29,24.5,24.8,25.8,29.4,32,36.6,34.9,27.8,26.2,29.1,24.3,24.6,0
403,주말,4,429,신용산,상행,3.2,9.5,10,18.6,25.2,34.5,34.9,36,34.8,31.4,29.4,31.9,31.2,31.7,27.8,22.7,21,17.6,18,0
404,주말,4,429,신용산,하행,9.7,9.3,8,14.3,24.4,24.8,26.1,23.2,22.8,24.4,28,31.6,35.3,35.3,29.2,27.4,31.3,26.2,25.8,0
405,주말,4,430,이촌,상행,3.1,9,11,20.8,26.8,34.8,37.1,37.2,34.3,32.2,29.4,31.8,31.2,30.8,24.2,20,17.5,14.7,16.7,0
406,주말,4,430,이촌,하행,11,9.9,9.1,16.2,27.8,28.4,30,25.6,24.8,25.4,30.2,34.5,38.4,39.2,31.5,29.8,34,29.1,27.4,0
407,주말,4,431,동작,상행,3.4,9.9,12.2,23.1,29.6,37.4,39.8,38.4,37.3,34.7,32.4,34,32.9,34.1,26.6,22.4,19.8,17.2,19.7,0
408,주말,4,431,동작,하행,0,11.8,9.4,15.4,29.6,29.2,31,26.2,25.1,25.5,30.3,35.3,39.2,40.2,32.5,32.2,36.1,30.3,28.6,0
409,주말,4,432,총신대입구,상행,6,9.8,14,24,31.2,41.4,39.9,37.5,37.2,37,33.4,34.4,33.1,35.8,27,22,19.7,17.3,19.6,0
410,주말,4,432,총신대입구,하행,0,13.8,10.8,18.2,36.1,33.7,34.8,30.1,27.5,27.8,30.6,35.7,39.9,41,34,34,37.5,31,29.9,0
411,주말,4,433,사당,상행,6.1,10.5,14.2,25.8,33.1,45,40.7,36.6,38.8,40.3,34.8,36.8,38,43,31,22.9,22.3,20,20.1,0
412,주말,4,433,사당,하행,4.8,10.3,8.1,17,39.5,37.2,29.3,23.6,25.3,27.3,26.1,26.9,32,34.2,28.7,26.5,30.3,25.9,27.4,4.9
413,주말,4,434,남태령,상행,8.3,17.7,24.7,43.4,61,73,66.7,61.7,61.4,56.6,56,63.8,62.3,90.1,43.6,32.3,31,23.9,11.2,0
414,주말,4,434,남태령,하행,4.8,19.6,15.3,28.3,76.6,63.1,58.6,48,45.7,43.4,48.7,49.9,55.6,57,47.1,49,56.1,49.4,40.6,7.3
415,평일,4,409,당고개,상행,0.2,3.4,2.8,2.8,1.3,1.5,2.1,3.1,3.3,3.2,4.2,6.6,7.2,11.7,5.8,4.2,3.2,4.2,5.2,2.4
416,평일,4,409,당고개,하행,2.8,8.6,18,18.8,12.2,7.2,7,7,5.8,4.9,5.4,5.4,5.8,5.2,3.2,2.2,2.4,2,1.9,0.6
417,평일,4,410,상계,상행,0,6.2,4.8,3.7,2.2,3.2,3.2,4.6,4.8,5.6,6.8,9.4,10.9,16.4,8.8,6.6,5.8,6.7,7.4,3.4
418,평일,4,410,상계,하행,6.2,16.5,31.4,32.5,18.8,13.3,11.6,11.2,10,8.7,9,9.6,8.6,8.2,4.7,4,4.2,4.8,3.6,0.9
419,평일,4,411,노원,상행,0,8.6,8.3,5.6,3.8,5.4,5.5,7.2,8.3,9.6,11.3,15.2,22.8,25.6,17,12.1,11.8,11,11.9,5.8
420,평일,4,411,노원,하행,7.4,21.5,40.2,45.4,25,18.6,16.6,17.3,15.2,13.8,15.8,15.2,13.8,14,8.8,8,9.4,11.4,8.4,2
421,평일,4,412,창동,상행,0,14.4,13.2,12,8.4,9.8,9.6,12.1,14.2,15.4,18.2,22.5,35.5,42.2,25.8,17.4,17.2,18.2,15.4,8
422,평일,4,412,창동,하행,12.1,28.4,55.9,61.8,41.4,29.8,25.6,25.9,22.2,21,23,23.4,17.8,18.4,12,10.2,10.4,13.2,10,4.7
423,평일,4,413,쌍문,상행,0,19.4,16.7,16,11.6,13.8,14.1,17.6,20.8,22.3,27.4,32,52.8,65,40,26.8,26.4,29,24.5,9.8
424,평일,4,413,쌍문,하행,18,35.2,70.2,78.9,51.8,34.8,32,29,26.5,22,25,25.4,19,18.9,12,10.4,10.3,13.1,9.2,3.9
425,평일,4,414,수유,상행,17.4,15.6,15.2,14.9,11.3,14,14.6,18.6,22.5,25.4,31.8,38.9,61.6,78.8,50.6,32.8,32.7,37.2,30,13.6
426,평일,4,414,수유,하행,22.2,40.6,80.6,91.8,61.2,39.2,36.7,33.3,30,25.4,27.8,27.3,20.4,20.2,12.6,10.4,10.5,12.6,9.4,3.3
427,평일,4,415,미아,상행,15.4,15.2,14,15,11.7,15.1,15.3,19,25.6,28.2,38.1,43.3,71.2,90.8,59.6,39.8,37.2,45.1,35.8,16
428,평일,4,415,미아,하행,24.4,42.3,84.6,95,64,41.4,38.4,36,32,26.9,29.2,30.7,21.2,21.8,13,10.6,10.9,13,9.8,4.2
429,평일,4,416,미아삼거리,상행,14.2,15.1,15.1,15.7,12.9,15.6,16.4,19.5,26.2,29.8,42.3,46.1,78.8,93.6,61,42.6,38.5,50.2,38.2,17.2
430,평일,4,416,미아삼거리,하행,29.3,47.2,92.6,107.2,70.8,44.4,40.7,38.4,34.3,28.5,30.5,33,22.4,22.5,13.5,11.3,11,12.7,9.6,3.9
431,평일,4,417,길음,상행,13,15.2,14.9,15,12.8,16.2,17,22.4,27.8,32,44.6,52.4,86.8,103.6,66.6,45.4,41.8,57.4,40.6,19.2
432,평일,4,417,길음,하행,31.6,51.6,100.7,119.1,78.8,47.7,43.4,42.5,36.9,30.4,32,35.4,24.2,23.3,13.9,11.6,11.1,12,9.2,3.6
433,평일,4,418,성신여대입구,상행,11.8,15.4,13.6,15.3,13.4,17.2,18.4,24.8,30.6,34,47.7,56.8,96,113.3,69.3,50,45.4,63.4,44.5,21.4
434,평일,4,418,성신여대입구,하행,39,54.2,107,127.4,87.8,52.8,48.5,46,42.2,34,37,40.4,28.2,26.7,16.2,13.4,13.6,14.6,11,4.8
435,평일,4,419,한성대입구,상행,11.5,16,14,17.7,15.4,18.8,21.2,27.5,32.9,39.5,51.4,62.8,103.2,121.8,74,54.4,49,69.7,50.4,18.8
436,평일,4,419,한성대입구,하행,30.8,55,105.8,130.9,92,54,49.9,47.6,44.4,37,37.5,43.2,30.6,28.8,17.4,14.6,15.1,15.4,12,5
437,평일,4,420,혜화,상행,11.3,16.8,15,19.2,16.6,19.5,22.6,29,34.4,41,56.4,61.8,108.6,124.2,74.8,55.8,50.6,73.8,51.2,17
438,평일,4,420,혜화,하행,32.2,53.4,101.6,127.8,89.4,55.2,53,50.4,47.2,41.4,45.2,50.8,38.4,37,21.8,19.8,27.2,31.6,20.6,7
439,평일,4,421,동대문,상행,10.5,20.2,20.4,29.8,24.8,25.8,27.1,35.9,43.2,46.2,60.8,70.4,111.1,128.6,76.4,55,48.9,70.6,49.3,17.6
440,평일,4,421,동대문,하행,32.6,50.7,94.1,124.8,86.8,52.7,52,51.1,50,44.2,47.9,56.6,44.3,39.8,23.1,20.8,27.4,32.4,20.8,7.2
441,평일,4,422,동대문역사문화공원,상행,7.9,21.3,23.6,32.1,28.8,30.3,30.4,39.4,45.8,47.8,60.9,68.2,105.8,123.2,75.8,53.1,49.5,69.4,46.6,17.1
442,평일,4,422,동대문역사문화공원,하행,24.2,36.2,63.8,88.4,68,43.4,44.4,42.5,41.9,36.6,40.8,46.6,38.4,36.2,21.5,19.5,24.1,27.3,17,6
443,평일,4,423,충무로,상행,5.8,16,19.2,30.4,24.3,28.4,27.2,34.8,38.6,42.2,49.7,55,84.2,91.1,52.3,38.9,36.3,49,32.8,12.4
444,평일,4,423,충무로,하행,22.2,27.6,49.2,67.2,55,39.2,41.3,39.5,40.8,35.8,40.6,46.8,41.6,42.3,25.4,19.7,25.7,27,18.1,6.9
445,평일,4,424,명동,상행,5.3,16.2,22.4,37.2,29.1,30.8,28.2,36.6,37.7,40.6,45.7,50,73.6,73.2,41.8,31.4,29.8,41.2,28,11
446,평일,4,424,명동,하행,21.4,25.1,43.2,56.4,46.2,33.7,37.8,35.3,37.4,34.2,38.2,45.3,41.9,45.1,25.6,20.2,27.6,30,20.2,6.4
447,평일,4,425,회현,상행,5.5,18.4,26.6,44.7,32,31.4,28.8,37.9,37.3,38.6,41.2,48,66.2,64.4,36.2,27.6,24.4,32.2,21,10.5
448,평일,4,425,회현,하행,12.6,25,36.4,41.9,35,25,30.6,31,35.6,32.8,39,48.9,47.1,52.6,28.5,24.5,27.4,31.4,20.2,6.1
449,평일,4,426,서울역,상행,5.3,19.6,30.9,52.3,37.2,36.2,31.4,37.8,35.2,35.1,35.6,39.8,53.6,52.2,31.2,23,22.8,30.6,20.5,9.5
450,평일,4,426,서울역,하행,12,15.6,21.7,26.2,21.8,17.7,22,22.6,26.4,24.1,28.8,37.7,41,48.3,25.4,19.4,22.5,24.6,17,7.4
451,평일,4,427,숙대입구,상행,9.2,17.4,29.8,51.3,29,26.6,22.8,26.9,25.5,25.5,24,29.8,35.7,35.9,20.6,15.4,16,21.6,13.6,6.4
452,평일,4,427,숙대입구,하행,12.7,15,20.4,23.6,20.8,16.8,20.8,22.6,25.6,24.1,28.5,37.3,42.2,48.7,25.6,19.2,23,24.8,17.8,6.7
453,평일,4,428,삼각지,상행,9,17.9,31.2,53.2,29.5,26.4,22.4,25.8,25,25.4,23,27.8,35.2,34,20.1,14.5,14.8,20.6,12.8,6.6
454,평일,4,428,삼각지,하행,15.2,17.4,24,29.2,24.2,17.8,21.8,22.7,27.1,24.8,30,39,43.6,53.6,25.4,20.6,24.5,29,19.4,7.2
455,평일,4,429,신용산,상행,9,19.5,33.8,53.5,33,27.8,23.6,27.7,26.7,27,23.7,30,38.4,39.8,23.5,15.9,16.2,22.1,13.6,7.2
456,평일,4,429,신용산,하행,15.6,15.8,21.1,22.6,18.4,15.7,20,21.2,25.8,23.6,29.5,39.2,45.6,57,27.2,21.8,26.4,31,20.5,7.2
457,평일,4,430,이촌,상행,9.3,20.1,39.6,57.8,37,28.4,24,27.7,26.4,26.3,22.4,30.2,33.2,35.1,20.4,13.8,13.3,18.5,10.9,7.3
458,평일,4,430,이촌,하행,18.4,18.5,25.8,27.8,22,18,21,23.5,27,24.9,31.2,41.2,48.9,58.8,30.4,24.5,25.8,32.4,22.6,9.9
459,평일,4,431,동작,상행,9.1,23.2,45.4,53.8,39.6,29.6,25.6,29.2,28.5,28,23.2,33.9,36.8,40.8,22.2,15.7,15.6,22.6,13,8
460,평일,4,431,동작,하행,0,20.2,25.8,28.9,21.8,18,21.5,23.6,26.2,25.2,32.1,42.3,53.6,63.6,35.2,25.4,28.2,33.8,24.6,10
461,평일,4,432,총신대입구,상행,10.4,27.2,50,63.2,40,30,26.4,29.9,28.6,27.2,24.4,33.7,37.4,39.3,21.4,16.4,16.6,21.5,13.2,8.2
462,평일,4,432,총신대입구,하행,0,25.2,29.2,30.7,22.8,19,23,24.7,28,25.2,33,43.4,53.6,63.8,38.2,27.5,29.1,35.6,25,10.3
463,평일,4,433,사당,상행,9.7,28.8,51,63,43.9,32.4,26.8,32.5,28.4,29,28,37.3,37.4,43.8,21.5,16.5,16.8,22.1,14,7.2
464,평일,4,433,사당,하행,8.7,23.7,24.7,26.4,15.6,15.6,14.4,18.4,23.2,21.1,24.5,40,41.8,57.6,34,28.6,27.4,32.5,18.1,4.8
465,평일,4,434,남태령,상행,21.5,43.9,95.8,103.6,89.1,64.3,48.1,44.9,52.4,39.2,41.6,50.9,62.8,73,34.2,23.6,23.2,23.1,12.6,4
466,평일,4,434,남태령,하행,8.8,36.4,47.8,48.1,26.4,28.4,31.9,33.2,38.9,38,54.2,60.9,90.4,113.5,64.8,55.8,46.5,53.9,42.6,7.2
467,주말,4,409,당고개,상행,0.2,2.3,1.4,1.2,1.3,3.1,2.1,2.9,2.4,2.4,4.3,3.6,4.6,4.5,4.4,5.2,4.7,3.9,4.6,0
468,주말,4,409,당고개,하행,1.8,2.7,5.1,9,8.8,9.4,8.2,6.2,6.6,6.6,5.5,5.5,7,4.7,2.7,3.4,1.9,2.4,1.4,0
469,주말,4,410,상계,상행,0,4,2.3,2.8,5.8,4.1,3.9,4.5,4,4.8,4.9,5.6,6.8,7,6.6,7.6,7.1,7.4,5.3,0
470,주말,4,410,상계,하행,3.6,5,8.5,14.4,15.4,15.4,12.8,11.2,10.8,10.2,9.1,9.4,10.4,8,5,5,3.6,4.9,2.4,0
471,주말,4,411,노원,상행,0,6.1,3.8,5.8,9,6.6,6.7,7,6.8,7.4,8,9.5,10.9,11.8,11,11.9,11.6,11.7,8.9,0
472,주말,4,411,노원,하행,4,7,11.4,19,20.7,20.9,17,17.6,16,14.6,14.1,15.1,15.1,12.5,8.7,9.3,7.7,10.9,5.3,0
473,주말,4,412,창동,상행,0,10.2,6,10.8,13.8,11.6,12.1,12.1,11.8,12.4,13.6,15.2,16.6,18.5,16.6,17.3,17.1,16.2,13.1,2.9
474,주말,4,412,창동,하행,6.9,11.5,17.4,27.1,34.8,31.9,27.8,26.1,23.8,21.7,21.1,21.9,21.4,19.8,13.5,11.6,11,13.2,12.2,0
475,주말,4,413,쌍문,상행,0,13.5,9,15.8,18.8,16.8,17.2,16.7,17.1,18.5,19.8,22.4,25,25.6,26.2,25.8,28,25.6,20.2,0
476,주말,4,413,쌍문,하행,9.2,15,22.5,33.8,42.2,38.9,33.6,30.5,27.8,24.3,24,24.4,23,20.4,14.2,12.1,11.2,12.4,11.9,0
477,주말,4,414,수유,상행,10.4,12.6,9.2,15.6,17.8,16.8,17.9,17.8,18.4,19.5,22.2,27.3,28.4,30.9,31.5,31.4,34.6,31.4,25.3,0
478,주말,4,414,수유,하행,12.4,18.3,25.8,39.8,47.3,45.6,39.2,35.2,32.5,28.1,26.2,27.3,25,21.6,15.9,13.2,11.8,12.6,11.9,0
479,주말,4,415,미아,상행,8.5,12.6,9.3,15.9,18,17.4,18.8,19,20.4,21.8,25.1,31.6,33.1,36.8,36.5,37.3,42.2,38.2,31.1,0
480,주말,4,415,미아,하행,13.6,19.6,27.5,42.1,50,48,42.4,36,34.2,29.8,27.5,28.4,26,22,17,13.8,12.5,12.5,11.6,0
481,주말,4,416,미아삼거리,상행,7.6,13.2,9.2,15.9,17.4,18.3,19.2,19.5,21.6,23.3,27.8,32.1,35.3,38.2,38.7,40.3,44.9,37.7,33.6,0
482,주말,4,416,미아삼거리,하행,15.4,21.4,30.3,45.8,53.9,51.5,45.9,39.1,37.3,32.8,30,30.2,28,23,17.5,14.9,13.1,12.1,11.9,0
483,주말,4,417,길음,상행,6.7,13.6,9.4,15.8,17.6,18.8,19.4,21.5,23.3,25.1,30.3,34.6,39.8,42.3,41.3,43.1,49,41.4,37.3,0
484,주말,4,417,길음,하행,18.8,22.7,29.9,47.8,57.7,55.7,51.6,42.4,39.1,35.4,32.6,33.1,30.6,24.6,18.7,15.4,13.6,12.1,11.2,0
485,주말,4,418,성신여대입구,상행,5.6,12.8,9.6,17,18.2,20.2,22,22.1,24.2,27.4,32.6,35.4,43.4,46.3,42.6,50.6,50.6,44.4,43.4,0
486,주말,4,418,성신여대입구,하행,20.1,25.1,32.6,51.6,63,61.1,58.4,47.6,44.3,40.2,36.1,36.1,34.9,27.7,20.7,17.2,15.8,14.6,12.6,0
487,주말,4,419,한성대입구,상행,5,13.4,10.4,18.2,19.8,21.5,23.6,23.8,26.2,30.1,36.3,39.2,46.7,51.3,46.4,55.8,56.2,49.4,45.3,0
488,주말,4,419,한성대입구,하행,15.9,25.6,33.5,53,64.8,63,60.8,49.4,46.5,42,38,38,36.7,30,21.6,18.3,16.8,15.5,14.4,0
489,주말,4,420,혜화,상행,4.8,14.2,10.8,19.3,21,23.2,24.8,25.4,26.8,31.5,37.8,40.6,50.2,51.7,48.1,57.8,58,51.4,44.5,0
490,주말,4,420,혜화,하행,17,25.3,32.1,52.6,63.6,62.6,61.2,49.2,47,42.7,43.3,46,46.5,39.9,31,31.4,34.6,26.8,24.8,0
491,주말,4,421,동대문,상행,6.4,15.8,12,21.6,24.5,29.5,34.3,38.1,43.8,43.7,45.4,50.9,56,55.6,51.4,54,57.6,49.3,45,0
492,주말,4,421,동대문,하행,17.2,24.7,31.6,51.3,62.8,61.2,60.1,49.2,47.8,44.5,46,47.9,48.4,42.8,32.4,31.9,35.9,27.4,25,0
493,주말,4,422,동대문역사문화공원,상행,5.8,15.1,12.6,23,27.1,34,38.9,41.6,45.5,45,46.3,50.6,55.9,55.2,51.7,54.6,57.5,52.4,44.2,0
494,주말,4,422,동대문역사문화공원,하행,13.1,18.6,24.5,39.8,51.4,49.1,48.9,39.8,38.2,37.4,38.8,39.4,41.1,38.6,30.2,30,32.2,24.5,23,0
495,주말,4,423,충무로,상행,4.2,10,10.5,20.2,24.7,31.8,36,36.8,39.3,37.9,40.4,44.8,44.7,43.8,41.6,42.4,43.2,37.9,30.9,0
496,주말,4,423,충무로,하행,12.3,15.9,19.2,30.4,43.7,45.7,46.4,37.5,36.8,37.2,38.3,39.2,39.8,40.5,31,28.9,31.9,24.4,22.2,0
497,주말,4,424,명동,상행,3.4,9.2,10.2,21.1,26.5,32.9,36.5,36.1,37.6,36.2,38.9,42.7,42.6,40.7,38.9,38.5,38.6,34.3,29.6,0
498,주말,4,424,명동,하행,11.9,14.4,17.6,27.7,39,40.5,41.6,33.9,32.6,33.8,35.5,36.3,37.3,37.9,30,27.2,32.5,26.9,21.5,0
499,주말,4,425,회현,상행,3.4,10.2,10.6,22,27.3,34.1,38.4,37.3,39.2,35.6,37.8,40.8,40.3,38,35.2,34.3,32.2,26.3,23.8,0
500,주말,4,425,회현,하행,6.7,15,16.2,24.6,33,34.4,36.9,30.7,32.6,32,35.7,37,40.1,39,31.8,30.4,32.8,26.7,24,0
501,주말,4,426,서울역,상행,3.2,10.3,11.1,23.1,30.7,37.3,40.4,39,38.8,35,35.6,36.3,37,35.5,32.4,30.1,31.2,26.1,23.9,0
502,주말,4,426,서울역,하행,5.4,8.9,8.6,15.4,23,23.2,25.7,22.2,23,22.4,26,27.9,29.9,29.4,22.8,20.8,24,19.6,21,0
503,주말,4,427,숙대입구,상행,4.6,10,10,16.8,22.2,27.3,28.6,26.8,28,27.4,25.5,27.2,27,25.4,22.4,21,20,17.8,15.8,0
504,주말,4,427,숙대입구,하행,6.2,8.8,8.4,14.4,22.7,22.7,25.2,22,22.6,22,25.5,27.9,29.9,29.1,22.5,21,24,19.4,19.2,0
505,주말,4,428,삼각지,상행,4,9.6,9.8,17.2,21.9,26.8,28.3,25.5,26.8,26.4,24.8,26.8,26.2,24.9,22,20,19,16.8,15.9,0
506,주말,4,428,삼각지,하행,11.1,10.5,9.5,16.2,25.5,24.2,26,22.6,22.5,22.7,26.6,28.5,31.9,30.1,23.9,22.7,26.4,22.8,22.2,0
507,주말,4,429,신용산,상행,3.5,10,10.1,17.7,23.3,28.6,30.4,27.7,28.7,28.5,26.8,29.8,28.6,27.9,23.2,21.1,19.9,17.6,17.4,0
508,주말,4,429,신용산,하행,11.1,10.4,8.1,14,23.2,22.4,23.9,20.8,20.8,21.4,25.4,27.7,30.5,30,25.2,23.6,28.6,25.4,23.2,0
509,주말,4,430,이촌,상행,3.6,9.6,10.9,20,24.7,30.1,31.9,29.4,29.1,28.8,26,29.4,27.6,27.2,20.4,18.6,16.6,14.1,15.6,0
510,주말,4,430,이촌,하행,12.6,11.2,9.4,16.2,25.5,25.2,26.8,22.6,22.2,23.1,26.4,31,33.5,33.7,27.2,25.3,31,28.1,25.4,0
511,주말,4,431,동작,상행,4,10.8,12.4,21.9,27.5,32.8,33.3,31.5,31.7,30.4,28.5,31,28.8,29.8,22.5,21.1,18.4,16.2,19,0
512,주말,4,431,동작,하행,0,13.6,9.7,15.5,26.8,25.9,27.8,22.7,22.1,23.3,26.5,31.6,34.3,34.3,28.4,26.5,32.5,28.6,26.2,0
513,주말,4,432,총신대입구,상행,6.5,10.6,14.4,22.8,29.4,36.3,33.3,31.1,31.8,30.8,28.5,30.9,28.5,30.9,23,19.6,18.3,16.4,18.4,0
514,주말,4,432,총신대입구,하행,0,15.9,11.3,18,32.3,29.3,30.9,25.6,23.9,25.1,27.2,32.7,35.7,34.5,29.7,28,32.9,29.4,26.6,0
515,주말,4,433,사당,상행,6.7,11,14.8,24.6,31,40.4,34.6,30.8,33.3,33.7,30.6,31.5,32,36.8,26.6,20,19.6,19,18.4,0
516,주말,4,433,사당,하행,5.4,11.7,8.4,17.2,34.8,31.4,24.4,19.9,20.7,23.6,22.6,24.1,27,29,24.6,23.5,26.9,24.5,23,6.4
517,주말,4,434,남태령,상행,13.3,19.4,25,41,54.8,65,56,51.2,51.6,46.4,49.9,53.9,50.4,78.5,37.6,26,25.2,22.8,10,0
518,주말,4,434,남태령,하행,5.5,22.2,15.9,28.6,68,52.8,49.2,40.6,37.4,37.2,42.4,44.3,46.8,48.2,40.5,43,49.7,46.5,45.8,6.3
519,평일,4,409,당고개,상행,0,3.3,3.3,3.2,1.7,1.6,2.2,3.4,4.1,3.1,5,6.6,9,10.9,5.6,4.2,3.2,3.8,5.1,2.4
520,평일,4,409,당고개,하행,2.7,7.4,16.2,19.6,13.2,7.2,8.1,7.6,7.2,5.5,5.9,6.3,6.8,5.9,3,2,2.2,2.1,2.2,0.6
521,평일,4,410,상계,상행,0,5.6,5.2,4.4,2.8,3.1,3.4,4.9,5.7,6,7.8,9.2,13.2,14.8,9.2,6.5,6.6,6.9,6.1,3.3
522,평일,4,410,상계,하행,5.8,14.8,29.2,34.2,20.3,14.2,13,12.8,11.6,9.7,9.7,10.2,9.6,8.7,5,3.8,4,4.6,3.6,0.8
523,평일,4,411,노원,상행,0,8.2,8,6.5,4.4,4.8,5.4,8.2,9.3,10,13.4,15.6,23.8,26.2,17.4,12,11.8,12,10.5,5.2
524,평일,4,411,노원,하행,7.1,20,38.4,47.4,27.2,19.8,18.6,19,16.8,15.4,16.6,16.3,15.3,14.5,9.1,8,9.2,10.4,7.8,1.7
525,평일,4,412,창동,상행,0,13.6,12.3,13.2,9.4,9,9.6,13.4,15.4,16.1,20.6,23.7,37.6,42.8,26.8,17.5,17.4,17.8,15,7.5
526,평일,4,412,창동,하행,11.8,26.3,52.9,66.2,45.8,31.4,28.3,28,24.1,23,24.2,24,19.5,19,12,10,10.2,12.4,9.2,4
527,평일,4,413,쌍문,상행,0,18.6,15.4,17.4,13,13.1,14.5,18.8,21.8,23.5,29.9,34.7,55.7,66,41.3,27.5,26.6,28.4,23.7,9.2
528,평일,4,413,쌍문,하행,17.5,32.9,66.5,84,57,36.7,35,31.8,28.4,24.1,26,26.1,20.4,19.5,12,10,10,12.4,8.6,3.3
529,평일,4,414,수유,상행,16.2,14.6,14.4,16,12.3,13.2,14.8,19.6,23.3,26.6,35,41.4,67.1,79.4,51.5,34.3,33.2,36.3,29.4,12.7
530,평일,4,414,수유,하행,21.4,37.8,76.2,98,66.4,41.3,40,36.4,32,27.4,29.2,28,21.6,20.9,12.5,10,10.1,11.8,8.8,3
531,평일,4,415,미아,상행,14.8,14.3,13.4,15.7,12.5,13.8,15.8,20,25.8,29.3,40.3,46.6,77.4,92,61,40.4,39.1,44.4,34.2,15.2
532,평일,4,415,미아,하행,23.6,39.8,80,101.7,69.2,43.2,41.6,38.9,34.4,29.1,30.6,31.1,22.4,23.1,12.9,10.4,10.6,12.2,8.8,3.6
533,평일,4,416,미아삼거리,상행,13.6,14,14.2,16.6,13.4,14.4,16.8,21.3,27.4,31.8,43.3,50.8,81.8,95.8,63.7,42.6,40.5,47.7,36.6,16.4
534,평일,4,416,미아삼거리,하행,28,44.2,87.8,114.8,76.2,46.4,44.4,41.2,36.9,30.6,32.2,32.8,23.4,23.8,13.5,10.9,10.8,12,9,3.4
535,평일,4,417,길음,상행,12.9,14,14.2,15.8,13.4,15.2,17.2,24,28.5,33.8,47.3,56,90.1,105.4,68.6,46.8,43,56,39.6,18.1
536,평일,4,417,길음,하행,30.2,48.5,95.6,125.7,83.6,50.1,46.7,45.4,39.3,32.4,33.8,35.5,25.5,25,14,11.4,11,12.1,8.8,3.2
537,평일,4,418,성신여대입구,상행,11.6,14.2,13.4,16,14.7,16.7,19.2,26.5,30.8,36.8,50.8,60,100.5,114.6,72.5,50.8,46.2,62.6,43.2,20.1
538,평일,4,418,성신여대입구,하행,37.2,51.2,102,133.4,95,55.5,51,49,43.8,36.4,39,40.4,30.3,29,16.7,13.2,14,15,10.8,4.2
539,평일,4,419,한성대입구,상행,11.2,14.8,14,19.2,16.2,18.8,23,28.8,33.2,40.6,56.3,66.4,108,123,77.8,55.3,50.2,69.1,48.1,18.9
540,평일,4,419,한성대입구,하행,29.4,52.1,100.2,136.7,99.2,57,52.5,50.4,46,39.1,40.4,43.9,33.1,31.6,18.3,14.6,15.6,15.8,11.5,4.4
541,평일,4,420,혜화,상행,11.4,15.6,14.7,21.4,17.6,20.4,24.8,31,34.9,42.4,58.8,66.7,112.8,124.2,77.8,57.5,51.4,73.2,49,16.2
542,평일,4,420,혜화,하행,30.5,50.6,96.4,133,96.2,57.6,55.6,55,49,43.9,49.2,53.4,41.8,41.4,23.2,20.5,28.4,33.8,20.4,6.3
543,평일,4,421,동대문,상행,10.3,18.4,20.2,32.8,27,28.2,29.2,38.7,45.2,49.4,62.7,72.5,117.8,128.9,79.8,57,49.2,69.7,46.5,16.6
544,평일,4,421,동대문,하행,30.8,48,89.2,129.4,92.9,55.5,53.7,54.8,51.4,46,51.7,59.3,47.3,44.1,25,20.8,28.2,34.2,20.4,6.4
545,평일,4,422,동대문역사문화공원,상행,7.8,19.5,21.5,36,29.8,32.4,32.4,42,47.4,50.6,62.4,70.4,112,123.7,79.2,55.7,50,69.5,43.8,16.8
546,평일,4,422,동대문역사문화공원,하행,22.5,34.8,60.2,92.2,72.5,45.6,46,44.8,44,38.6,44,49.8,41.6,39.9,23.2,19.4,24.7,27.7,16.6,5.4
547,평일,4,423,충무로,상행,6,14.6,19,31.3,25.5,29.4,28.8,36.6,40.3,43.8,51.7,57.8,87.6,93.2,55.6,40.8,37.6,50.3,31.4,12.6
548,평일,4,423,충무로,하행,20.2,27,47.4,69.7,59.6,39.3,41.8,40.9,41.4,37.7,44.4,50.8,45.3,46.2,26.9,21,26,27.9,17.5,6.1
549,평일,4,424,명동,상행,5.8,14.8,22.1,37.7,30.4,33.3,30.1,38.3,39.6,42.1,47.4,53.8,75.2,75.7,44.2,33,30.8,42.1,27,11
550,평일,4,424,명동,하행,19.5,24.4,41.8,57.6,49.4,33.9,38.2,36.1,37.4,35.6,42.2,49.8,45,48.4,27.1,22,28.6,31.7,19.4,5.7
551,평일,4,425,회현,상행,6,17,25.8,45.9,34.6,33.4,31,40,39.8,40.2,43,50.4,67.7,66.6,38.2,28.3,24.6,31.6,20.8,10
552,평일,4,425,회현,하행,11.4,23.6,35.4,43,38.2,26.1,31.4,31.4,34.8,33.8,42.6,53,50.6,55.9,30.6,25.2,29.1,32.3,19.4,5.4
553,평일,4,426,서울역,상행,5.6,18.6,29.6,54.2,39.6,37.8,33.4,40.3,38,36.4,37,41.8,55,55,33,23.8,23.1,30.2,20.2,8.6
554,평일,4,426,서울역,하행,9.9,14.6,21.2,27.2,24.6,19,22.4,22.8,26.2,25.2,31.3,40.8,43.3,50.6,26.6,20,23.6,25.1,16.4,6.9
555,평일,4,427,숙대입구,상행,8.6,17,28.2,50.8,32.6,28,23.6,29,27.5,26.7,26,31.4,37.4,37.9,21.7,16,15.6,21.5,13,5.8
556,평일,4,427,숙대입구,하행,11.2,14.2,20,24.4,22.8,17.2,20.5,22.6,25.4,25,31.2,40.8,44.7,51,27,20.4,23.4,25.2,17.5,6.4
557,평일,4,428,삼각지,상행,8,17,29.8,53.3,33.2,28.4,23.6,28.2,26.2,26.2,24.2,29.4,36.4,35.9,20.7,14.9,14.3,19.8,12.2,5.8
558,평일,4,428,삼각지,하행,13.4,16.3,23.6,30.3,26.2,18.3,21.3,22.6,27.2,25.2,32.6,42.6,46.8,54,28.6,21.8,24.8,29.3,18.6,6.8
559,평일,4,429,신용산,상행,8.3,18.6,32.3,55.2,36.3,30.2,25.2,30.5,27.6,27.5,25,31.6,39.7,42,24,16.6,15.4,21.2,12.9,6.4
560,평일,4,429,신용산,하행,13.9,14.8,20.8,23.4,19.9,15.8,19.4,20.9,25.8,24.2,32,42.7,48.8,57.3,30.6,23.2,26.9,31.4,19.8,6.7
561,평일,4,430,이촌,상행,8.6,19.4,38,59.9,41,30.6,25.8,30.4,27.4,26.9,23.2,31.9,34.6,37,20.8,14.1,12.8,17.5,10.6,6.3
562,평일,4,430,이촌,하행,16.7,17.5,25.4,28.4,23.6,18.3,21.1,23.2,27.2,25.6,33.5,44.4,51.8,60.3,32.4,24.4,27.8,32.8,21.9,9.2
563,평일,4,431,동작,상행,8.4,22.1,40.2,60.2,44.1,30.8,27,30.8,29.9,28.4,24.8,35.8,38.4,42.6,23.1,15.8,15.2,21.2,12.8,6.8
564,평일,4,431,동작,하행,0,19,25.5,29.6,23.6,18.2,21.6,23.2,26.8,25.7,34.4,45.8,56.2,66.2,36.8,26.4,28.7,34.7,23.6,9.4
565,평일,4,432,총신대입구,상행,9.7,26.2,50.1,62.2,46.8,31.1,27.5,32.1,29.7,27.8,26,36.1,39,40.8,22.1,16.4,16,20.4,13.1,7
566,평일,4,432,총신대입구,하행,0,23.3,28.8,31.4,24.6,19.2,22.4,24.3,27.4,25.8,35.4,46.8,56.9,65.5,39.8,28.5,29.2,36.1,23.8,9.8
567,평일,4,433,사당,상행,9.2,27.6,51.8,63.6,48.2,33.8,28,34.4,28.8,30,29,39,38.7,45.3,22.2,16.8,16.1,21,13.3,6.4
568,평일,4,433,사당,하행,8,21.7,25.6,28,16.8,16.2,14.6,18.4,23.4,21.5,26.3,43.6,44.9,59.4,35.3,28.6,27.2,32,16.9,4.2
569,평일,4,434,남태령,상행,14.1,42.6,94.8,108.6,98.9,66.2,50.2,47.9,52.8,41,44.5,54,66.2,77,36.4,24.1,21.2,21,11.3,3.6
570,평일,4,434,남태령,하행,8,32.8,49.2,51.4,28.6,29.4,32.5,33.2,39.3,38.8,58.1,66.6,97,117,67.5,56,46.4,53,39.7,6.7
571,평일,4,409,당고개,상행,0.1,3.4,3.4,3.6,1.8,1.4,2.3,3.6,3.9,3,5.2,6.8,9.3,11.1,5.8,4.5,3.4,4.6,5,2.5
572,평일,4,409,당고개,하행,2.6,7.8,16.8,19.6,13.8,7.1,8.4,7.4,7.2,5.2,5.8,6.2,7,6.4,3.4,2.2,2.4,2.3,2,0.5
573,평일,4,410,상계,상행,0,5.6,5.2,4.6,2.7,3,3.4,5,5.4,6.1,8,9.2,13.6,15,9.5,6.9,6.8,7.4,6.2,3.5
574,평일,4,410,상계,하행,5.6,15.3,30.2,34.3,21.6,13.2,13.3,12.8,11,9.1,9.4,10.6,9.7,8.9,5.6,4,4.2,5,3.6,0.8
575,평일,4,411,노원,상행,0,8.3,8.5,6.5,4.3,4.6,5.7,7.9,9,10,13.8,16.1,23,26.6,17.8,12.8,12.4,12.4,10.5,5.6
576,평일,4,411,노원,하행,6.7,20.7,39.2,47.2,28.8,18.6,19.1,19.3,16.5,14.8,16.4,16.5,15,14.6,9.8,8.2,9.2,11.4,8.2,1.8
577,평일,4,412,창동,상행,0,13.8,13.3,13.3,9.4,8.6,10,12.6,14.8,15.8,20.8,24.4,35.8,42.7,27.4,18.1,18,18.2,15.2,7.8
578,평일,4,412,창동,하행,11,27,53,65.2,47.3,29.8,29,27.6,23.4,22,23.7,24.2,19.4,19.2,12.7,10.2,10.6,12.8,9.6,4.1
579,평일,4,413,쌍문,상행,0,18.5,16.4,17.7,12.7,12.8,14.6,17.8,21.4,22.9,29.9,35.2,53.1,65,41.7,28,27.5,28.9,24.1,9.2
580,평일,4,413,쌍문,하행,16.2,33.7,66.6,83.2,58.6,35.6,35.9,31.2,27.6,23.2,25.2,25.6,20.5,19.7,12.8,10.1,10.4,12.2,8.9,3.4
581,평일,4,414,수유,상행,15.7,14.8,15,16.3,12,12.8,14.9,18.7,23,25.9,34.9,41,64.8,77.2,53.3,34.9,34.8,37.5,29.8,13
582,평일,4,414,수유,하행,20,38.6,77.2,96.8,67.4,40,41.2,36.4,31,26.3,28.2,27.6,21.7,21.4,13.1,10.6,10.4,12.2,9,3
583,평일,4,415,미아,상행,14.4,14.2,13.8,16.2,12.4,13.3,15.9,19.4,25.5,28.6,40.4,46.2,74.8,89.2,63.2,40.5,41.2,47.1,34.8,15
584,평일,4,415,미아,하행,22.2,40.3,81.4,101.1,70.2,42.7,41.7,38.6,33.5,28,29.6,30.8,22.4,23.7,13.4,10.8,10.8,13,9,3.7
585,평일,4,416,미아삼거리,상행,13.6,13.6,15.2,17.4,13,14,17,20.6,27.4,30.2,44.1,49.4,81.2,92.6,65,43.6,42.5,52.9,37.2,16.4
586,평일,4,416,미아삼거리,하행,26.4,44.3,89.4,114.8,76.1,45.6,44.2,41,36,29.7,31.2,32.2,23.4,24.5,14,11.2,11,12.9,9,3.4
587,평일,4,417,길음,상행,13,13.8,14.7,16.4,12.8,15.1,17.3,22.5,28.9,31.9,46.6,55.7,88.2,103.4,68.8,49.9,45.1,58.8,39.7,18
588,평일,4,417,길음,하행,28.5,48.6,97.6,125.8,84,49,46.6,44.8,38.6,31.8,33.1,34.4,25.5,26,14.6,11.8,11.1,13,9,3.2
589,평일,4,418,성신여대입구,상행,12.2,13.8,13.8,16.6,14.6,16.8,19.4,25,30.8,34.7,49.4,59.5,97.7,112.4,73.6,52.8,48.3,63.8,44.2,20
590,평일,4,418,성신여대입구,하행,34.8,51.5,104,134.7,94.4,54.3,50.7,48.4,43.1,35.8,38.4,39.3,30.9,30.9,17.6,14,14.4,16.4,11.4,4.4
591,평일,4,419,한성대입구,상행,11.9,14.4,14.2,20.8,16.6,18.3,24.8,27.6,32.8,39.6,54.2,65.8,105.2,121.5,79.2,58,52.5,70,49.6,19.6
592,평일,4,419,한성대입구,하행,27.6,52,102.7,137.8,99.1,55.4,52.4,49.8,44.8,38.4,40.3,43,33.4,33.8,19.7,15.7,16.4,17.2,12.2,4.4
593,평일,4,420,혜화,상행,12.2,15.2,14.9,23.5,18.4,19.6,26.6,30.1,34.2,41.7,58,65,110,122.1,79.6,60,52.8,75.6,49.5,17
594,평일,4,420,혜화,하행,28.3,50.2,98.5,134.6,96.6,56.1,55,52.2,48,43.2,49.2,52.8,42.8,44,24.8,22.1,30.6,34.6,21.9,6.6
595,평일,4,421,동대문,상행,10.8,18.2,20.6,35.2,27.4,27.4,32,37.8,43.4,49.7,61.2,68.1,116.4,126.9,81.8,59.6,50.5,72.9,46.7,17.6
596,평일,4,421,동대문,하행,28.7,47.9,91.2,131.7,93.6,55.1,54.3,52.6,49.7,46.1,51.8,58.6,48,47,27,22.4,30.4,35.8,22.9,7.2
597,평일,4,422,동대문역사문화공원,상행,8.1,19.4,22.5,38.4,30.4,31.9,35.6,41.7,46.5,51,61.2,66.6,111.6,121.7,81.8,58.6,52.8,70.6,44.7,18.2
598,평일,4,422,동대문역사문화공원,하행,21.4,34.6,62.1,94.6,74.6,44.9,47.4,45.6,41.2,39.8,44.4,49.8,42.7,43.1,25.8,20.9,27.2,29.8,18.6,6.1
599,평일,4,423,충무로,상행,6,15,20.4,34.2,26.6,30.1,31.2,37,40.2,44.5,52,56,88.7,93.1,57.8,43.2,39.7,51.4,33,13.6
600,평일,4,423,충무로,하행,19.6,26.2,48.8,71.1,60.8,39.2,43,41,39.6,39,44.4,51,46.1,49.3,29.4,23.1,29.6,30.4,20.2,6.9
601,평일,4,424,명동,상행,5.8,15.3,24.2,41.6,32.4,33.9,32.2,39,39.4,42.8,47.7,52,77.8,76.3,46.2,34.2,32.1,42.2,27.8,12.4
602,평일,4,424,명동,하행,19,23.6,43,58.9,50.7,34.3,39.2,36,36.3,36.5,42.2,50.8,45.9,51.4,29,23.6,31.8,33.8,22.4,6.3
603,평일,4,425,회현,상행,5.9,17.9,28.4,50,36.2,34.7,32.6,40.8,39.8,40.4,43.6,47.3,69.8,66.5,40.3,29.6,25.8,31.4,20.6,12.2
604,평일,4,425,회현,하행,11.4,22.8,36.5,44.1,39.2,26.4,32.2,31.4,33.6,34.6,42.8,54,51.2,59.4,33,27.4,31.8,35,22.1,6
605,평일,4,426,서울역,상행,5.6,19.2,33.2,58.2,41.2,38.9,35.2,41.2,38.1,36.4,37.6,38.9,57.2,54.8,34.8,24.5,24,30,20.1,10.7
606,평일,4,426,서울역,하행,9.5,14.6,23.1,29.2,25.6,19.4,23.1,22.6,24.4,25,31,40.6,43,51.6,27.3,21,25.3,25.4,17.5,7.2
607,평일,4,427,숙대입구,상행,8,17,30.4,51.5,32.7,27.8,23.6,28.3,27.3,26.4,25.4,29.5,38.8,39.7,23.2,17.2,17.4,22.7,13.4,6.2
608,평일,4,427,숙대입구,하행,10.6,14.2,21.6,25.8,23.8,17.2,20.7,22.6,24.5,24.2,31.2,41,44.6,52.1,27.8,21.3,25.4,25.9,18.8,6.8
609,평일,4,428,삼각지,상행,7.6,17.1,32.5,53.4,33.7,28.5,24,27.5,26.4,25.7,23.5,27.7,37,37.9,22,15.8,15.6,21,12.4,6.4
610,평일,4,428,삼각지,하행,12.8,16.3,25.2,31.3,27,18.2,21.3,22,26.8,24.1,32.9,42.1,46.4,55.6,29.4,22.8,26.7,31,19.6,7.2
611,평일,4,429,신용산,상행,8,18.5,35.4,55.9,37,30.4,25.5,29.8,27.6,27,24.2,29.8,40.2,43.6,25,17.5,16.9,22,13,6.8
612,평일,4,429,신용산,하행,13.2,15,22.5,24.3,20.2,15.8,19.5,20.6,25.5,23.1,32.2,41.9,48,58.6,31.2,24.6,28.7,32.8,20.5,7
613,평일,4,430,이촌,상행,8.1,19.6,41,60.4,41.8,30.2,27,28.8,27,26.1,23,30.6,35,38.8,21.6,14.8,14.1,18.5,10.8,6.5
614,평일,4,430,이촌,하행,16,17.3,27,29.1,23.8,18.2,21,23,26.4,24.5,33.4,43.6,51.4,61.8,33,25.8,29.4,34.2,23.1,9.3
615,평일,4,431,동작,상행,8.1,22.5,43.2,60.6,44,30.8,28.2,29.5,29.6,27.4,24.2,34.1,38.5,44.2,23.7,16.4,16,23,12.6,7
616,평일,4,431,동작,하행,0,18.4,27.2,30,23.6,18.3,21.4,23.2,25.6,24.6,34.6,45,56.4,67.4,37.8,27.8,30.2,34.8,25.2,9.4
617,평일,4,432,총신대입구,상행,10,27.4,53.2,62.6,46.2,31.4,28,30.8,29.6,27,25.3,34.4,38.7,42,22.6,17.2,17.4,21.2,12.8,7.2
618,평일,4,432,총신대입구,하행,0,22,30.6,31.3,24.2,19,22.2,24.5,26.4,24.6,35.3,46,56.8,66.2,41.1,30,31.1,37.3,25.4,10
619,평일,4,433,사당,상행,9.4,28.9,55,64.8,47.8,34.1,29,33.6,27.7,29.4,28.2,36.9,38,46.4,22.8,17.6,17,21.6,13.2,6.8
620,평일,4,433,사당,하행,7,20.9,26.7,27.4,15.6,14.4,13.8,18,22.2,20.6,26,42.2,44.6,60,36.4,29.8,28.4,32.4,17.7,4.8
621,평일,4,434,남태령,상행,14,43.8,98.8,110.5,96.4,67.4,50.8,46.6,50.8,38.5,39.8,48.3,63.1,77.1,35.7,23.8,21.7,21.2,11.4,3.6
622,평일,4,434,남태령,하행,7,31.4,51,50.2,26.7,26.4,30.4,32.6,37.8,36.9,57.8,64.2,96.4,117.6,69.2,59.4,48.4,53.6,41.7,7.1
623,주말,4,409,당고개,상행,0.2,2.1,1.4,1.4,1.4,2.8,2.5,2.9,2.7,2.9,5.1,4.5,5.7,5.4,5.6,6.6,5.4,4.3,5.1,0
624,주말,4,409,당고개,하행,1.5,2.5,4.6,10,10,10.8,10.3,7.4,8.8,8.6,6.7,6.6,7.5,5.1,3.1,3.7,2,2.2,1.2,0
625,주말,4,410,상계,상행,0,3.4,2.4,4,5.2,4.9,4.5,4.4,4.8,5.2,6.1,7.5,7.8,8.8,8.3,8.6,8.5,7.4,5.5,0
626,주말,4,410,상계,하행,3.2,4.8,8.1,15.9,16.8,17.5,15.5,13.3,14.2,12.9,11.4,10.4,11.6,8.8,5.7,5.4,4.2,4.8,2.3,0
627,주말,4,411,노원,상행,0,5.6,3.7,6.7,9,7.8,7.1,7.3,8.4,8.3,9.6,12,13,14.5,13.2,13.7,13.5,11.7,9.6,0
628,주말,4,411,노원,하행,3.6,6.9,11.2,20.4,22,24.6,20.6,19.7,20.5,17.8,16.4,16.6,16.6,13.8,9.9,9.8,8.7,10.6,5.2,0
629,주말,4,412,창동,상행,0,9.5,5.6,10.8,13.6,13.4,11.6,13.6,13,13.8,15.6,18.4,19.5,22.7,20.4,20.1,19.5,16.8,14.3,3.6
630,주말,4,412,창동,하행,6.4,11,17.6,29.5,35.8,36.9,33,29.7,30.3,26.6,24.7,24.4,23.2,21.9,15.8,12.4,11.7,12.9,12.1,0
631,주말,4,413,쌍문,상행,0,12.3,8.5,15.2,19,18.6,16.9,18.7,19,20.1,22.6,27,28.6,32.6,29.6,31.7,31.5,26.1,22.1,0
632,주말,4,413,쌍문,하행,8.8,14.2,22.2,36.6,43.9,45.1,40.1,35.6,34.7,30.4,27.6,26.9,24.7,22.6,16.3,12.6,11.8,12.6,11.3,0
633,주말,4,414,수유,상행,9.6,11.1,8.6,14.9,18.8,17.8,18.2,18.1,20.2,21.8,25.7,31.3,34.2,38.8,35.2,38.6,39.2,32.6,27.9,0
634,주말,4,414,수유,하행,11.6,17.7,25.2,41.6,50.6,50.7,48.6,41.4,40.8,35.9,30.2,29.8,27.4,23.8,17.4,13.5,12.1,13,11.4,0
635,주말,4,415,미아,상행,8.2,11.4,8.9,14.6,18.7,18,18.8,19.2,21.8,24.2,29.2,35.7,40,44.8,42.4,46.8,47.6,40,35,0
636,주말,4,415,미아,하행,12.8,18.9,26.9,44,53.8,53.1,52.4,43.3,42.3,37.6,32,31,28.5,24.5,18,13.8,12.6,12.8,11.2,0
637,주말,4,416,미아삼거리,상행,7.8,11.8,8.8,14.6,17.9,19,19.2,20.2,21.7,25.9,29.9,38.4,41.9,47.9,46.3,49.4,47.8,42.4,37.8,0
638,주말,4,416,미아삼거리,하행,14.4,20.8,29.6,48.2,58.4,57.4,56.3,47,46.2,41.2,34.7,32.6,30.9,25.2,18.5,15,13,13.2,10.8,0
639,주말,4,417,길음,상행,7.2,12.3,8.8,14.4,17.6,19.2,19.5,21.6,22.8,27.9,32.7,42.5,45.8,52.3,51.2,52.6,52.6,46.8,41.2,0
640,주말,4,417,길음,하행,17,22,29.8,49.4,64.7,60.2,64.2,51.8,48.9,44.2,37.3,35.1,33.9,26.7,20.2,15.9,13.6,13,10.2,0
641,주말,4,418,성신여대입구,상행,6.2,11.6,9,15.6,17.9,20.1,20.5,22.8,25.6,30.1,36.1,45.2,49.8,56.2,55.9,56.5,58.1,49.4,47.1,0
642,주말,4,418,성신여대입구,하행,18.3,24.3,32.4,54,70.4,67.3,72,58.6,55.5,49.4,42.3,40.2,37.8,30.2,22.2,17.8,15.6,15.2,11.2,0
643,주말,4,419,한성대입구,상행,5.6,12.2,9.7,16.8,20,21.5,22.2,24.5,27.8,32.4,40.6,50,55.8,62.4,62.8,63.6,65.5,55,50.9,0
644,주말,4,419,한성대입구,하행,14.4,24.9,33.3,55.4,72.6,69.6,74.2,60.6,58.2,52,44.8,43,41.3,33,24,19,16.7,16.4,13,0
645,주말,4,420,혜화,상행,5.4,12.8,10,18.1,21.5,22.7,24.5,26.6,29.2,34.8,42.3,52.1,59.8,63.4,65.1,66,68,57,48.6,0
646,주말,4,420,혜화,하행,15.1,24.6,32,54,69.3,72.8,73.4,60.8,59.6,53.7,51.5,53.5,53,45,37.1,35.2,34.5,30.3,26.1,0
647,주말,4,421,동대문,상행,6.7,14.4,11.6,20.5,27.2,29.2,35.1,43,46.8,50.3,51.4,60.9,71,67.4,67.4,65.8,66,54.6,49,0
648,주말,4,421,동대문,하행,15.6,24.2,31.7,53,68,70.6,71.2,59.1,59.4,55,54.9,56.4,56.2,49.5,38.4,37.3,36.2,31.2,26.4,0
649,주말,4,422,동대문역사문화공원,상행,6.2,13.7,12.1,22,30.4,34.4,41.2,47.5,49.2,52.3,51.2,60.2,69.4,67.6,66.4,64.6,65.6,56,50.4,0
650,주말,4,422,동대문역사문화공원,하행,11.8,19.6,26.2,42.7,56.9,58.5,59.5,47.3,48.5,47,47.3,48.7,50.4,46.8,37.2,35.4,34.2,28.2,23.1,0
651,주말,4,423,충무로,상행,4.8,9.4,9.9,20.5,27.9,35.2,40.2,42.6,45.6,45.4,46.4,52.1,56.2,57.4,53.9,50.5,49.4,40.7,35.8,0
652,주말,4,423,충무로,하행,11.6,16.3,21.1,33.8,48.8,52.9,56.8,44.2,46.6,46,46.2,48.6,51,51.9,40.4,36,36.5,28.1,22,0
653,주말,4,424,명동,상행,4,9.1,10.1,21.5,30.5,38.3,42.1,43.9,46,46.7,46.5,52.2,53.8,52.6,47.7,44.4,43.6,36.4,34.1,0
654,주말,4,424,명동,하행,11.8,14.8,19.5,30.7,43.6,46.7,49.7,39,39.7,40.6,42.2,45.4,48.3,48.9,39.3,36.4,37.9,32.3,24,0
655,주말,4,425,회현,상행,4,10.4,10.6,22.5,31.5,39.5,45.1,46.1,50,47.3,45.4,49.8,49.6,48.3,41.8,37.7,35.3,27.3,26.9,0
656,주말,4,425,회현,하행,8.5,15,17.3,27.1,37.7,39.8,42.7,35.4,36.6,37.3,43.3,47,50.7,51.5,41.7,39.6,38.4,32.2,27.1,0
657,주말,4,426,서울역,상행,3.7,10.7,11.5,24.2,35.1,44.1,47.2,50,50.2,45.7,43.5,46.3,42.1,44.4,38.2,33.4,34.1,28.2,25.3,0
658,주말,4,426,서울역,하행,5.3,8.2,8.5,15.8,25.6,26.1,30.2,27.3,27.5,27.6,33.3,36.4,39.9,39.9,30.7,28.1,29.6,23.2,23.4,0
659,주말,4,427,숙대입구,상행,4.4,10.1,10.2,18.4,25.2,33.2,34.8,36.6,36,36.5,32.1,33.5,30.8,32,26.9,23.7,22.6,20.1,16.8,0
660,주말,4,427,숙대입구,하행,5.9,8.2,8.2,14.9,24.9,25.7,29.6,26.5,27,27,32.1,35.5,39,39,30.4,28.4,29.8,22.8,22.2,0
661,주말,4,428,삼각지,상행,3.8,9.7,10.2,18.6,25.1,32.6,34.8,35.4,35,33.8,32.2,33.2,31.2,31.2,26.1,22.5,21,19,17,0
662,주말,4,428,삼각지,하행,10.4,9.8,9,16.8,27.5,26.9,30.3,26.4,28.2,28,32.3,36.6,41.4,40.6,31.9,30.3,32.4,26.2,26.2,0
663,주말,4,429,신용산,상행,3.3,10,10.6,19,26,35,37.8,38.4,37.6,36.4,34.5,35.6,33.9,34.6,27,23.2,22.2,18.9,18.4,0
664,주말,4,429,신용산,하행,10.5,9.4,7.7,14.2,24.9,24.8,26.6,24,25.3,26.2,30.2,34.9,39.6,40,33.5,31.6,35.1,28.8,27.4,0
665,주말,4,430,이촌,상행,3.2,9.4,11.5,21.3,27.6,35.3,39.9,39.3,38,37.4,35,34.9,33.4,33.7,22.7,20,17.7,14.7,15.6,0
666,주말,4,430,이촌,하행,11.8,10,8.7,15.8,28,28.1,29.9,25.7,26.6,27.8,31.5,37,43,44.5,35.7,33.3,37.4,31.2,29,0
667,주말,4,431,동작,상행,3.6,10.6,12.6,23.4,30.7,38.1,42.1,41,40.5,40,36.2,36.9,34.6,36,24.6,22.7,19.2,16.8,18.6,0
668,주말,4,431,동작,하행,0,12.1,8.7,15.4,30.3,29,32.2,26.6,26.8,28.6,32,38.5,44.3,47.7,36.6,34.7,39.4,32.5,30.2,0
669,주말,4,432,총신대입구,상행,6.5,10.8,14.5,24.7,33.3,43,43.3,41,41.7,42.4,37.3,37,34,36.9,25.6,20.8,19.1,17.1,18.7,0
670,주말,4,432,총신대입구,하행,0,13.6,10.2,18,36.1,33.2,36.4,30.3,28.4,29.7,31.5,38.9,44.7,45.4,37.1,36,40,32.6,31.3,0
671,주말,4,433,사당,상행,7,11.6,14.1,26.5,34.2,47.5,44.2,39.9,43,44.8,38.3,37.8,38.6,43.2,29.2,21.5,20.7,19.2,19,0
672,주말,4,433,사당,하행,4.5,9.3,7.8,16.4,34.9,35.1,28.1,21.9,24.2,27.4,26.4,28.6,34.5,34.9,31,28,31.4,27.2,28.8,4.1
673,주말,4,434,남태령,상행,7.2,19.8,23,45.8,61.1,76.7,69.3,66.1,64.8,59.6,58.1,62.4,61.5,84,38.8,29,25.2,20.1,10.7,0
674,주말,4,434,남태령,하행,4.5,17.5,14.8,27.3,68,59,57.1,45,43.8,43.3,49.2,52.9,59.4,59.2,51,52,58.2,51.2,37.7,7
