연번,평일주말,호선,역번호,역명,구분,5:00,6:00,7:00,8:00,9:00,10:00,11:00,12:00,13:00,14:00,15:00,16:00,17:00,18:00,19:00,20:00,21:00,22:00,23:00,5:00,6:00,7:00,8:00,9:00,0:00
1,평일,3,309,지축,상행,10.2,11.5,13.1,20.2,14.7,12.4,14.8,18.2,19.3,22.8,26.7,31.4,40,83.8,64.4,33.2,46.3,35,41,,,,,,
2,평일,3,309,지축,하행,14.1,34.9,73.2,72,47.3,32.9,26.3,25.8,22,22.2,20.6,23.7,23.6,26.3,15.3,11.2,9.4,12.8,6.6,,,,,,
3,평일,3,310,구파발,상행,11.1,9,9.6,14,7.8,8.5,10.6,15.2,19.5,14.7,24.1,25.8,36,45.2,38,22.5,23.4,25,10,,,,,,
4,평일,3,310,구파발,하행,6,24.1,52,72.6,30.6,30.9,23.4,24,26.6,18.2,23.2,23.8,15.8,15.4,10,7.4,8,17.2,6.8,,,,,,
5,평일,3,311,연신내,상행,11.9,10,11.6,15.8,9.9,11,13.3,18,23.7,18.6,29.4,33.2,39.9,59.8,42,27.8,28.8,30.5,19.4,,,,,,
6,평일,3,311,연신내,하행,9.7,28.5,58.4,87,41,35.2,27,26.2,30.2,18.8,23.5,23.7,14.8,13.7,10,7,7.2,16.8,6.4,,,,,,
7,평일,3,312,불광,상행,10.6,10.1,12.1,15.6,10.6,13.3,15.6,21.6,27.8,22.8,37,41.2,53.2,79.7,56.6,36.3,37.4,40.4,29.4,,,,,,
8,평일,3,312,불광,하행,13.2,33.2,66.8,100.4,50.8,36.8,33.4,28,34.4,22.5,25.7,26.8,17.5,16.2,11.4,8.1,8,15.6,7.2,,,,,,
9,평일,3,313,녹번,상행,9.2,8.1,11,13.8,10.6,12.7,15.1,21.9,26.6,22.5,37.9,42.2,54.2,80.7,57.6,37,37.3,42.2,32.2,,,,,,
10,평일,3,313,녹번,하행,15.3,38,76.2,117.9,56.6,40.6,36.2,30.3,37.4,24.1,25.8,28.2,18.1,17.1,11.2,8.2,7.8,15,6.7,,,,,,
11,평일,3,314,홍제,상행,8.5,7.8,10.4,13.5,10.5,13,16,22.4,27.4,24.1,41,44.1,63,91,65.6,42.2,41.4,47.7,37.8,,,,,,
12,평일,3,314,홍제,하행,17.3,38.3,80.7,124.4,61.3,44.2,39,32.8,40.2,26.6,26.6,32.3,19.2,18.2,11,8.1,7.9,14.8,6.3,,,,,,
13,평일,3,315,무악재,상행,6.4,7.9,10.6,13.6,11.1,13.6,17,23.5,29,25.6,45.2,47.6,67.6,98,68.4,44.7,43.4,54.1,41.1,,,,,,
14,평일,3,315,무악재,하행,17.7,39.2,80.8,127.3,64.9,43.8,41.8,33,40,27,26.8,32.8,19,19,11.1,8.2,8.2,13.2,7.2,,,,,,
15,평일,3,316,독립문,상행,6.2,8,10.6,13.1,10.9,14.1,17,24,27.5,26.9,48.7,48.4,68.6,99.8,70.2,45.8,45.5,55.6,42.6,,,,,,
16,평일,3,316,독립문,하행,11.9,40.2,78.8,131.2,66,44.2,42.5,33.6,40.6,28.4,27,34.2,19.5,19.6,11.8,8.2,8.4,13.4,7.1,,,,,,
17,평일,3,317,경복궁,상행,6,8,11.5,13.6,11.1,14.1,17.2,26,27.9,27.5,48.4,49.3,73,98.7,73.1,45.7,46.8,56.8,35.1,,,,,,
18,평일,3,317,경복궁,하행,12.2,37.6,76.4,120,64.3,45.6,44,35.7,44.9,34,32.8,43.4,27.2,29.6,16.3,12.2,13.6,20.5,11.2,,,,,,
19,평일,3,318,안국,상행,6.2,9.3,16.2,22.9,17.8,19.4,21.8,31.5,32.7,30.8,50.8,50.5,73.4,96.6,69.8,45.2,44.2,58.5,35.6,,,,,,
20,평일,3,318,안국,하행,12.1,35.4,67.6,111.6,63.6,44.1,44.7,36.6,47,39.3,38.2,53.6,37.6,39.8,20.6,16,17.9,25.3,12.8,,,,,,
21,평일,3,319,종로3가,상행,6.2,11.2,28.6,31.2,24.3,23.4,27.2,36.2,36,33,52.1,49.1,68.4,91.6,67.6,43.2,42.6,56,35.1,,,,,,
22,평일,3,319,종로3가,하행,10.2,28.4,53.7,87.1,51,34.9,33.3,28.1,38.6,33.2,31.4,45.8,31.8,38,18.3,13.8,15.9,22.8,11.6,,,,,,
23,평일,3,320,을지로3가,상행,3.3,8.2,22.6,27.1,21.6,19.9,23.6,31.1,30.5,28,42.6,39.3,56.8,74.6,54,34.6,33.3,44.4,28.2,,,,,,
24,평일,3,320,을지로3가,하행,8.8,23,41.3,68.9,43.9,30.8,30.6,25.8,37.6,32.9,31.4,46.8,34,43.6,20,15,17.6,25.6,14.4,,,,,,
25,평일,3,321,충무로,상행,3.6,7.8,23.6,32.7,23.4,20.1,23.8,29.4,30.4,28.2,39.4,35.8,49.4,62,45.9,29,27.8,37.8,23.7,,,,,,
26,평일,3,321,충무로,하행,8.6,27.5,46.6,74.6,50.4,34.6,32.9,28.4,41.4,36,34.3,51,36.4,45.3,20.8,15.2,17.7,25.8,16.8,,,,,,
27,평일,3,322,동대입구,상행,3.3,6.8,23.2,33.4,24.2,21.6,26.4,33.2,33,31.7,43.9,37.6,54,69.1,54.3,34,30.5,44,25.2,,,,,,
28,평일,3,322,동대입구,하행,8.5,26.4,44.3,69.9,50.2,33.6,31.6,29,39,35.9,34.4,52,37.3,46.6,22,15.6,19.4,27,16.8,,,,,,
29,평일,3,323,약수,상행,4.2,7.2,24.2,35.6,24.6,23.1,26.8,33.5,33.2,31.4,43,36.4,50,67.6,51.2,32.4,29.2,42,24.8,,,,,,
30,평일,3,323,약수,하행,10.8,30.8,51.6,84.2,59.4,38.5,35.9,32.2,43.4,39,36.2,54.4,40,48.2,22.5,16.6,20,28.3,17.8,,,,,,
31,평일,3,324,금호,상행,4,7.2,23.6,35.8,25.3,24,28.6,36.2,35.8,34.6,48.5,40.8,60.6,82,60,38.2,34.8,47.2,34,,,,,,
32,평일,3,324,금호,하행,12.2,31.1,52.8,86.6,62.4,38.6,36.4,32.4,43.7,39.9,35.9,53.4,38.7,46.6,22.4,16.2,19,26.2,16.5,,,,,,
33,평일,3,325,옥수,상행,3.2,6.6,23,32.4,24.1,23.2,27.7,37,34.3,35.8,49.4,41.5,61,85.2,61.6,39.3,35.8,48.8,28,,,,,,
34,평일,3,325,옥수,하행,15.6,33.6,56.8,94.6,71.4,42.8,40,34.8,47,43.7,36.9,56,41.2,48.3,22.8,16.3,19,25.8,20,,,,,,
35,평일,3,326,압구정,상행,2.8,7,22.8,31,23.6,24.5,29,39,36.6,39.8,54.6,45.8,67.8,94.9,67.1,43.4,41.9,53.6,31.4,,,,,,
36,평일,3,326,압구정,하행,7.8,29.9,51.8,82.1,58.2,35.7,38,33.2,42.7,43.4,37.8,58.3,43.5,53,28.8,20.6,22.4,37.5,21.1,,,,,,
37,평일,3,327,신사,상행,2.6,8.2,25.8,36.9,32.4,30.2,31.6,41.2,38.1,39.9,52.8,43.2,64.8,87.4,57.4,36.5,38.4,45.8,26.3,,,,,,
38,평일,3,327,신사,하행,7.6,29,43.5,72,48.7,31.9,36.5,32.8,44,43.4,40,60.4,50.6,59.9,36,26.4,30.4,42.1,27.8,,,,,,
39,평일,3,328,잠원,상행,2.8,10.6,32,44.7,49.1,38,35.4,46.8,39.5,43,53.9,43.2,62.9,82.4,49,32.8,32,38.6,22.6,,,,,,
40,평일,3,328,잠원,하행,7.6,29.2,44.2,73.4,51.8,31.6,37,33.2,44.6,44.6,40.2,60,51,59.4,37.4,25.8,29.6,41.8,27.2,,,,,,
41,평일,3,329,고속터미널,상행,2.8,11,32,44.6,49,37.6,35.4,47.2,40.9,42.8,54,43.3,63.1,83.8,49.1,33,33,39.6,23.5,,,,,,
42,평일,3,329,고속터미널,하행,8.4,35.4,60.8,103.5,68.2,37.2,41.3,38,51.8,48.4,43,63.4,57,62.6,38.6,29,30.4,40.4,26.6,,,,,,
43,평일,3,330,교대,상행,3.2,13.5,38.9,47.4,42,39.1,39.5,52.7,44,50.1,60,54.9,79.2,111.2,61.8,38.9,40.9,47.8,29.8,,,,,,
44,평일,3,330,교대,하행,10.5,34,52.2,89.2,48.1,28.1,30.8,31,39,39.2,34.2,51.6,48.4,51.2,31.6,23.8,27,31.5,26,,,,,,
45,평일,3,331,남부터미널,상행,3,11.1,37.2,43,35.6,33.7,33.3,42.7,34,38.6,46.8,44,64.6,89.6,45.3,31,31.5,39.3,20.4,,,,,,
46,평일,3,331,남부터미널,하행,9,28.8,46,67.2,39.4,22.6,26,26.6,31.6,36.2,29.7,43.8,44.9,49.5,29.8,22.8,25.4,30.2,24.2,,,,,,
47,평일,3,332,양재,상행,3.2,12,36.4,45.7,34.6,30.6,29.5,38.8,29.2,34.3,38.8,37.4,54.4,74.2,37.4,24.2,26.1,32.4,12.7,,,,,,
48,평일,3,332,양재,하행,3,16.2,21.6,28.8,17.5,12.6,16,17.8,20.6,24.4,20.2,29.6,33.7,36,20.7,16.5,18.7,18.6,23,,,,,,
49,평일,3,333,매봉,상행,3.2,9.8,29.8,39.8,27,21.6,19.5,26.4,19.5,22.1,25,23.4,30.2,34.9,16.8,11.4,13.2,18.3,7.7,,,,,,
50,평일,3,333,매봉,하행,3.2,14.6,19.1,21.9,13.4,11.5,13.8,17.2,18.9,23.8,20,29,33.9,35.4,21.3,16.3,18.7,17.9,21.7,,,,,,
51,평일,3,334,도곡,상행,3,9.5,29.1,40.8,26.6,20.6,18.6,25,17.8,20,22.6,21.2,26.2,28,14.2,10,10.6,16.2,7.2,,,,,,
52,평일,3,334,도곡,하행,3,13.2,17,19.8,11.1,10.2,11.7,15.4,17,21.2,18.8,26,29.3,30.9,19.2,14.4,16.8,16.5,19.6,,,,,,
53,평일,3,335,대치,상행,2.6,9,28.4,37.7,24,18.4,16.6,22.4,15.8,18,19.9,18.8,23.5,23.5,12,8.4,9,14.8,6,,,,,,
54,평일,3,335,대치,하행,3.2,11.8,15.6,17.3,10.8,8.7,10,12.8,14,17.9,16.3,22.8,26.4,28.3,17.8,14,14.8,17.1,17.4,,,,,,
55,평일,3,336,학여울,상행,2.6,7.6,25,36,22.6,17.3,15.4,20.3,14.8,17.2,19.2,17.6,21.4,21.2,9.7,7.1,6.8,8.8,5.5,,,,,,
56,평일,3,336,학여울,하행,3.2,11.8,15.4,17.1,10.3,8.1,9.3,12.2,13.3,16.6,15.9,22.9,27.7,26.6,18.2,13.8,14.2,16.8,16.8,,,,,,
57,평일,3,337,대청,상행,2.6,7.6,25.9,34.8,23.6,16.8,16.1,19.8,14.2,16.6,18.4,16.6,20.3,20.8,9.6,7,6.9,8.7,5.5,,,,,,
58,평일,3,337,대청,하행,3.4,10.8,13.8,15.2,9.6,7.6,8.5,11.7,12.1,14.8,14.4,21,25.5,24.3,16.4,12,12.2,13.8,13.4,,,,,,
59,평일,3,338,일원,상행,2.5,6.7,22.8,31.8,20.6,14.8,14.3,17.8,12.8,14.5,15.2,14.2,17.5,17.6,8.2,6.2,6.3,8.2,5.5,,,,,,
60,평일,3,338,일원,하행,3,8.8,9.8,14,7.8,6,7.9,8.9,10,12.9,13.5,19.8,25,23,15,10.9,10.8,12.2,11.6,,,,,,
61,평일,3,339,수서,상행,2.2,7.1,22.1,30.4,19.3,12.7,11.9,15,11,12.3,11.8,10.7,12.3,16.2,7.2,5.9,6.1,8.8,5.4,,,,,,
62,평일,3,339,수서,하행,3,6.3,8.8,13,7.4,5.2,7.8,8.6,9.1,11.9,12.8,18.9,24.8,22.6,14.1,10,10.2,10.6,10.2,,,,,,
63,평일,3,340,가락시장,상행,4,16.2,26.8,34.2,18.5,11.6,11,13.2,9.5,11.5,10.2,11.8,15.5,16.6,7.2,5.8,5.6,7.6,3.6,,,,,,
64,평일,3,340,가락시장,하행,0,4.4,5.8,10,5.6,4.6,6.5,7,5.8,8.2,8.4,12.1,17,19.5,15.6,8.6,10,12.7,10.4,,,,,,
65,평일,3,341,경찰병원,상행,2.8,11.5,19.5,23.9,12.8,8,7.3,8.8,6.2,7.4,6.3,7.8,9.8,10,4,3.3,3.2,4.4,2,,,,,,
66,평일,3,341,경찰병원,하행,0,3.5,4.5,6.4,3.5,3.4,5.1,5.2,4.4,6.4,7,9.6,14.8,16.6,12.8,6.6,8,9.3,7.6,,,,,,
67,평일,3,342,오금,상행,2.2,9.3,16.6,21.1,10.5,6.2,5.8,7,5,5.6,4.6,6.2,7.4,7,3.2,2.4,2.2,3.4,0.8,,,,,,
68,주말,3,309,지축,상행,6.2,7.4,8,11,19,14.1,16.8,24.7,28.5,29.3,28.2,35.7,34.6,34.7,28.1,21.4,19.1,25.6,23.2,,,,,,
69,주말,3,309,지축,하행,11.5,12.2,19.8,22.5,30,32.1,31.8,33.4,31.6,33.6,30.1,32.2,32,20.5,15.4,9.7,8.6,9.5,4.2,,,,,,
70,주말,3,310,구파발,상행,6.6,7.1,4.2,6.2,9.6,10.3,10,12.6,14.4,14.8,15.6,18.4,20.2,22,15.3,14.4,15.8,16.9,6.3,,,,,,
71,주말,3,310,구파발,하행,1,8,11.3,18.6,20,24,21.3,20.8,19,20.4,18.6,19.9,19.2,16.1,8.9,7.1,8.4,6.3,4,,,,,,
72,주말,3,311,연신내,상행,6.7,8.1,5.7,8.9,13.3,12.6,13.9,15.2,17.9,17.6,19.3,21.6,23.7,23.4,18.6,16.8,20.2,17.8,9.7,,,,,,
73,주말,3,311,연신내,하행,3,10.3,13.4,22,23.3,27.1,26.9,22.8,22.9,21.2,20.1,20.2,19.3,13.4,9.9,7.4,7.8,6.4,5,,,,,,
74,주말,3,312,불광,상행,6.2,7.6,5.9,9.8,14.9,14.1,15.9,17.5,20.9,20.7,23,27,30.6,30.5,24,22.4,25.8,22.8,14.3,,,,,,
75,주말,3,312,불광,하행,4.7,12.2,16,25.3,27.5,31.3,30.8,28,25.6,24.7,23.4,23.8,22.4,15.6,11.2,8.5,9.1,7.1,5.4,,,,,,
76,주말,3,313,녹번,상행,5.5,6.6,5.8,9.3,14.9,14.3,15.1,18.3,20.2,20.8,22.6,27.3,31.2,31.2,24.2,23.2,26.5,22.2,14.6,,,,,,
77,주말,3,313,녹번,하행,5.8,13.6,18,28.1,30.6,33.6,34.7,30.7,27.9,26.6,25,25.1,23.2,15.9,11.2,8.5,8.8,7,4.9,,,,,,
78,주말,3,314,홍제,상행,5,6.2,5.9,9.8,15,14.2,15.2,18.4,20.6,21.4,23.9,29.1,33.8,34.1,26.4,25.8,29.2,24.8,15.3,,,,,,
79,주말,3,314,홍제,하행,7.2,14.5,19,30,35.1,34.5,38,34.3,29.6,29.4,27.1,26.8,24.8,17.9,11.6,8.8,8.6,7,4.4,,,,,,
80,주말,3,315,무악재,상행,4,6.2,6.3,10.5,15.2,14.4,16.2,19,21.5,22.8,25.9,32,36.6,36.7,27.4,29.6,32.1,27.2,17.4,,,,,,
81,주말,3,315,무악재,하행,7.4,14.6,19.4,30.5,35.8,35.3,38.9,34.3,31.1,30,27.7,27.4,25,18,11.6,8.8,8.2,7.5,4.5,,,,,,
82,주말,3,316,독립문,상행,4,6.5,6.4,10.6,15.4,14.6,16.4,19.2,21.8,23.3,26.3,32.7,37.4,37.6,28.1,30.2,32.5,27.8,17.4,,,,,,
83,주말,3,316,독립문,하행,6,14.9,18.2,30.8,36,36,38.6,35.8,32.2,31,29,28.7,26,18.4,11.7,9,8.2,7.5,4.3,,,,,,
84,주말,3,317,경복궁,상행,4,6.6,6.6,11.2,17.3,16.2,17.2,19.7,22.6,23.6,27.3,33.1,38.2,38.3,28.6,30.8,32.7,28.6,18.2,,,,,,
85,주말,3,317,경복궁,하행,7,14.2,17.3,30.2,36.8,34.9,40.6,37.3,34.4,34.5,34.8,36.4,33.8,24.3,16.3,13.4,13.4,11,6.1,,,,,,
86,주말,3,318,안국,상행,4,7.2,7.7,13.6,22,21.2,23.2,27.5,30.1,30.4,32.3,38.3,41.1,39.7,29,30.7,32.3,28.6,15.7,,,,,,
87,주말,3,318,안국,하행,6.9,13.8,16.8,28.8,35.1,33.8,39.3,37.4,35.1,36.3,38.6,42.2,41.1,30,20.1,17,16.8,13.6,6.6,,,,,,
88,주말,3,319,종로3가,상행,3.9,7.7,8.7,15.3,25,25.8,29,34,36.9,36.2,36.1,40.8,41.8,39.4,28.4,31.2,30.4,27.6,15.6,,,,,,
89,주말,3,319,종로3가,하행,5.8,10.6,12.5,22.4,27.4,26.1,29.1,28.4,26.6,28.5,31,33.4,33.1,26,17.2,14.5,14.3,11.4,5.4,,,,,,
90,주말,3,320,을지로3가,상행,2.2,5.3,6.2,11.5,17.7,19.6,23.2,27.3,29.7,28.6,27.1,31.5,32.9,30.8,22.6,24.6,23.5,21.8,12.1,,,,,,
91,주말,3,320,을지로3가,하행,5.1,9.4,10.5,19.4,23.7,23.6,25.8,25.5,24.4,26.6,27.3,30.4,31,24.8,16.8,14.1,14.6,12.4,6.7,,,,,,
92,주말,3,321,충무로,상행,2,4.8,5.8,10.8,16,18,22,25.6,27.9,27,24.7,29.6,31.7,28.4,19.8,21.9,20.1,18.7,10.4,,,,,,
93,주말,3,321,충무로,하행,5.3,12.3,12.4,22.5,27.5,26.4,28.8,27.6,26.4,28.2,29,32.4,31.6,25.5,17.1,15.2,15,12.2,6.7,,,,,,
94,주말,3,322,동대입구,상행,2.6,4,5.8,10.3,15.7,17.4,22.8,27.2,29.7,29.1,26.7,33,35.3,30.3,21.4,25.3,23.1,21,11.1,,,,,,
95,주말,3,322,동대입구,하행,5.4,11.6,11.6,20.2,25.8,25,27.6,27.2,26.1,28.1,29.2,32.8,32.3,25.8,17.4,15.6,15.2,13.4,7.1,,,,,,
96,주말,3,323,약수,상행,2.6,4.2,6,11.3,16.8,18.3,23.8,27.2,29.8,28,27,32.2,33.4,29.1,20.8,25,22.6,20,11.1,,,,,,
97,주말,3,323,약수,하행,6.9,14.6,12.4,23.8,30.8,29.4,33,31.4,30.4,31.9,32.6,35.7,36.3,28.7,19.7,16.2,15.6,14.9,8.4,,,,,,
98,주말,3,324,금호,상행,3.5,4.4,6.2,11.8,17,18.9,26,30,32.9,30.8,30.6,36.7,39,33.4,25.1,30.3,25.3,24,12.1,,,,,,
99,주말,3,324,금호,하행,7.6,14.8,12.7,25.2,31.3,29,33.4,31.6,30.8,31.8,32.1,35.5,35.8,28.1,19.2,15.9,15,14.3,7.8,,,,,,
100,주말,3,325,옥수,상행,3.1,4.5,5.8,11.6,16.5,19.4,25.8,29.6,32.5,30,31.5,37.1,38.4,34.7,25,31,25.7,24.6,12.8,,,,,,
101,주말,3,325,옥수,하행,9.6,15.6,14,27.8,34.7,32.4,36.8,34.6,33.8,34.4,34.7,37.8,38.1,29.3,20,16.2,15.2,14.4,7.8,,,,,,
102,주말,3,326,압구정,상행,3,4.8,6.1,12.3,16.8,19.8,26.9,31.3,34.2,31.9,35.2,40.4,42.4,38.3,28.2,35,28.8,27.1,13.6,,,,,,
103,주말,3,326,압구정,하행,3,15.2,12.7,21.6,27.7,27.8,33.6,32.4,32,34,35.2,39.1,39.5,31.4,22.6,19.5,19.1,17.1,8.6,,,,,,
104,주말,3,327,신사,상행,2.6,5.4,7.2,16,22.1,23.6,29.2,33.9,36.2,31.7,34.2,38.1,39.4,34.3,24.8,28.9,24.5,24.5,11.6,,,,,,
105,주말,3,327,신사,하행,3.6,14.3,11.9,20,23.7,25,31.7,30.8,31.4,34.2,37.5,41.5,43.4,34.6,26,24.4,24.4,23.2,11.2,,,,,,
106,주말,3,328,잠원,상행,2.3,6.3,8.3,18.4,27.2,29.5,34,39.4,40.6,35.4,36.1,40,40.8,34.7,23,27.6,21.2,20.3,8.6,,,,,,
107,주말,3,328,잠원,하행,3.7,14.4,11.9,20.2,23.9,25.2,32.1,31.2,31.8,34.3,37.6,41.6,43.6,34.7,26,24.5,24.3,23,11,,,,,,
108,주말,3,329,고속터미널,상행,2.3,6.6,8.4,18.5,27.2,29.4,34.1,39.3,40.6,35.5,36.2,40.4,40.9,34.9,23.3,27.9,21.3,20.6,8.9,,,,,,
109,주말,3,329,고속터미널,하행,3.8,17.5,12.1,23.8,27.6,27.6,34.3,34.8,34.4,37.3,38.1,43.8,44.5,37.4,29,28.4,25,23.5,11.1,,,,,,
110,주말,3,330,교대,상행,3.1,7.8,10.2,20.6,26.4,29.6,35.6,41.2,42.7,37.6,41.1,45.3,43.5,37.6,24.2,26.2,23.6,21.6,9.5,,,,,,
111,주말,3,330,교대,하행,5,16.7,11.2,22.4,23.5,23.8,26.9,27.2,28.1,30,30.1,34,34.4,28.4,23.1,22.6,19,19.6,9.3,,,,,,
112,주말,3,331,남부터미널,상행,2.4,6.2,8.7,16.2,21.5,24.4,30.8,34.6,34.8,30,33.6,36.4,35.7,28.6,19.3,20.4,18.2,16.1,7.2,,,,,,
113,주말,3,331,남부터미널,하행,4.4,13.4,8.9,17.8,19.6,18.8,22,21.8,22.2,24,24.6,28.1,29,23.9,19.5,19.8,17.7,18.4,8.8,,,,,,
114,주말,3,332,양재,상행,2.2,6,8.5,15.1,19.6,21.8,26.5,29.7,29.4,25,27.7,30.2,28.8,22.5,14.4,15.3,14,13.1,5.9,,,,,,
115,주말,3,332,양재,하행,1.8,7.6,5,8.7,11.2,10.4,12.8,13.2,13.3,14.4,15.6,17.5,17.3,15.8,11.9,11.2,10.8,11.2,6.2,,,,,,
116,주말,3,333,매봉,상행,2,5,6.5,11.6,14,15.2,16.5,18.4,18.3,14.9,16.4,17.9,17.5,12.6,7.8,8,7.4,8,4,,,,,,
117,주말,3,333,매봉,하행,2,7,4.7,7.9,10.2,9.8,11.4,12.9,12.4,13.8,14.9,16.8,16.2,15.2,11.2,10.9,10.3,11.2,6,,,,,,
118,주말,3,334,도곡,상행,2,4.7,6.3,11.3,13.6,14.6,15.9,17.6,17.5,13.6,15.4,16.8,16.6,11.8,7.2,7.4,6.3,7.2,3.8,,,,,,
119,주말,3,334,도곡,하행,1.9,6.2,4.2,7,9.1,8.7,9.6,11.1,11.2,11.6,13.2,14.6,14,13.7,10.4,9.4,9,10.2,5.4,,,,,,
120,주말,3,335,대치,상행,1.9,4.2,5.6,10.7,12.1,13.1,13.9,15.8,15.5,12,13.5,14.7,14.2,10.3,6.1,6.1,5.2,6.1,3.4,,,,,,
121,주말,3,335,대치,하행,2.2,5.4,3.8,5.7,7,7.8,8.3,9.9,9.8,10.8,12,12.7,13.4,12.2,9.8,8.6,8.4,9.6,4.8,,,,,,
122,주말,3,336,학여울,상행,1.5,4.1,5.1,10,11.7,12.2,12.7,14.2,14.1,10.7,11.6,12.7,12.1,8.4,5.1,5.2,4.3,4.7,3.2,,,,,,
123,주말,3,336,학여울,하행,2.2,5.8,3.7,5.1,6.3,6.2,7,8.7,8.8,9.7,11.6,12.7,13.5,12.1,9.6,8.5,8.3,9.5,4.6,,,,,,
124,주말,3,337,대청,상행,1.4,4.2,5,10,11.9,12.5,12.5,13.8,13,9.5,10.6,10.4,11,7.4,4.9,5.1,4.2,4.6,3.2,,,,,,
125,주말,3,337,대청,하행,2.1,5.4,3.5,4.9,6.1,6,6.7,8.2,8,8.9,10.5,11.5,11.9,10.6,8.2,7.6,7.2,8.2,4.1,,,,,,
126,주말,3,338,일원,상행,1.2,3.8,4.4,8.8,10.3,11,10.9,12.3,11.5,8.4,9.6,9.3,10.1,6.8,4.7,4.6,3.8,4.2,3.4,,,,,,
127,주말,3,338,일원,하행,2.1,4.8,3,4.2,5.4,5.5,6.2,8,7.5,8,10.1,10.5,11.1,9.8,7.6,6.7,6.8,7,3.6,,,,,,
128,주말,3,339,수서,상행,1.5,3.4,4.7,8.8,9.3,10.3,9.4,10.4,10.1,7.8,8.2,9,9.1,6.4,4.5,4.5,3.8,3.9,3.4,,,,,,
129,주말,3,339,수서,하행,2,3.6,2.3,4,4.8,5.9,6.6,7.5,7.6,7,9.7,9.9,10.6,9.1,6.8,6.3,6.1,6.8,3.6,,,,,,
130,주말,3,340,가락시장,상행,2.8,6.2,4.8,8.8,9.6,9.1,8.3,10.4,9.2,7.5,7.7,8.2,9,6.6,4.8,5.2,4.3,3.2,2.3,,,,,,
131,주말,3,340,가락시장,하행,0,2.7,1.5,2.8,3.2,3.5,3.9,4.3,4.4,4.4,5.6,6.4,7.5,6.4,5.1,5.5,5,5.4,5.6,,,,,,
132,주말,3,341,경찰병원,상행,1.8,4.3,3.4,6.3,6.5,6.1,5.6,7,6.4,4.8,5,5.2,5.6,3.5,2.6,2.7,2.4,1.7,0.6,,,,,,
133,주말,3,341,경찰병원,하행,0,2.2,1.2,2.1,2.8,3,3,3.8,3.5,3.8,4.6,5.1,6.1,4.9,4.1,4.3,3.8,4.2,3.6,,,,,,
134,주말,3,342,오금,상행,1.6,3.8,2.8,5.2,5.2,4.8,4.4,5.5,5,3.9,4,4.2,4.5,3,2.2,2.1,2,1.4,0.4,,,,,,
135,평일,3,309,지축,상행,,,,,,13.1,17.3,21,23.8,26.5,33.8,39.3,53.4,106.6,74.2,40.8,39,36.4,29,11,13.5,17.1,21.8,16.1,13.8
136,평일,3,309,지축,하행,,,,,,40.7,36.4,33.1,28.6,24,25.2,28,29.6,29.6,17.2,11,9.5,9.3,4.8,17.7,41,94.1,90.6,62.4,2.2
137,평일,3,310,구파발,상행,,,,,,9.1,11.2,17.5,20.2,18.2,30.9,29,56.5,56.2,41.6,25.6,27.1,20.8,16.8,12.2,10.8,11.5,11.6,8.6,3.6
138,평일,3,310,구파발,하행,,,,,,38.2,29.6,30.6,30.3,20.5,27.7,26.2,23.2,19.3,10.8,9.1,9.4,8.5,4.6,7.7,29.8,62.3,76,42.6,2
139,평일,3,311,연신내,상행,,,,,,12.1,14.2,20.6,24.8,23,37.9,37.6,65.9,74,45.6,33.6,30.8,28.2,19.8,12.6,12.8,14,14,11.4,6.1
140,평일,3,311,연신내,하행,,,,,,44.6,30,32.7,32.4,22.2,27.4,26.8,20.6,16.8,10.4,7.6,8.8,7.6,4.4,11.7,34.1,70.1,84.9,51.6,2
141,평일,3,312,불광,상행,,,,,,13.9,17.4,25,28.8,28.2,47.2,46.4,82.9,95.8,60.7,43.1,39.4,37.2,25.4,10.2,13.2,14.9,15.2,12.8,9.8
142,평일,3,312,불광,하행,,,,,,49.6,35.7,35,37.2,25.8,30.3,30,23.5,21,12.1,8.9,10.2,8.6,5.8,15.8,39.8,79,101.8,61.6,2.3
143,평일,3,313,녹번,상행,,,,,,13.6,17.2,25.7,28.2,28.4,48,46.6,84.2,96.6,61.6,44.3,39.2,38.2,26.6,9,10.8,13.1,13.5,12.6,10.9
144,평일,3,313,녹번,하행,,,,,,54.2,38.7,37.7,40.1,27.2,31,31.3,24.5,21.8,12.8,9,10,8.6,5.6,18.7,45.2,89.8,117.2,70.9,2.2
145,평일,3,314,홍제,상행,,,,,,13.4,17.8,27.1,29.2,30.4,51,50.6,99.5,107,69.6,49.4,44.5,42.6,30.4,8.2,10.3,12.2,13.2,12.6,12.8
146,평일,3,314,홍제,하행,,,,,,58.4,42.6,40.2,45.5,28.9,32,34.7,25.8,23.6,12.8,9.1,10.2,8.4,5.8,21.3,45.5,94,127.3,76.6,1.9
147,평일,3,315,무악재,상행,,,,,,14.2,19.2,28.2,30.9,32.2,56.4,54.6,106.8,113.1,75,52,47.8,48.2,30.6,7.4,10.2,12.2,13.4,13.4,12.8
148,평일,3,315,무악재,하행,,,,,,60.1,42.8,42.2,45.5,29.4,32.4,36.1,25.9,24.5,12.6,9.2,10.5,8.4,5.8,21.8,46.6,94.5,132.6,79.1,1.8
149,평일,3,316,독립문,상행,,,,,,14.4,19.6,29.2,30.4,32.9,57.2,56.5,108.6,115.3,77,53.3,49.4,49.6,30.4,7.1,9.8,12.1,13.5,14,13.4
150,평일,3,316,독립문,하행,,,,,,60.8,44.3,43.2,47.4,30.3,32.4,37.7,26.8,25.4,13.4,9.4,10.6,8.6,5.8,15.4,47.6,92,133,80.5,1.8
151,평일,3,317,경복궁,상행,,,,,,16.1,20.1,31.2,30.8,34.2,57.6,58,110.1,115.4,78.2,54,50.3,50.7,31.3,7.1,9.7,13.2,14.2,14,11.8
152,평일,3,317,경복궁,하행,,,,,,61.2,47.4,46.8,53.7,37.7,42.1,52,37.2,39,18.4,13.8,16.6,13.4,8.4,15.6,45.1,89,127.6,78.4,3
153,평일,3,318,안국,상행,,,,,,25.4,28.5,40.2,36.6,38.6,60.4,59.4,112.4,112.4,76.4,53.4,49,51.1,31.4,7.5,11.4,17.5,26,26,11.5
154,평일,3,318,안국,하행,,,,,,58.8,47.8,47.3,58.4,44.5,51.7,68,51.7,56.3,24.6,18.8,22,17.9,10.2,15.6,42.8,79.8,117.8,75.1,3.2
155,평일,3,319,종로3가,상행,,,,,,31,38.6,49.6,42.3,42.8,63.2,59,107.8,108,72.9,50.8,46.8,49.7,29.2,7.4,14.2,29.1,36.1,37,11.6
156,평일,3,319,종로3가,하행,,,,,,46,38.1,37.6,48,38,43.1,59.8,44.2,53.4,22.4,17,19.8,16.8,10.5,12.8,34.4,62.8,93.4,60.8,4.1
157,평일,3,320,을지로3가,상행,,,,,,26.4,33.6,42.2,36.2,37,52.2,47.5,85.1,89,59.5,41,38.8,39,22,3.8,10.3,22.9,31.9,31.2,9.9
158,평일,3,320,을지로3가,하행,,,,,,41.4,35.8,34.8,46.2,37.8,42.4,58.8,46.4,62,24.5,18.6,22.2,20,12.7,11,27.3,48,72.2,52,5
159,평일,3,321,충무로,상행,,,,,,26,32.6,40.4,34.6,37,49.3,43.9,75.1,74.8,51.2,35.2,32.8,34.6,18.4,4.1,9.8,24.1,39,32.9,8.9
160,평일,3,321,충무로,하행,,,,,,45.6,38.2,37.8,51.4,41.9,46.8,64.6,49.2,68.7,27.2,20.2,23.5,21.8,13.4,10.8,32.6,54,77.8,58.5,5
161,평일,3,322,동대입구,상행,,,,,,27,34.8,44.2,36.3,39.8,52.8,49,80,81,61.2,41,36.3,38.5,19.4,4,9.2,24,41.2,34.4,9
162,평일,3,322,동대입구,하행,,,,,,41.1,35.3,38,48,42.4,46.4,66.8,50.2,69.8,28.4,21.6,25.4,22.6,14.3,10.8,31.2,51.8,72.6,55,5
163,평일,3,323,약수,상행,,,,,,28,36.2,45,36.4,38.2,51,46.9,75.1,78.7,58.2,37.5,32.9,36.6,18.8,3.8,9.7,25.2,44.3,37.4,9
164,평일,3,323,약수,하행,,,,,,46.5,40.8,42.4,53.4,46.2,50,69.6,52.2,74.4,30.5,22.5,26.6,25,15.3,14.5,36.2,60.6,88,66.1,6
165,평일,3,324,금호,상행,,,,,,29.6,39.6,48.5,39.8,42.2,54.8,54.6,87.4,94.2,68.6,44.5,39,44.4,21.1,4.8,9.3,25,46,39.9,11.6
166,평일,3,324,금호,하행,,,,,,47.4,41.3,42.7,53.5,46,49.4,68.6,51.3,72.2,30.2,21.8,25,24.1,14.4,16.1,37,61.6,91,68.5,5.4
167,평일,3,325,옥수,상행,,,,,,28.8,38.6,45.7,40.2,44,55.6,55.4,87.6,97.9,70.1,45.5,40,45.8,21.1,4,8.4,23.8,43.1,38.7,10.8
168,평일,3,325,옥수,하행,,,,,,53,45.4,45.8,57.7,49.4,51.3,71.7,53.4,73.4,31.9,21.8,25.1,24,15.1,18.1,40.8,67.2,101.6,78.2,6.2
169,평일,3,326,압구정,상행,,,,,,29.6,40,48.3,42.4,48.4,63.3,62.3,102,110.2,75.3,50.4,45.7,51.8,23.4,3.6,9.1,23.8,42,39,9.6
170,평일,3,326,압구정,하행,,,,,,44.5,44.5,42,53.6,49.9,52.2,73.8,54.6,79.1,36.1,26.4,28.9,28.6,16,8.2,37,61.5,87.3,64.2,6.3
171,평일,3,327,신사,상행,,,,,,34.2,44,50.3,43.8,48.4,60,61.4,93.8,100.4,65.2,43.6,39.8,43.2,20.4,3.4,10.4,26.6,49.2,49.6,9.1
172,평일,3,327,신사,하행,,,,,,34.8,37.1,35,47,43.2,44.3,63,49.3,70.2,36,27.2,30.6,32.4,17.4,7.7,30.8,47,71.3,44.7,6.4
173,평일,3,328,잠원,상행,,,,,,33.8,40.4,46.9,40.3,45.3,52,53.3,80.7,82.2,49.6,34.1,30,33,15,3.4,11.2,27.4,48.8,58,6.8
174,평일,3,328,잠원,하행,,,,,,35.1,37.6,35.5,47.4,42.6,44.8,63.4,50,68.6,36.2,26,31,32.2,17.3,7.6,30.6,47.4,75.8,44.2,6.9
175,평일,3,329,고속터미널,상행,,,,,,33.6,40,48,39.8,46,52.2,53.2,80.8,82.4,49.9,34.1,31.1,33.8,15.3,3.6,11.8,27,48.3,57.4,7.1
176,평일,3,329,고속터미널,하행,,,,,,40.1,40.5,38,52.2,45.6,45.4,65.1,51.8,67.9,36.6,28,29.8,29.4,16,8.4,36.2,62.8,102.8,56.2,6.8
177,평일,3,330,교대,상행,,,,,,34.9,42.6,51.5,41.7,49.6,57.9,64.8,96.4,104.6,58,36.7,36.4,40.6,16.5,4,14,30.4,46.4,48.4,8
178,평일,3,330,교대,하행,,,,,,29,29.1,29.8,39.8,37,36.6,54.4,44.4,56.9,29.8,23.2,25.4,26.1,14.6,11,35.7,54.2,88.2,41.4,5.6
179,평일,3,331,남부터미널,상행,,,,,,30.3,35.7,40.6,32.5,37.4,44.4,52.6,79.4,84.3,44.2,28.3,28.5,31.6,11.6,3.8,11.6,28.8,43.4,40.1,5.4
180,평일,3,331,남부터미널,하행,,,,,,23.2,24.6,25.4,33.8,31,30.2,47.1,41.2,53.8,28.6,21.8,25,23,13.4,9.9,29.9,45.6,67.2,32.6,5
181,평일,3,332,양재,상행,,,,,,27.9,31.2,35,27.9,32.6,36.6,45.7,61.9,68.8,35.6,23,22.5,23.4,9.2,4,12.4,29.2,46.2,37.9,3.4
182,평일,3,332,양재,하행,,,,,,15.3,17.8,19.5,25.6,24.8,24.8,40.1,38.4,52.4,25.6,19.8,22.6,20.5,12.3,3.8,20.2,26.2,36.6,17.5,4
183,평일,3,333,매봉,상행,,,,,,24.4,25.5,29,22.6,24.4,26.8,34.2,41.3,39.8,19.9,13.4,13,16,6.2,4.3,12.5,29.3,49.9,37.5,2.6
184,평일,3,333,매봉,하행,,,,,,13.6,15.9,18.3,23.5,25.5,23.2,39.4,38.5,53.4,25.8,19.6,22.4,20.2,11.6,4,18.3,23.8,27.7,14.4,4
185,평일,3,334,도곡,상행,,,,,,23.3,24.4,27.5,20.9,22.8,23.9,31.2,36.3,31.8,17.6,11.6,10.9,15.7,5.4,4,12.6,29.5,52.3,35.2,2.4
186,평일,3,334,도곡,하행,,,,,,11.4,13.2,15.8,20.8,22,20.2,33,33.2,44.8,22.7,16.6,18.5,19,11,3.5,15.8,20.6,25.5,11.8,4.4
187,평일,3,335,대치,상행,,,,,,20.6,21.2,23.8,18,20,19.8,26.8,30.2,26.4,14.4,9.8,9,12,4.6,3.4,11.5,27.4,45,31,2.2
188,평일,3,335,대치,하행,,,,,,9.4,11.2,12.7,17,18.2,17,28.4,29.2,41.1,20.5,15.9,16.6,21.5,8.8,3.5,14.4,19.2,22.1,10.5,3.8
189,평일,3,336,학여울,상행,,,,,,18.9,19.2,21.3,16,19,18.4,26,27.4,23.6,11.6,8,7,6.8,4,2.8,10,24.2,42.5,29,2.2
190,평일,3,336,학여울,하행,,,,,,9.2,10.9,12.2,16.4,17.8,16.8,28.2,29,40.6,20.8,16.2,16.2,21.1,8.6,3.6,14.8,19,21.8,10.6,3.6
191,평일,3,337,대청,상행,,,,,,18.7,19.3,21.2,15.6,18.6,18,26.8,26.2,22.9,11.4,7.8,6.9,7,4.1,3.6,9.2,25.4,42.1,28.2,2.2
192,평일,3,337,대청,하행,,,,,,8.8,10.2,11.4,15,16.9,16.1,24.5,27.7,37,18.2,14.1,13.9,17.2,6.9,3.6,13.6,17.4,19.4,10,3
193,평일,3,338,일원,상행,,,,,,16.8,17.4,19.2,14,17,16.6,22.4,22.5,19.9,10.2,7,6.2,6.6,4.2,3.2,8.1,22.6,38.5,24,2.4
194,평일,3,338,일원,하행,,,,,,7.2,9.4,9,12.3,14.2,15,23.2,27.8,34.2,17.8,12.4,12.3,15,6.7,3.6,10.8,12.6,17.8,8.3,2.6
195,평일,3,339,수서,상행,,,,,,14.8,14.6,15.5,12.6,13.6,12.8,16.6,16.5,18.5,9,6.5,6,5.9,3.8,3.4,7.8,21.4,36.5,22.7,2.2
196,평일,3,339,수서,하행,,,,,,6.4,9.6,8.4,11.9,13.1,14.8,22,27.3,34.2,16.8,12,11.2,13.8,6.6,3.6,7.4,10.5,16.4,8.2,2.4
197,평일,3,340,가락시장,상행,,,,,,13.6,13.6,14.2,11.4,13.4,11.2,16.8,20,18.2,8.4,5.9,5.8,5.3,2.7,6,18,30.6,41.4,23.3,1.6
198,평일,3,340,가락시장,하행,,,,,,5.5,6.4,6.2,7.8,8.5,9.8,17,18.2,22.5,16,10,10.2,10.8,8.1,0,4.8,6.9,12.2,6.6,2.4
199,평일,3,341,경찰병원,상행,,,,,,8.8,9,9.5,7.2,8.4,6.6,10.6,11.8,10.9,4.4,3.2,3.2,3,1.4,4.4,12,22.2,27.2,15.2,0.4
200,평일,3,341,경찰병원,하행,,,,,,3.8,4.9,4.7,5.7,6.4,7.8,13.9,16.2,18.7,12.6,7.8,8.2,8.4,6,0,4,5.2,8.2,3.7,1.8
201,평일,3,342,오금,상행,,,,,,6.8,6.9,7.2,5.8,6.4,4.7,8,8.6,7.4,3.4,2.3,2.2,2.3,1,3.6,9.4,18.2,23.2,12.8,0.3
202,주말,3,309,지축,상행,,,,,,17.2,22,29.8,35,40.6,38.8,52.7,49.8,46.6,41.7,32.1,27.8,37.8,39.9,8.7,10,11.2,13.4,21.9,0
203,주말,3,309,지축,하행,,,,,,45.7,47.8,46.4,49.2,47.2,45,52,43.3,24.5,18.8,12.4,11.2,11.2,5.2,17.2,17,25.8,36.8,47,0
204,주말,3,310,구파발,상행,,,,,,13.2,12.8,15.2,18,21.3,21.8,27.2,29.6,30.2,23,22,23.3,25.8,10.6,9.7,10,5.8,7.8,11.2,0
205,주말,3,310,구파발,하행,,,,,,35.3,34,32.2,27.8,29.7,28.2,32.8,27.6,20.7,11.8,9.6,11.6,8,5.4,1.8,12.1,16.2,29.6,32.9,0
206,주말,3,311,연신내,상행,,,,,,16.6,18,19.6,23.2,25.2,26.6,32.3,34.8,33,28,25.6,29.6,27.7,16.9,10,11.4,8.2,10.4,17.4,0
207,주말,3,311,연신내,하행,,,,,,38.8,40.7,34,30.4,32.8,28.4,32.2,26.6,17.1,12.2,9,11.8,8.2,7.6,5.2,14.8,18.9,33.5,35.6,0
208,주말,3,312,불광,상행,,,,,,18.8,20.9,22.4,27.4,29.5,32.7,41.4,45.4,43.8,35.8,33.6,37.8,34.9,23.6,8.5,10.8,8.8,12.6,18.8,0
209,주말,3,312,불광,하행,,,,,,45.3,46.6,40.7,34.7,38.4,33.6,37.9,31,20,13.6,10.3,12.7,10,8.8,7.4,17.6,21.8,39.6,42,0
210,주말,3,313,녹번,상행,,,,,,19.1,19.4,23.6,27.8,29.6,32.2,44,45.8,46.3,36.8,34.8,39.2,34.8,25,7.4,9.2,8.1,12.6,18.2,0
211,주말,3,313,녹번,하행,,,,,,46.6,53.4,44.2,37.8,41.7,36.2,40.2,32.8,20.7,13.6,10.2,12.3,9.7,8.4,9,19.4,24.8,44.2,46.3,0
212,주말,3,314,홍제,상행,,,,,,18.9,19.2,24,28.4,30.4,34.2,47.4,49,50.6,40.4,38.3,42.8,38.8,26,7.1,8.3,8.2,12.6,19.6,0
213,주말,3,314,홍제,하행,,,,,,49.2,59.4,48.6,42.7,43.4,39.7,42.7,35.8,24,14.4,10.4,12.3,10.1,7.8,11,21.1,26.4,47.8,52.2,0
214,주말,3,315,무악재,상행,,,,,,20.3,21.2,24.2,28.9,33.7,39.1,49.9,53.6,55.4,43,43.8,46.7,42.8,29.2,6,8.6,8.3,13,19.4,0
215,주말,3,315,무악재,하행,,,,,,50.2,60.4,49.6,44.4,44.4,40.6,43.6,36.8,24.3,14.6,10.6,11.9,10.5,7.8,11.4,21.4,26.9,48.7,53.4,0
216,주말,3,316,독립문,상행,,,,,,20.6,21.6,24.7,29.5,34.2,39.8,50.8,55,57.4,44,44.8,46.5,44.4,30.4,5.8,8.7,8.6,13.4,19.6,0
217,주말,3,316,독립문,하행,,,,,,52.7,58.2,51.6,46,46.4,42.8,45.8,38.8,25,15.1,10.9,11.8,10.4,7.4,9.2,21.8,27,47.2,53.6,0
218,주말,3,317,경복궁,상행,,,,,,23.2,23.2,26,30.6,34.8,41.9,52,56.1,58.6,45.2,45.9,47.2,45.5,31.2,5.7,8.6,9.1,15.2,21.2,0
219,주말,3,317,경복궁,하행,,,,,,52,59.8,57.9,51.8,55.4,54.6,58.2,57.7,36,23.8,17.9,17.9,15.4,10,10.7,20.8,26.4,44.8,54.5,0
220,주말,3,318,안국,상행,,,,,,33,36.6,37.7,44.6,45.8,48.6,58.2,64,60.4,44.2,47.7,47,45.6,27.2,5.8,9,11.2,20,33.2,0
221,주말,3,318,안국,하행,,,,,,50.4,57.4,59,54.1,61.7,64.8,73,75.5,50.3,34.8,26.2,25.1,20.6,11.6,10.7,20.2,25.5,43.2,51.6,0
222,주말,3,319,종로3가,상행,,,,,,44.2,52,51.4,59.8,58,58.8,64.4,69.4,61.2,43.4,47.9,43.8,43.1,27,5.6,9.9,12.8,23.2,40.9,0
223,주말,3,319,종로3가,하행,,,,,,38.8,43.2,45.8,41,48.6,52.5,59.1,61,43.2,30.5,22.7,20.3,21,11.2,9.3,15.6,18,34.3,41.7,0
224,주말,3,320,을지로3가,상행,,,,,,34.2,41.2,42.6,47.3,44.8,49.6,51.7,57.4,50.8,36.2,37.6,35.4,32.6,21.2,3.1,6.4,9.2,17.9,29.4,0
225,주말,3,320,을지로3가,하행,,,,,,35.8,40.2,39.3,38.5,43.8,45.8,55,52.5,40.7,29.8,23.3,20.2,24.2,13.9,8.4,13.7,15.2,29.5,36.2,0
226,주말,3,321,충무로,상행,,,,,,31.6,38.6,40.7,45.4,43,46.1,48.7,55.2,49.2,31.2,32.8,30.4,27.3,17.9,3.2,6,8.8,17.1,26.6,0
227,주말,3,321,충무로,하행,,,,,,39.6,46,40.3,41,46,48.8,54.8,52.5,39.8,29.6,23.4,21.2,24,14,9.4,18.2,17.8,34.2,44.4,0
228,주말,3,322,동대입구,상행,,,,,,31,37.4,45.4,44.6,47.2,48.3,54.6,55.1,53.8,32.4,35.4,32.7,29.4,18.5,3.7,5.4,9.2,16.9,23.7,0
229,주말,3,322,동대입구,하행,,,,,,36.6,42.3,38.7,39,44,44.6,53.8,54.6,42,30.6,23.9,21.4,26.8,14.6,9.4,17.4,16.7,31.1,39.8,0
230,주말,3,323,약수,상행,,,,,,33.2,39.1,45.7,44.5,48.2,49.5,53.6,50.9,46.8,30.3,34.4,31.1,27.7,18.1,3.6,5.6,9.3,18.3,25.8,0
231,주말,3,323,약수,하행,,,,,,42.1,50.8,45.3,44,45.1,51.2,58.4,59.2,47.7,32.4,25.9,24,26.2,16.5,12,21.1,17.9,36.7,48,0
232,주말,3,324,금호,상행,,,,,,34.8,42.4,49.4,49.3,52.6,54.8,59.6,59,52,35.4,39.1,35.4,32.9,21.3,4.8,5.8,9.9,19.9,26,0
233,주말,3,324,금호,하행,,,,,,44.4,50.8,45.5,44.7,45.3,51.6,55.9,59,46.8,31.8,25.2,23.5,25.1,15.6,13,21.5,18.4,37.4,47.1,0
234,주말,3,325,옥수,상행,,,,,,32.2,45.9,48.2,51.6,49,55.1,60.6,59,53,35.2,39.8,36,33.8,22.1,4.2,5.7,9.9,19.2,25.6,0
235,주말,3,325,옥수,하행,,,,,,49.5,56.8,50.3,48.8,49.9,55.6,59,64.6,49,32.7,25.5,23.8,25.4,15.5,14.2,23.4,20.5,40.9,53.8,0
236,주말,3,326,압구정,상행,,,,,,33.6,48.2,50.8,55.4,53.6,59.8,66.4,64.8,58.4,39.4,45.4,41,38.7,22.5,4.4,6.1,10.7,20.3,26.3,0
237,주말,3,326,압구정,하행,,,,,,42.6,51.3,47.8,45.8,49.6,57,61.8,65.6,52.6,37.1,30.4,28.7,29.6,15.9,5.2,23.2,18.4,32.6,42.7,0
238,주말,3,327,신사,상행,,,,,,38.3,55,53,57.6,52.5,57.3,63,60.8,51.8,35.3,37.7,35.8,34.4,18.4,3.4,6.8,11.7,25.6,35.5,0
239,주말,3,327,신사,하행,,,,,,33.6,40.6,39.6,38.3,45.2,46,55.6,56.3,44.6,32.4,28.2,31.9,27.8,17.2,5.3,19.9,15.9,26.1,31.3,0
240,주말,3,328,잠원,상행,,,,,,39.4,47.6,49,52.8,46.2,51.9,56.1,52.1,43.9,31.2,31.2,27,25,12.4,2.8,7.4,10.9,25.1,37.6,0
241,주말,3,328,잠원,하행,,,,,,34,41.4,40.2,38.7,45.6,46.4,55.9,56.4,44.5,32,28.1,31.8,27.5,17,5.2,19.6,16,26.2,31.2,0
242,주말,3,329,고속터미널,상행,,,,,,39.2,47,49,52.4,46,51.8,56.1,52.1,44.2,31.5,31.5,27.2,25.5,12.8,3,8.1,11,25.3,37.6,0
243,주말,3,329,고속터미널,하행,,,,,,35.6,41.4,43.2,39.2,44.8,42.8,58.2,50.5,47,32.5,28,29.6,25.4,15.4,5.6,22,15.4,30.4,33.8,0
244,주말,3,330,교대,상행,,,,,,38.2,45.5,48.2,52.4,45.2,51.8,56.6,53.3,44.5,30.6,29.6,29.1,27.2,13.2,4,9.9,13.3,26.4,34.4,0
245,주말,3,330,교대,하행,,,,,,27.8,32.7,32.3,31.4,35.9,33.4,46.2,40.6,36.1,26.2,21.9,22.8,21.5,13.5,7.3,22.2,14.6,28.2,29.4,0
246,주말,3,331,남부터미널,상행,,,,,,31.6,37.4,40.3,41.2,36.4,38.7,43.5,45.8,34.7,22.4,24.8,22.5,21.5,9,3,8,11.1,21.4,26.6,0
247,주말,3,331,남부터미널,하행,,,,,,21.1,25.8,25.4,24.6,28.1,27.3,37.2,34.2,30.2,21.2,18.8,19.9,20.8,12.4,6.4,17.6,11.3,21.9,23.4,0
248,주말,3,332,양재,상행,,,,,,27,30.8,32.4,33.4,29.4,31.7,36.1,35.4,27.8,17.6,19.5,17.4,16.6,7.8,3,7.7,10.8,19.9,23.4,0
249,주말,3,332,양재,하행,,,,,,14.2,17.2,18.6,20.7,19.6,23,24.7,26.4,24.5,17,16.8,15.6,17,10.4,3,12.6,7.6,15.4,16.6,0
250,주말,3,333,매봉,상행,,,,,,23.5,26,26,27.6,22.2,24.6,27,28.4,19,11.3,11.7,10.9,11.7,5.9,3,7.4,10.3,18.1,21.6,0
251,주말,3,333,매봉,하행,,,,,,13.4,16.7,17.8,19.6,18.8,21.9,23.6,25.2,23.2,16.4,16.2,15.2,17.4,9.3,3.4,11.7,7.1,13.6,14.6,0
252,주말,3,334,도곡,상행,,,,,,22.4,24.8,24.1,26.2,20.8,23.2,25.2,27.2,18.2,10.5,11,9.4,10.8,5.8,3,7.2,9.8,18,21.2,0
253,주말,3,334,도곡,하행,,,,,,10.3,13,14.3,15,16.2,17.9,19.3,21.4,20.4,14.2,13.6,14,14.6,8.2,2.9,9.9,6.1,11,12.3,0
254,주말,3,335,대치,상행,,,,,,19.5,20.8,19.8,22.2,16.4,19.3,20.6,21.6,15.2,8.8,8.6,7.6,9,5.1,2.7,6.3,8.9,16,18.4,0
255,주말,3,335,대치,하행,,,,,,8.6,11.9,13,12.8,14.2,16,16.8,20.6,18.6,13.6,12.7,13,13.7,7.2,2.8,8.8,5.4,7.7,10,0
256,주말,3,336,학여울,상행,,,,,,18.4,18.3,18,20.1,14.4,16.8,17.8,18.2,12.4,7,6.8,6.5,6.8,5.2,2.2,5.9,8.2,14.8,18.2,0
257,주말,3,336,학여울,하행,,,,,,8,11.4,13,12.4,14.2,15.8,16.7,20.5,18.9,13.6,12.6,12.8,13.4,7.1,3,9.4,5.6,7.5,9.7,0
258,주말,3,337,대청,상행,,,,,,18.4,18.6,18.2,19.4,13.6,17,16.8,18.1,11.3,6.6,6.8,6.4,7,5.2,2,6.2,8,15.2,17.8,0
259,주말,3,337,대청,하행,,,,,,7.8,11,12.4,11.6,12.5,14.4,15.4,18.6,17,12.1,11.2,11,12,6.6,3.4,8.8,5.4,7,9.4,0
260,주말,3,338,일원,상행,,,,,,16.4,16.2,16,17.5,12.2,15.7,15,16.4,10.1,6.2,6.4,6.2,6.7,5.4,1.9,5.6,7.1,13.3,15.6,0
261,주말,3,338,일원,하행,,,,,,7.6,9.8,11.3,10.6,11.5,12.7,16,16.1,15.2,11.9,10,10.1,10.2,5.8,3.4,7.6,4.4,6.2,8.2,0
262,주말,3,339,수서,상행,,,,,,14.4,14,14.5,15.2,11,13,14,13.8,9,5.9,6.4,6.5,6.7,5.7,2.3,5.3,7.2,13.6,14.3,0
263,주말,3,339,수서,하행,,,,,,7.8,9.9,11,11.1,10.2,12.9,15.2,15.4,13.6,9.6,9.2,9.4,9.8,5.8,3.2,5.2,3.9,6.4,6.7,0
264,주말,3,340,가락시장,상행,,,,,,12.3,12,13.8,13.5,11.2,11.2,12.8,13,8.8,6.4,6.7,8.5,6.3,5,4,10.5,7.6,12.7,16.3,0
265,주말,3,340,가락시장,하행,,,,,,4.3,5.6,6.8,7,6,7.4,9.4,11.1,9,7,7.6,7.2,9.8,7.2,0,3.8,2.8,4.3,4,0
266,주말,3,341,경찰병원,상행,,,,,,7.5,7.9,8.6,8.4,6.8,6.7,8.1,8.4,5,3,3.6,5,3.6,1.4,2.8,6.8,5.4,8,10.7,0
267,주말,3,341,경찰병원,하행,,,,,,3.6,4.2,5.4,5.7,4.2,6.5,7,9.2,7,5.6,5.8,5.8,7.8,5.4,0,3,2.2,3.4,3.3,0
268,주말,3,342,오금,상행,,,,,,5.8,6.1,6.6,6.2,5.8,5.2,6.4,6.2,3.6,2.3,3,4.8,3.2,1.2,2.3,5.8,4.6,6.2,8.9,0
269,평일,3,309,지축,상행,,,,,,13.4,17.6,20.8,23.4,26.5,34.4,40,54.8,107.8,73.1,40,39.2,38,32.6,10,13.4,16.8,21.6,17,16
270,평일,3,309,지축,하행,,,,,,42,36.1,33,28.9,24.6,24.4,26.8,29.1,29.2,17.2,10.8,10,10,5.8,19.1,44.9,86.6,96.8,63.1,2.4
271,평일,3,310,구파발,상행,,,,,,8.4,11.6,17.5,20.1,18.4,31.4,29.6,51.4,57,41.6,25.6,27.3,22.2,18.9,10.7,9.8,11,11.4,9.2,4.2
272,평일,3,310,구파발,하행,,,,,,39,29.3,31,30.8,20.7,27.1,24.8,22.6,17.8,10.6,9,9.9,9.4,5.7,8.2,32.4,60.6,72.8,43.3,2.2
273,평일,3,311,연신내,상행,,,,,,11.2,14.6,21,25.3,23.5,38.6,38.8,58.4,74.5,46.3,33.8,31,30.1,22.6,11,11.8,13.2,13.9,11.8,5.8
274,평일,3,311,연신내,하행,,,,,,44.5,30.4,32.9,32.5,21.5,27,26.2,19.2,16.2,10.5,7.8,9.1,8.4,5.2,12.6,36.2,67,81.5,51.9,2
275,평일,3,312,불광,상행,,,,,,13,17.2,25.3,30,28.6,48,47.8,74.8,96.6,61.2,43.4,39.4,39.2,28.4,9.5,12.6,14.2,15.3,13,9.1
276,평일,3,312,불광,하행,,,,,,48.8,36.3,35.3,37.8,25.3,30,29.8,23.4,19.1,12.4,9,10.5,9.4,6.6,16.8,42.2,76.8,98,63.4,2.2
277,평일,3,313,녹번,상행,,,,,,12.6,16.8,25.6,29.6,28.9,50.1,48.6,76.1,97.8,62.6,45.1,39.9,40.6,29.8,8.6,10.2,13,13.5,12.6,10.2
278,평일,3,313,녹번,하행,,,,,,53,40,38.2,40.7,26.6,30.8,30.9,23.8,19.7,12.7,9.2,10,9,6.2,19.5,47.8,87.9,112.4,71.8,2.4
279,평일,3,314,홍제,상행,,,,,,12.7,17.8,26.4,30,30.8,53.4,53,90.3,107.2,70.7,50.2,45,45.6,34,8.2,9.9,12.2,13,12.4,12
280,평일,3,314,홍제,하행,,,,,,58.4,42.8,41,46.2,28.5,31.8,34.3,25.2,21.3,12.6,9.3,10.4,8.6,6.7,22.4,48.2,93.5,122.2,77.6,2.2
281,평일,3,315,무악재,상행,,,,,,13.6,19.2,27.4,31.6,33.1,58.3,57.2,97.3,113.9,76.8,53.8,48.8,51.4,34,7.2,9.8,12,13.2,13.2,11.7
282,평일,3,315,무악재,하행,,,,,,60.4,43.8,41.9,46.8,29,32.2,35.6,25.2,22,12.6,9.4,10.6,8.8,6.6,23,49.4,95,127,80.6,2.1
283,평일,3,316,독립문,상행,,,,,,13.8,19.4,28.8,31,34.4,61.2,58.6,99.1,116.2,79.2,55.2,50.5,53,33.8,6.9,9.4,12,13.3,13.3,12.3
284,평일,3,316,독립문,하행,,,,,,60.9,45.3,42.8,48.7,30.4,32.5,37,26,22.9,13.4,9.4,10.6,9,6.6,16.2,50.4,93.4,127.5,82.2,2
285,평일,3,317,경복궁,상행,,,,,,14.2,19.8,30.8,31.4,35.8,61.4,62,103.4,114.4,80.8,55.8,51.6,54.2,34.8,6.8,9.3,13,14,14.4,10.5
286,평일,3,317,경복궁,하행,,,,,,61.9,49.5,47,57.6,38.6,43.2,54.1,38,36.7,19,13.8,17.1,13.8,9,16.4,47.3,90.6,121.3,80,2.2
287,평일,3,318,안국,상행,,,,,,23.4,29.1,40.6,39.2,40.8,65.4,63.4,103,111.4,78.6,53.4,50.5,54.4,35.1,7.2,11.2,17.4,26.7,28.4,10.8
288,평일,3,318,안국,하행,,,,,,60.6,49,49.2,63,46.8,53.7,71.4,53,52.5,25.6,18.8,22.4,17.6,10.8,16.3,44.7,82.2,111.7,76.6,2.2
289,평일,3,319,종로3가,상행,,,,,,31.6,38.8,49.6,45.2,45,67.8,62.6,98.6,108,74.2,51.4,48.2,53,33,7.2,14.7,30,38.8,38,10.5
290,평일,3,319,종로3가,하행,,,,,,48,40,39.2,53.2,40.6,45.8,64.2,47.4,50,23.8,17.6,20.2,17.2,11.2,13.4,35.7,64,88.8,62.1,2.3
291,평일,3,320,을지로3가,상행,,,,,,27.2,34.3,43,38.3,39,54.8,51.8,77.4,89.6,61.1,41.3,39.7,42.6,24,3.6,10.5,23.6,34.2,32.8,9.2
292,평일,3,320,을지로3가,하행,,,,,,43.4,37.8,37,51.6,40.5,45.2,63,50.2,57.4,26.4,20,23.2,21.2,13.9,11.6,29.8,48.7,68.6,53,3
293,평일,3,321,충무로,상행,,,,,,27.1,33.6,41,37.2,39,51.8,48.2,68.8,76.4,52.6,36.2,34.3,37.9,20.3,4.2,10,25.2,41,33.2,8.2
294,평일,3,321,충무로,하행,,,,,,49.2,41.8,40.4,56.1,44.2,49.4,68.4,53.1,61.3,29.6,20.7,25,23.2,14.6,10.9,34.8,54.8,72.6,59.8,3.2
295,평일,3,322,동대입구,상행,,,,,,27.7,35.6,44.6,40.2,42.3,56.2,52.6,75.9,84.5,60.4,42.3,37.4,42.6,20.8,4,9.4,24.8,43.4,33.4,8.4
296,평일,3,322,동대입구,하행,,,,,,43.4,37.6,38.3,53,44.3,49,70.7,53.8,62.7,30.1,22,26.6,25,16,11,33.5,52.5,67.4,56.6,3.4
297,평일,3,323,약수,상행,,,,,,28.8,37.5,45.2,39.8,40.8,53.1,49.1,71.4,81.9,57.6,38.4,34,38.2,19.8,3.8,9.8,26.2,46.3,36.2,8.4
298,평일,3,323,약수,하행,,,,,,49,42.3,42.4,58.6,48,51.4,74,55,68.1,32.3,23.4,27.8,28,17.5,14.6,39,62.6,82.6,67.4,4
299,평일,3,324,금호,상행,,,,,,30.8,40.6,48.5,42.6,44.8,56.7,57.6,83.1,96.6,67.9,46.4,40.8,43.6,23.6,4.8,9.6,26,47.8,38.3,11
300,평일,3,324,금호,하행,,,,,,49.3,43,42.6,58.4,47.7,51,73,53.8,65.8,31.5,22.5,25.8,27.2,16.4,16,39.8,63.8,85.3,70.4,3.7
301,평일,3,325,옥수,상행,,,,,,30,39.6,49,40.2,46.8,57.4,58.3,84.4,99,69.4,47.5,41.8,45,23.6,4.2,8.8,25.2,44.3,36.9,9.1
302,평일,3,325,옥수,하행,,,,,,55,47.3,45.8,62.3,50.8,52.6,76.4,55.6,67.2,32.7,22.6,25.8,27,17.4,18.3,44,70.2,95.2,80.2,4.5
303,평일,3,326,압구정,상행,,,,,,30.9,41,51.8,42.6,52,64.2,66.4,94.5,110.5,75.8,52.4,47.2,51.1,26,3.7,9.6,25.2,43,36.9,8.4
304,평일,3,326,압구정,하행,,,,,,48.2,45,43.4,57.1,51,53.8,78.6,56.8,72.6,39.2,27.2,29,30.3,18.3,8.2,39.4,64.4,82.6,65.7,4.4
305,평일,3,327,신사,상행,,,,,,35.1,45.2,54.6,43.7,51.4,61.8,65.2,88.1,101.4,66.1,45.2,41.7,44,23,3.6,10.8,28.3,49.8,46.7,8.2
306,평일,3,327,신사,하행,,,,,,36.4,36.4,36.1,47.9,43.9,45.2,65.8,49.8,63.5,37.7,27.4,29.9,33.7,19.2,7.6,32.8,48.2,66.3,44.2,4.3
307,평일,3,328,잠원,상행,,,,,,34.5,40.7,49.8,39.5,47,53,56.2,73.2,81.8,48.8,34.2,30.8,32.9,16.5,3.6,11.6,28.2,49,53.1,6.2
308,평일,3,328,잠원,하행,,,,,,37,37.1,36.6,48.4,44.4,45.1,65.8,51.6,61.2,37.1,26.8,29.5,33.6,19.2,7.6,32.5,48.8,69,44.8,5
309,평일,3,329,고속터미널,상행,,,,,,34.2,40.3,48.2,40.1,47.4,53.3,56.2,73.2,82,49.8,34,31.6,33.8,17,3.8,12.3,27.9,48.3,52.7,6.6
310,평일,3,329,고속터미널,하행,,,,,,41.7,39.9,39.1,52.3,47.5,45,66.2,53,60.8,38.2,28.6,28.6,31.4,18.3,8.7,36.6,64.6,94.4,57.3,5.5
311,평일,3,330,교대,상행,,,,,,36,42.4,51.4,41.9,52.6,59.4,68.4,88.3,102,57.4,37.2,36.9,40.2,18.2,4.2,14,31.1,47.4,44.8,7.4
312,평일,3,330,교대,하행,,,,,,29.4,29.8,31,39.2,39.3,37,55.5,45.2,51.9,32.2,23.8,24.8,28.3,16.6,10.4,36.1,54.5,82,41.2,4.8
313,평일,3,331,남부터미널,상행,,,,,,31.2,36.2,41.5,32.9,40,46.4,55,72.4,81.1,43.2,28.8,28.6,30.6,13.6,4.1,11.8,29.5,45.5,38.7,4.7
314,평일,3,331,남부터미널,하행,,,,,,23.8,25.5,26.6,34,32.8,31.4,48.2,42.8,50.4,30.5,22,25,25.2,15.1,9.4,29.9,46.5,61.1,31.8,4.1
315,평일,3,332,양재,상행,,,,,,29,31.5,35.4,27.6,35.6,37.6,47.6,56.2,65.6,34.8,23.2,22.8,25,11.1,4.2,12.4,30.6,48.2,36.2,2.9
316,평일,3,332,양재,하행,,,,,,16,19.2,20.6,26.6,26.8,26.5,40.6,40.5,48.3,28,20.7,23.4,22.7,13.7,4.3,21,27,33.5,17.3,3.4
317,평일,3,333,매봉,상행,,,,,,26.1,26.8,29.7,22.8,26.8,28.2,35,38.2,38.8,20.3,13.5,13.1,17.1,7.6,4.6,12.6,31.8,52.6,36.1,2.5
318,평일,3,333,매봉,하행,,,,,,14.4,17.3,19.5,24.6,26.6,25.6,40,41,48.9,27.7,21.1,22.8,22.8,13.2,4.4,19.3,23.9,25.6,14.4,3.5
319,평일,3,334,도곡,상행,,,,,,25,25.4,27.9,21.3,24.5,25.4,32,33.8,31,17.9,11.8,11.1,16.8,6.6,4.2,12.5,32.4,55.2,34.6,2.5
320,평일,3,334,도곡,하행,,,,,,12.2,15,16.6,21.4,23.1,22.6,33.4,36,41.7,24.8,18,19.1,20.2,12.4,4.1,17,20.8,23.7,11.5,4.1
321,평일,3,335,대치,상행,,,,,,22,21.8,24.3,18.2,21.5,21.2,26.6,30.1,25.6,14.5,9.8,9.3,13.4,5.5,3.7,11.8,30.1,47.5,30.1,2
322,평일,3,335,대치,하행,,,,,,10.1,12.5,13.4,17.3,19.5,18.8,29,31.6,38,22.3,16.8,17.3,22.6,9.9,4.1,15.6,20,20.4,10.3,3.4
323,평일,3,336,학여울,상행,,,,,,20.2,20.1,22,16.4,20.2,19.8,25.1,27.3,23.2,11.6,8,7.2,7.6,5,2.9,10,26.4,44.4,27.5,2
324,평일,3,336,학여울,하행,,,,,,9.6,12.1,12.8,16,19.5,18.4,28.8,31.4,37,22,17.1,17,22.2,9.6,4.1,15.7,19.8,19.8,10.4,3.2
325,평일,3,337,대청,상행,,,,,,19.5,19.8,22.4,16.1,19.8,19.3,24.5,25.8,22.2,11.3,8,7.1,7.6,5,3.6,9.4,27.8,44,26.7,2
326,평일,3,337,대청,하행,,,,,,9,11.4,12,14.8,18.8,17.8,24.9,29.9,33.8,19.4,15,14,18.2,7.6,4,14.3,17.8,17.8,10,2.8
327,평일,3,338,일원,상행,,,,,,17.4,17.8,20.4,14.6,18,17.2,21.4,22.7,19.4,10,7.2,6.6,7.4,5,3.3,8.4,24.6,39.8,23.2,2.3
328,평일,3,338,일원,하행,,,,,,7.2,10.4,9.4,12.2,15.8,16.4,24.6,29.4,31.8,18.2,13.4,12.3,15.5,7.5,3.9,11.2,13.2,16.6,8,2.2
329,평일,3,339,수서,상행,,,,,,15.3,14.8,16.3,13.3,14.4,13.2,15.4,16.6,18,8.7,6.6,6.4,7,4.6,3.3,8.3,23.4,37.8,21.2,1.8
330,평일,3,339,수서,하행,,,,,,6.5,10,9,12.2,14.7,15.8,24.1,29.4,31.2,17.2,12.9,11.4,14.2,7.7,4.3,8,11,15.8,7.4,2.2
331,평일,3,340,가락시장,상행,,,,,,13.8,14.2,14.8,12.1,14,11.6,17.4,20.4,17.8,8.4,6.2,6,6.8,3.6,5.8,19.5,32.7,42.4,22,1.6
332,평일,3,340,가락시장,하행,,,,,,5.6,6.4,6.7,8,9,10.6,18.2,19.4,22.4,16.1,10.5,10.8,10.8,9.4,0,5.4,7.2,12.1,5.8,2.1
333,평일,3,341,경찰병원,상행,,,,,,9.2,9.2,9.6,7.8,8.6,6.9,11.1,11.8,11,4.6,3.5,3.2,4,2,4.4,13,23,27.6,14.5,0.4
334,평일,3,341,경찰병원,하행,,,,,,4.2,5,5,6.2,6.8,8.1,15.1,16.6,18.6,12.3,8.2,8.6,8.4,6.8,0,4.2,5.4,8.1,3.3,1.4
335,평일,3,342,오금,상행,,,,,,7.3,7.2,7.4,6.2,6.4,5.1,8.4,8.5,7.6,3.4,2.6,2.4,3.1,1.6,3.7,10.2,18.5,23.6,11.8,0.4
336,주말,3,309,지축,상행,,,,,,16.2,19.4,26.4,31.3,34.2,32.9,44,39.4,40.1,35.4,27.1,23.6,31.2,31.6,5.8,7.4,8.9,11.9,22.2,0
337,주말,3,309,지축,하행,,,,,,38.9,40,40.5,40.1,41.6,40.2,40.9,34.8,22.5,20.2,14.1,10.7,11.5,5,13.7,13.7,19.8,28.1,37.2,0
338,주말,3,310,구파발,상행,,,,,,12.3,11.2,13.8,16,17.8,18.5,22.9,23.9,26.4,19.6,18.5,20,20.9,8.3,6,6.7,4.6,7.2,11.2,0
339,주말,3,310,구파발,하행,,,,,,30.3,27.6,27,24,25.8,25.1,25.6,21.7,18.2,12.3,10.6,11.1,8.4,5.2,1.3,9.5,12.8,22.5,26.1,0
340,주말,3,311,연신내,상행,,,,,,15,15.6,17.5,20.3,21.8,23.4,27.5,28.5,29.2,24,21.2,25.9,22.4,13.1,6.3,7.6,6.3,9.4,15.2,2.3
341,주말,3,311,연신내,하행,,,,,,33.1,32.1,28.1,27.3,25.9,24.8,24.5,21.5,15.2,12.2,10.4,10,8.4,6.8,3.7,11.7,14.4,25.2,28.6,0
342,주말,3,312,불광,상행,,,,,,16.5,17.7,20,23.4,25.3,28.6,33.7,36.2,36.6,29.9,28.4,32.3,28.3,18.6,5.5,7.5,6.9,10.6,16.6,3.9
343,주말,3,312,불광,하행,,,,,,38.5,37.2,34,31,29.8,28.9,28.8,25.4,17.5,14.2,11.6,11.5,9.7,7.8,5.2,14,17.4,29.8,33.9,0
344,주말,3,313,녹번,상행,,,,,,16.6,17.7,19.7,23.8,25,29.2,33.1,38,37.4,30,29.8,33.4,28,18.8,5,6.5,6.6,10.4,16.1,0
345,주말,3,313,녹번,하행,,,,,,41,42.7,37.3,33.6,32,30.7,30.4,26.1,17.9,14.2,11.5,11.2,9.3,6.8,6.4,15.5,19.4,33.3,37.5,0
346,주말,3,314,홍제,상행,,,,,,16.4,17.6,19.8,24.3,25.8,30.6,35.2,40.8,40.7,32.8,33,36.6,31.3,20.1,4.6,6.2,6.7,10.6,16.5,0
347,주말,3,314,홍제,하행,,,,,,42.8,47.3,41.5,35.4,36.1,33,33.8,27.6,20.3,14.8,11.6,10.9,9.6,6.2,8.1,16.4,20.4,35.1,42.5,0
348,주말,3,315,무악재,상행,,,,,,17,18.3,20.5,25.8,26.7,33.5,40.2,42.9,44.6,34.8,38.4,39.8,34.7,23.2,3.9,6.5,7.1,11.3,17.2,0
349,주말,3,315,무악재,하행,,,,,,44,48.4,41.8,36.9,36.8,33.5,34.2,28,20.4,14.8,11.8,10.7,9.6,6.2,8.4,16.7,20.8,36,43.6,0
350,주말,3,316,독립문,상행,,,,,,17.1,18.5,20.8,26.2,27.2,34.2,41.2,43.9,46.2,35.7,39.4,40.2,35.6,23.6,3.8,6.5,7.2,11.4,17.3,0
351,주말,3,316,독립문,하행,,,,,,46.5,47.2,44.1,38.3,38.2,35.2,36,29.3,20.9,15,12,11,9.6,6.1,6.8,17.1,20.2,35.6,43.9,0
352,주말,3,317,경복궁,상행,,,,,,18.9,19.5,21.3,27.2,27.8,35.4,42.1,44.9,47.1,36.4,40.1,40.7,36.4,24.3,4.2,6.4,7.4,12.4,19.9,3.2
353,주말,3,317,경복궁,하행,,,,,,46.2,49,48.3,44.1,45.1,45.4,47.6,41.8,29.1,21.5,17,16.4,13.3,8.2,7.9,16.2,19.5,33.8,43.9,0
354,주말,3,318,안국,상행,,,,,,29.1,30.3,33.8,38.2,36.5,43.2,46.2,49,48.5,36.4,41.2,41,36.6,21.7,4.2,7,9,16.4,29.8,0
355,주말,3,318,안국,하행,,,,,,45.6,48.5,49.6,46.8,50.3,53,57.8,53.5,37.8,28,22.2,20.7,17.3,8.7,7.8,15.8,19,33,42.8,0
356,주말,3,319,종로3가,상행,,,,,,38.9,41.2,43.7,46.8,43.4,49.3,49.6,51.2,49,35.9,41.8,38.8,35.8,21.8,4.1,7.6,11,19.8,36.3,0
357,주말,3,319,종로3가,하행,,,,,,34.8,38.6,38.4,36.4,40.4,43.3,47,43,34.2,23.5,19.1,18.6,14.9,7.6,6.6,12.2,13.8,25.7,34,0
358,주말,3,320,을지로3가,상행,,,,,,29.3,32.7,34.6,37.6,35.7,38.4,40.3,41.1,38.1,28.7,34.3,30.5,29.2,17.8,2.6,5.2,8,15,26.5,0
359,주말,3,320,을지로3가,하행,,,,,,31,35.4,33.7,33.4,36,37.4,43.1,39.9,31.6,24.8,19.8,19.2,17,9.6,5.9,10.8,11.9,22.6,29.4,0
360,주말,3,321,충무로,상행,,,,,,26.5,30.5,32.6,36.2,33.9,36.2,38.6,40.2,36.2,26,30.6,26.4,24.7,15.6,2.5,4.7,7.5,14.1,23.4,0
361,주말,3,321,충무로,하행,,,,,,35.3,39.1,36,36,36.4,37.4,43.7,40.1,31.8,25,21.2,20.5,17.6,10,6.5,13.7,13.9,26.1,33.6,0
362,주말,3,322,동대입구,상행,,,,,,24,30.1,34.1,37.3,35,40.6,41.3,43.6,40.9,28.6,35.4,30.2,25.8,16.6,3,4.5,7.3,13.2,20,0
363,주말,3,322,동대입구,하행,,,,,,32.2,36.4,33.6,33.2,36.2,37.8,44.2,40.1,32.2,25.4,21.8,20.8,19.3,10.6,6.5,12.8,12.5,23.4,30.8,0
364,주말,3,323,약수,상행,,,,,,25.3,31.1,35.2,38.4,35.7,37.6,38.8,41.9,38,27.2,34,29,24.4,16.3,2.8,4.8,7.8,14.1,21.2,0
365,주말,3,323,약수,하행,,,,,,37.1,42.2,38.9,38.4,40.7,40.6,49.7,45,35.9,27.4,24.5,22.6,20.2,12.5,8.7,15.5,14.1,26.9,36.3,0
366,주말,3,324,금호,상행,,,,,,27,34.2,39,42.3,40.4,43.6,44.2,48.3,43.1,31.7,38.4,33.8,28.4,18.3,3.7,5,8.4,16,22.2,0
367,주말,3,324,금호,하행,,,,,,38.2,42.7,38.9,38.8,40.9,40.4,48.8,44.7,35.3,26.9,23.8,21.9,19.6,11.8,9.3,15.8,14.4,27,36,0
368,주말,3,325,옥수,상행,,,,,,26.6,34.2,37.6,43.7,39.5,43.1,47.6,46.7,42.2,32.4,39.3,34.3,29.1,19,3.4,5.1,8.1,15.8,21.6,0
369,주말,3,325,옥수,하행,,,,,,42.5,47.8,43.6,43,44.3,44.1,51.9,48.2,37,28.3,24.7,22.9,19.9,11.8,10.2,17.4,15.8,30.4,41.1,0
370,주말,3,326,압구정,상행,,,,,,27.6,35.8,40,46.6,43.1,47.4,52.5,51.8,47.2,36.7,45,38.6,32.6,20.2,3.7,5.4,8.9,16.8,22.2,0
371,주말,3,326,압구정,하행,,,,,,36.7,43.4,41.5,41.4,44.2,45,53.7,50.2,41,29.7,28.6,25.8,22.4,12.1,3.8,16.9,13.5,25,32.9,0
372,주말,3,327,신사,상행,,,,,,32.1,39.3,42.1,47.2,42.7,45.8,50.6,49,42.6,33.6,38.5,33.6,29.6,17,3,6.2,10,20.9,28.6,0
373,주말,3,327,신사,하행,,,,,,27.7,33.8,34.2,33.2,38,38,47.5,43.1,35.7,26.9,26.6,24.7,22.9,12.6,4.4,14.4,11.8,20.3,24.5,0
374,주말,3,328,잠원,상행,,,,,,31.3,35.6,38.3,41.2,36.7,40.2,42.4,44,36.6,28.6,32.5,25.5,21.7,11.8,2.4,6.4,8.9,18.9,28.8,0
375,주말,3,328,잠원,하행,,,,,,28.2,34.2,34.6,33.6,37.9,38.2,47.5,43.2,35.6,26.7,26.6,24.6,22.5,12.3,4.5,14.2,11.8,20.6,24.8,0
376,주말,3,329,고속터미널,상행,,,,,,31.2,35.3,38,41.2,36.5,40.2,42.3,44.1,36.9,28.8,32.6,25.7,22,12.1,2.4,6.8,8.9,18.8,28.9,0
377,주말,3,329,고속터미널,하행,,,,,,28.3,34.3,35.8,34.4,36.3,36.1,49,44.8,36.6,29.2,28.6,24.1,22.7,12.4,4.7,15.5,12.4,20.6,27.2,0
378,주말,3,330,교대,상행,,,,,,30.1,35.8,39.4,42.2,37.7,41.4,43.7,43.5,36.3,28,29.5,24.7,22.4,11.4,3.2,7.5,10.1,19.4,27.3,0
379,주말,3,330,교대,하행,,,,,,23,27.9,28.2,27.9,29.3,29.2,39.9,35.4,29.1,24.2,23,18.8,19.3,10.5,5.9,15.3,12.1,19.9,23.8,0
380,주말,3,331,남부터미널,상행,,,,,,25.5,30.1,33.4,34,30.2,33,35.8,35.2,28.6,22.3,24.2,20,16.4,8.6,2.4,5.7,8.8,16,22.6,0
381,주말,3,331,남부터미널,하행,,,,,,17.8,22,21.6,21.4,22.8,22.8,31.4,29.3,23.7,19.7,19.8,16.9,17.6,9.8,5,11.7,9.4,16,18.8,0
382,주말,3,332,양재,상행,,,,,,22,24.8,27.9,28.4,24.3,26.7,29.1,27.6,21.7,15.5,17.4,15.5,13,7.1,2.4,5.6,8.2,14.9,19.6,0
383,주말,3,332,양재,하행,,,,,,11.9,14.3,15.8,16.2,17,19,21,24.1,20.5,15.9,15.8,14.6,14.5,8.6,2.6,9,5.8,11,13.2,0.7
384,주말,3,333,매봉,상행,,,,,,19.8,21.4,22.7,22.2,18,20.7,22.4,20.9,14.6,9.6,10.4,10.3,9.8,5.5,2.4,5.7,7.8,14.2,18.3,0
385,주말,3,333,매봉,하행,,,,,,11.1,13,15.5,15,16.6,18.6,20,22.9,19.7,15.2,15.2,14.4,14.6,8.3,2.7,8.5,5.3,9.9,12,0.6
386,주말,3,334,도곡,상행,,,,,,19.1,20.2,21.9,21.7,16.6,19.1,21.5,19.7,14,9.1,9.6,9,9.5,5.5,2.3,5.5,7.6,13.9,18.1,0
387,주말,3,334,도곡,하행,,,,,,9.4,10.5,13.2,12.8,13.7,15.6,16.6,19.3,17.4,12.9,12.5,12.9,12.2,7.3,2.4,7.4,4.5,8.1,10.3,0
388,주말,3,335,대치,상행,,,,,,16.5,17.3,18.9,18.4,13.7,15.6,17.5,16,11.7,7.5,7.7,7.4,7.8,4.7,2.1,4.7,7,12.2,15.8,0
389,주말,3,335,대치,하행,,,,,,8.4,9,11.9,10.8,12,14.8,14.4,17.7,16.3,11.7,11.7,12.1,11.8,6.3,2.3,6.7,4.2,6.2,8.6,0
390,주말,3,336,학여울,상행,,,,,,15.4,15.4,16.9,16.9,12,13.8,15.4,13.4,10,6.2,6.7,6.1,5.9,4.7,1.6,4.4,6.3,11.1,15.2,0
391,주말,3,336,학여울,하행,,,,,,7.8,9.3,10.9,10.6,11.7,14.4,14.3,17.7,16.2,11.4,11.6,12,11.5,6.1,2.4,7.3,4.2,6,7.8,0
392,주말,3,337,대청,상행,,,,,,15.6,15,16.9,16.4,11.3,13.8,14.2,12.8,9.3,6,6.6,6,5.9,4.8,1.6,4.5,6.5,11.3,15,0
393,주말,3,337,대청,하행,,,,,,7.6,8.9,10.2,9.6,10.7,13.3,13.1,16,14.4,10,9.9,10.5,9.8,5.6,2.7,6.9,3.9,5.7,7.7,0.6
394,주말,3,338,일원,상행,,,,,,13.7,13,15.1,14.6,10.2,12.6,12.8,11.5,8.6,5.8,6.5,5.9,5.8,4.8,1.4,4,5.7,9.8,13.2,0
395,주말,3,338,일원,하행,,,,,,6.9,8.2,10.1,8.8,9.5,12,13.7,13.2,13.8,9.7,8.5,9.6,9,4.9,2.7,5.9,3.4,4.8,6.8,0.4
396,주말,3,339,수서,상행,,,,,,12.9,11.2,13.3,12.6,9.2,10.4,11,10.4,7.9,5.5,6.2,5.7,5.5,4.7,1.8,3.7,5.6,10.2,12,0
397,주말,3,339,수서,하행,,,,,,8,8.7,10.6,9.2,8.8,11.6,13.4,12.1,12.2,8.8,7.6,8.7,8.5,5.2,2.7,4.1,2.9,4.6,6,0
398,주말,3,340,가락시장,상행,,,,,,10.8,10.8,12.8,11.5,9.3,10.2,10.2,11,8.9,6,7.8,7.4,5.3,3.6,3.2,7.5,5.7,9.6,12.9,0
399,주말,3,340,가락시장,하행,,,,,,4.4,4.9,5.6,5.5,5.6,6.8,8.3,8.6,7.8,6.4,7,6.6,7.9,5.8,0,3.1,1.9,3.1,3.8,0
400,주말,3,341,경찰병원,상행,,,,,,7,6.9,8.2,7.8,5.4,6.1,6.2,6.3,4.7,3.3,4,4.4,3.2,0.9,2.1,5,4.2,6.4,8.5,0
401,주말,3,341,경찰병원,하행,,,,,,3.8,3.8,4.6,4.6,4.5,6,6,7,6,5.1,5.2,5.3,6.4,4.1,0,2.5,1.5,2.5,3.2,0
402,주말,3,342,오금,상행,,,,,,5.4,5.4,6.2,6,4.4,5,5.2,5.4,3.6,2.8,3.2,3.9,2.6,0.8,1.9,4.2,3.2,5.2,6.6,0
403,평일,3,309,지축,상행,,,,,,13.2,17.8,20.6,23.5,26.8,35.6,41,54.2,107.8,75,41.5,40.2,39.7,32.9,9.7,12.8,17.4,22.1,17.2,16.2
404,평일,3,309,지축,하행,,,,,,44,37.1,33.2,28,23.4,23.5,27.5,29.6,29,16.7,11,9.6,10,5.7,19.5,46.2,94.1,95.6,62,2.4
405,평일,3,310,구파발,상행,,,,,,8.4,11.6,17.4,20.4,18.2,32.2,30.6,50.7,57.6,42.4,26.5,28,23.2,19.2,10.3,10,11.6,11.8,9.4,4.4
406,평일,3,310,구파발,하행,,,,,,40.1,29.8,30.9,30,19.7,26.8,25.6,22.6,18.1,10.3,9.3,9.4,9.4,5.5,8.2,33.7,64.4,73.2,43,2.2
407,평일,3,311,연신내,상행,,,,,,11.2,14.9,21,25.4,23.4,39.4,39.7,57.6,74.7,48.1,35.2,31.9,32,22.5,10.6,12.2,13.6,14,12,6.1
408,평일,3,311,연신내,하행,,,,,,45.8,30.5,33,31.5,20.8,26.4,25.6,19.2,15.8,10.2,8,8.7,8.4,5.3,12.2,37.5,71.3,82.1,51.5,2.1
409,평일,3,312,불광,상행,,,,,,12.9,17.9,25.4,29.5,28.2,48.8,49,74.1,96.6,63.8,44.8,40.7,41.5,28.4,9.8,12.8,14.6,15.4,13.4,9.6
410,평일,3,312,불광,하행,,,,,,50.3,36.6,35.2,36.8,24.8,29.4,29.2,22.6,19.2,12.3,9.4,10.2,9.7,6.8,16.4,43,82.4,98.7,62.2,2.2
411,평일,3,313,녹번,상행,,,,,,12.4,17.4,25.9,28.1,28.8,51.4,49.1,76,98.6,64.3,46.2,40.6,42.4,30,8.7,10.2,13.4,13.5,12.8,11
412,평일,3,313,녹번,하행,,,,,,54.9,39.8,38,39.3,26,29.9,30.3,22.9,19.6,12.7,9.6,9.8,9.3,6.5,19.2,49.1,94.3,112.2,71.4,2.2
413,평일,3,314,홍제,상행,,,,,,12.4,18.2,26.9,29,30.8,54.8,53.3,91.8,107.3,72.3,51.4,45.5,47.8,34,8,9.8,12.4,13.2,12.6,12.8
414,평일,3,314,홍제,하행,,,,,,60,43.2,40.6,44.6,27.9,31.3,34.4,25.1,20.4,12.7,9.7,10.5,9.1,6.8,22,49.6,99.4,122.8,77.2,2.1
415,평일,3,315,무악재,상행,,,,,,13.2,19.7,28.4,30.8,33,60,57.4,98.7,113.8,78,54.8,49.7,53,34.8,7,9.6,12.2,13.4,13.6,13.1
416,평일,3,315,무악재,하행,,,,,,62.2,44.3,41.3,45.2,28.4,31.6,35.5,24.8,21,12.6,9.8,10.8,9.1,6.8,22.6,50.8,101.6,127.8,80.2,2
417,평일,3,316,독립문,상행,,,,,,13.4,20,28.6,31.6,34.3,62.2,59.6,100.6,116.2,80.3,56.2,51,54.6,34.7,6.7,9.4,12.1,13.5,13.8,13.8
418,평일,3,316,독립문,하행,,,,,,62.4,45.4,42.1,47.2,29.5,31.9,36.8,25.7,21.8,13.2,10,11,9.2,6.8,15.8,51.8,100,128.2,81.4,1.9
419,평일,3,317,경복궁,상행,,,,,,14.2,20.6,31,31.5,35.4,62.1,63,103,116.7,81.4,56.9,51.8,56,35.6,6.8,9,13,14.3,14.2,11.6
420,평일,3,317,경복궁,하행,,,,,,63,49.8,46.4,55.2,37.7,42.8,53.8,38.2,36.1,19.6,14.7,17.6,14.2,9.1,16.1,49,96.7,122.4,79.3,2.1
421,평일,3,318,안국,상행,,,,,,23.7,30.3,40.6,39.2,40.3,65.6,64.2,102.4,113.2,79,55.8,51.6,55.3,36,7.2,10.8,17.8,28.1,27.8,11.8
422,평일,3,318,안국,하행,,,,,,61.7,50,49.2,61.1,46.3,53.9,70.9,52.8,52.5,27.2,20,23.4,18.2,11,15.8,46.2,87.6,112.8,76.4,2.2
423,평일,3,319,종로3가,상행,,,,,,32.7,40.2,50.1,45.6,44.8,67.4,62.9,97.8,106.4,77.6,53,49.1,53.6,33.9,7.4,14.7,31.5,40.6,37.5,12.1
424,평일,3,319,종로3가,하행,,,,,,49,40.2,38.7,51,40.2,45.4,64,44.9,50.2,25,19,21,17.9,11.1,12.8,36.6,68.6,90.5,60.8,2.6
425,평일,3,320,을지로3가,상행,,,,,,28,35.2,44,38.8,38.4,55.2,51.2,77,87.3,62.4,42.6,39.8,43.4,24.6,3.8,10.6,25.1,35.4,32.2,9.8
426,평일,3,320,을지로3가,하행,,,,,,44.4,37.7,35.6,49,39.6,45,62.5,47.8,57.4,27.5,21.3,23.9,21.8,14.2,11.2,29.8,52.6,70.2,52.2,3.4
427,평일,3,321,충무로,상행,,,,,,28,34.4,42.5,36.8,38.1,52.1,47.5,67.8,73.7,54.4,36.6,33.7,38.1,20.4,4,10.4,27,42.3,32.1,8.5
428,평일,3,321,충무로,하행,,,,,,49.8,39.8,38.2,53.4,42.6,48.1,67.5,50,61.9,30.2,22.2,25.6,24.5,15.8,10,35,59.4,73.4,58.6,3.8
429,평일,3,322,동대입구,상행,,,,,,28.6,37.2,46.2,39.9,41.2,55.8,51.1,74.4,81,62.3,41.7,35.7,41.1,20.3,4,9.7,26.4,44.7,33.4,8.5
430,평일,3,322,동대입구,하행,,,,,,43.9,36.3,37,50.2,43.2,48.2,69.9,52,63.8,31.4,23.7,26.5,25.6,17,10,33.5,56.8,67.1,55.4,3.9
431,평일,3,323,약수,상행,,,,,,29.8,38.8,46.8,39,39.8,53.4,48,67.3,79.2,59,37.8,33.3,38.8,19.9,3.7,10.1,27.8,48.7,36.2,8.5
432,평일,3,323,약수,하행,,,,,,49.4,41.2,40.7,55.4,46.8,51.2,73.4,52.8,69.1,33.3,25,28,29.2,19.9,14,39,67.5,82.4,65.8,4.6
433,평일,3,324,금호,상행,,,,,,31.6,42.8,51.2,41.9,44.2,57.8,55.4,79.2,95.6,69.2,45,40,43.8,22.9,4.7,9.8,28,50.2,39,10.6
434,평일,3,324,금호,하행,,,,,,49.6,42,40.9,55.4,46.4,50.5,72.2,51.6,66.9,32.8,24.2,25.7,28.4,18.9,15.4,39.8,68.6,84.5,69.1,4.2
435,평일,3,325,옥수,상행,,,,,,30.8,41.9,50,40.5,45.6,58.6,56.2,80.7,98.3,70.6,46,41.1,45.3,23.2,4,8.9,27,46.3,37.9,8.4
436,평일,3,325,옥수,하행,,,,,,55.1,46.2,44,59.5,49.6,52,75,53.4,68.3,33.6,24.2,26,28.4,19.6,17.5,44,74.5,96.2,78.6,4.8
437,평일,3,326,압구정,상행,,,,,,31.9,43.4,53.2,43.2,51,66.1,64.4,91.4,109.7,76.8,50.6,47,51.6,25.8,3.6,9.8,27,44.6,38,7.8
438,평일,3,326,압구정,하행,,,,,,48,44.2,41.6,55.7,50.8,54.2,77.6,54.6,75.6,38.9,28.8,29.2,31.6,20.2,8,39.2,68.6,83.4,64,4.7
439,평일,3,327,신사,상행,,,,,,37,48,55.6,44.4,50.2,61.8,63.2,85.4,100.4,66.6,45,41.8,44.9,22.8,3.4,11,30.3,52,48,7.6
440,평일,3,327,신사,하행,,,,,,36.8,36.6,35,48.7,43.2,45.6,65,48.4,67.6,37.6,28.2,29.4,33.9,19.8,7.2,32.5,51.6,66.6,43.7,4.5
441,평일,3,328,잠원,상행,,,,,,35.1,41.9,50,39.8,46.4,52.9,54.6,71.5,80.4,48.8,34.3,31.5,33.8,16.6,3.6,11.6,30.4,50.8,53.4,6.2
442,평일,3,328,잠원,하행,,,,,,37.4,37.2,35.4,48.8,43.2,45.6,64.8,49.3,64.8,37.6,27.4,29.4,33.6,19.6,7.4,32.2,52.6,69.6,43.6,5.2
443,평일,3,329,고속터미널,상행,,,,,,34.6,41.4,49,40,46.6,53.2,54.6,71.5,81.2,49.6,35.3,31.8,35.1,17.3,3.6,12.3,29.9,50.2,52.8,6.6
444,평일,3,329,고속터미널,하행,,,,,,42.2,40,37.7,53.2,45.4,45.7,65.2,51.2,64.3,39.1,28.9,29.2,32.1,18.4,8.8,38,69.1,94.6,55.4,5.8
445,평일,3,330,교대,상행,,,,,,36.2,44.2,51.4,41.8,52.1,59,66.6,85.9,102,57.2,38.4,37,43.2,18.4,4,14.8,33.6,48.2,45.1,7.2
446,평일,3,330,교대,하행,,,,,,30.2,29.6,29.2,40,37.3,37.2,54.4,44.4,57.2,32.4,25,25.6,31.2,17.9,10.2,36.8,59.6,81.5,39.5,5.4
447,평일,3,331,남부터미널,상행,,,,,,31.6,37.9,42.4,32.8,39.8,46.6,54,71.3,82.2,43,29,29.2,33.3,13.3,4,12.5,32.6,46.4,39.1,5.4
448,평일,3,331,남부터미널,하행,,,,,,23.6,25,24.6,32.8,32.8,30.8,48,42,54.6,30.6,23.8,25.8,27.2,16.4,9.1,30.5,49.2,61.2,30.9,4.6
449,평일,3,332,양재,상행,,,,,,30,33,35.7,27.6,34.8,37.4,46.2,54.8,66.2,34.9,23,22.8,26,10.7,4.2,13.4,34.1,48.8,37,3.2
450,평일,3,332,양재,하행,,,,,,15.8,18.8,18.9,25.2,26.8,25.8,41.8,39.8,52,28.8,22.2,24,24.9,14.9,3.8,20.4,29.2,32.6,17.1,3.8
451,평일,3,333,매봉,상행,,,,,,26.5,28,29.8,22.6,26.3,28,33.4,36.3,38.4,19.6,13.2,13,18,7.3,4.6,13.8,35.6,53.1,37.2,2.6
452,평일,3,333,매봉,하행,,,,,,14,16.9,18,23.2,26.2,25,40.8,40.4,52.5,27.5,22.1,23.9,25,14,3.9,18.6,26.7,25,14.4,3.9
453,평일,3,334,도곡,상행,,,,,,25.2,26.8,28.1,21.2,24.2,25.4,30.6,31.8,31.4,17.4,11.6,11.1,17.9,6.5,4.2,13.6,35.8,55.8,35.4,2.8
454,평일,3,334,도곡,하행,,,,,,11.6,14.2,14.8,20,22.6,22,35,34.6,44.7,23.9,18.8,19.6,22.2,12.8,3.6,16.8,23.2,22.6,11,4.8
455,평일,3,335,대치,상행,,,,,,22,22.7,24.2,18,20.7,21,24.9,28.1,25.8,13.8,9.5,9,14.1,5.4,3.6,12.5,32.8,47.6,30.8,2.2
456,평일,3,335,대치,하행,,,,,,10,12.5,13,17.2,19.4,19.1,29.8,30.3,40.6,21.4,17.5,17.5,25,10.3,3.6,14.9,21.2,20.4,10,4
457,평일,3,336,학여울,상행,,,,,,20,20.5,21.6,16.7,19.8,20.2,25.2,26.8,24,12,8.2,7.4,7.6,4.6,2.8,10.7,29,44.2,27.6,2.2
458,평일,3,336,학여울,하행,,,,,,9.3,12,12.8,16,18.4,18.4,29.4,30.2,38.9,22.5,17.3,17.2,24.6,10,3.6,14.8,21,20.2,10,3.8
459,평일,3,337,대청,상행,,,,,,19.9,19.8,21.6,16.1,19.2,19.4,24.6,25.5,22.6,11.8,8,7.4,7.5,4.6,3.5,10,30.4,44,26.2,2.2
460,평일,3,337,대청,하행,,,,,,8.9,11.3,11.8,14.6,17.6,17.4,25.9,28.4,35.2,19.7,15.2,14.6,19.5,8,3.6,13.4,18.8,18.4,9.4,3.2
461,평일,3,338,일원,상행,,,,,,17.8,17.8,19.8,14.6,17.5,17,20.9,22.4,19.8,10.4,7.4,6.7,7.2,4.6,3.3,8.8,26.8,39.8,22.8,2.3
462,평일,3,338,일원,하행,,,,,,7.2,10.4,9.6,12.2,15.4,16.4,24.5,28.4,33.6,18,13.5,12.8,17.2,7.6,3.5,10.4,14,17.2,8,2.6
463,평일,3,339,수서,상행,,,,,,16.5,15,15.9,12.8,14.4,13.2,15.8,16.5,18.4,9.1,6.9,6.4,6.6,4.6,3.4,8.8,25,38.2,20.4,1.7
464,평일,3,339,수서,하행,,,,,,6.6,10,8.9,12,14,15.6,23.8,28.5,33.1,17,12.6,12.2,16,7.4,3.7,7.8,11.6,16.5,7.4,2.6
465,평일,3,340,가락시장,상행,,,,,,14.4,14,14.7,11.8,14,11.8,17.8,20.2,18.6,8.5,6.4,5.8,6.6,3.4,5.9,20.5,35,42.6,21.4,1.5
466,평일,3,340,가락시장,하행,,,,,,6,6.5,6.6,8,8.8,10.6,18.2,19.2,23.6,16.2,10.6,11.4,11.8,9,0,5.4,7.6,12.6,5.8,2.4
467,평일,3,341,경찰병원,상행,,,,,,9.4,9.4,9.6,7.6,8.8,7.1,11.2,12.4,11.2,4.8,3.4,3.2,4,2.2,4.6,13.6,24.8,27.6,14.1,0.4
468,평일,3,341,경찰병원,하행,,,,,,4.4,5,4.8,6.2,6.6,8.2,15,16.8,19.6,12.4,8.4,9,9.2,6.6,0,4.4,5.6,8.2,3.2,1.6
469,평일,3,342,오금,상행,,,,,,7.4,7.3,7.2,6,6.4,5.2,8.5,8.9,7.6,3.6,2.5,2.4,3,1.9,3.8,10.6,20.2,23.4,11.7,0.2
470,주말,3,309,지축,상행,,,,,,17.1,19.8,28.2,32.4,35.6,34.3,45.8,41.9,44,37.9,29.5,25,32.6,33.6,5.8,6.9,8.6,12,21.6,0
471,주말,3,309,지축,하행,,,,,,44.6,46.6,46.2,43.7,41.8,39.8,39,34.5,22.7,20.2,14.2,10.9,11.5,5.6,13.4,13,20.6,30.9,42,0
472,주말,3,310,구파발,상행,,,,,,13.2,11.6,14.4,16.7,18.4,19,24,25.1,28.4,21.6,20,21.3,21.9,8.8,6.1,6.7,4.4,7.1,11.2,0
473,주말,3,310,구파발,하행,,,,,,34.6,31.7,31.1,26.2,25.9,24.7,25.3,22.6,19.1,12.7,11,11.4,8.2,5.4,1.4,9.4,13.2,24.9,29,0
474,주말,3,311,연신내,상행,,,,,,16.3,17,18.2,20.5,23.2,23.8,28.5,29.7,30.8,26,23.5,27.3,23.6,14.8,6.4,8,6.5,10.2,16.2,2.4
475,주말,3,311,연신내,하행,,,,,,37.8,36.8,32.1,29.5,27,25.2,24.8,21.6,16.2,12.6,10.9,10.9,8.2,7.2,3.6,11.5,15.1,27.6,31.4,0
476,주말,3,312,불광,상행,,,,,,18.1,19.4,21.3,23.4,27.5,28.2,34.6,38,38.7,32.7,31.1,35.5,30,21.3,5.8,7.8,7.3,11.7,18.3,2.7
477,주말,3,312,불광,하행,,,,,,43.5,42.9,39.4,33.4,31.4,29.8,29.5,25.2,18.9,14.8,12.5,12.5,9.6,8.2,5.5,13.7,19.3,31.6,37.2,0
478,주말,3,313,녹번,상행,,,,,,17.9,18.5,21.5,24.3,26.6,28.6,35.8,39,39.8,32.8,32.7,37,30.1,21,5,6.7,7.1,11.8,18.6,0
479,주말,3,313,녹번,하행,,,,,,45.7,48.6,43,36.2,33.5,31.2,30.6,26.2,19.2,14.8,12.6,12.2,9.3,7.6,6.8,15.3,21.6,35.1,41.1,0
480,주말,3,314,홍제,상행,,,,,,17.8,18.4,21.7,24.6,27.8,30.2,37.9,41.8,43.1,36,35.7,39.9,33.5,22.6,4.4,6.2,7.1,12.2,18.8,0
481,주말,3,314,홍제,하행,,,,,,48.2,54.1,48.2,38.3,37.2,34.2,33.3,28.8,21.8,15.3,13.2,12,9.6,7.2,8.2,16.7,22.4,37.6,45.7,0
482,주말,3,315,무악재,상행,,,,,,18.2,19.9,22.6,26,28.3,33.9,41.2,45,47.5,38.2,41.3,43.2,37.1,25.6,3.9,6.8,7.7,12.9,19.6,0
483,주말,3,315,무악재,하행,,,,,,49.5,55.3,48.9,40,37.9,34.9,34,29.3,22,15.4,13.2,11.2,10,7.3,8.5,17,23,38.6,46.8,0
484,주말,3,316,독립문,상행,,,,,,18.4,20.2,22.9,26.4,29,34.6,41.9,46.1,48.9,39.1,42.4,43.8,38,26.1,3.8,6.8,7.8,12.9,19.9,0
485,주말,3,316,독립문,하행,,,,,,51.4,53.9,50.5,41.4,39.5,37,36,30.9,22.8,15.7,13.4,11.4,10.1,7,7,17.3,21.9,38.6,47,0
486,주말,3,317,경복궁,상행,,,,,,21.6,21.5,24.5,27.9,31,35,42.7,47,49.8,39.9,43.2,44,39,27,4.3,6.6,8.1,14.3,22.9,3.1
487,주말,3,317,경복궁,하행,,,,,,50.4,56.9,54,46.7,47.3,47.3,48.2,44.2,32.3,23.6,19.3,17.6,14.4,9.7,7.9,16.7,20.9,36.9,47.5,0
488,주말,3,318,안국,상행,,,,,,35.8,35.1,38.1,39.8,43.9,43.3,47.1,51.6,50.2,39.1,43.4,43.9,39.2,23.7,4.4,7,9.7,19.3,34.8,0
489,주말,3,318,안국,하행,,,,,,49.2,56.3,55.6,49.2,53.1,55.5,60.2,57.6,43.9,32.6,26.1,23.1,18.8,10.2,7.9,16.2,20.2,35.8,46.2,0
490,주말,3,319,종로3가,상행,,,,,,47.3,47.3,50.3,51.4,55.3,50.9,51.9,53.7,50.4,38.3,44,41.6,38.2,23.9,4.3,7.8,12.3,24.8,42.5,0
491,주말,3,319,종로3가,하행,,,,,,38.1,41.8,42.4,38.4,42.2,44,49.3,46.8,39.3,27.7,23.3,21.5,17.2,9.4,6.7,12.2,14.9,28.6,35.9,0
492,주말,3,320,을지로3가,상행,,,,,,36.1,37,40.2,41.4,41.7,42.1,41.6,44,39.9,30.1,35.2,34,30,18.8,2.4,5.3,8.6,18.5,30.4,0
493,주말,3,320,을지로3가,하행,,,,,,34,36.9,36.2,35,37.4,39.4,44.4,43.4,36.3,27.2,23,22.7,19.6,11.8,6.2,10.8,12.7,25.4,30.9,0
494,주말,3,321,충무로,상행,,,,,,32,34.2,37.7,38.6,38,38.8,39.1,42.9,38.3,28.3,31.7,30.4,25.9,16,2.2,4.8,7.7,16,26.8,0
495,주말,3,321,충무로,하행,,,,,,36.9,40.1,38.1,36.9,37.6,39,44.2,43.2,35.8,26.6,23,22.7,19.4,11.8,6.6,13.4,14.9,29.6,34.7,0
496,주말,3,322,동대입구,상행,,,,,,28.1,33.3,38.4,40.6,37.1,39.4,43.8,44.4,42.2,30.2,35.6,34.8,28.5,16.8,2.9,4.8,7.2,14.4,23,0
497,주말,3,322,동대입구,하행,,,,,,33.7,37.6,36,35,37.2,38.5,43,41.7,34.5,27.2,23.6,25.5,21.5,12.4,6.8,12.3,13.6,26,32,0
498,주말,3,323,약수,상행,,,,,,29.4,34.3,39,41,36.8,38.1,43,42.8,40.3,28.6,34.3,29.1,26.1,16.4,2.8,5,7.7,15.6,24.5,0
499,주말,3,323,약수,하행,,,,,,38.8,43.5,39.3,40.5,40.6,42,46.7,45.3,37.6,28.4,25.1,26.2,22.6,14.2,9.1,15.3,15,30,38.2,0
500,주말,3,324,금호,상행,,,,,,30.8,36.9,42.2,45.1,40.7,42.6,48.6,48.6,45.4,33,38.7,33.2,31.3,18.4,3.8,5.1,7.8,16.9,24.6,0
501,주말,3,324,금호,하행,,,,,,39.8,43.4,39.9,40.8,40.7,41.9,45.8,44.7,36.9,27.7,24.7,25.4,22,13.6,9.7,15.7,15.3,29.4,39.3,0
502,주말,3,325,옥수,상행,,,,,,30.2,36.2,42.3,43.9,40,42.5,48,49.6,45.7,33.5,39.2,33.7,32.2,19.1,3.5,4.9,7.8,16.6,24.4,0
503,주말,3,325,옥수,하행,,,,,,44.1,47.6,43.8,44.3,43.9,44.8,48.3,47.2,38.4,28.8,25.2,25.8,22.1,13.7,10.8,17.2,16.7,32.6,44.6,0
504,주말,3,326,압구정,상행,,,,,,31.2,37.8,44.4,46.4,43.7,45.7,52.7,53.9,50.3,37.4,44.6,37.9,35.8,20.4,3.6,5.3,8.3,17.2,25,0
505,주말,3,326,압구정,하행,,,,,,39.1,43.2,41.4,42.4,43.8,45,49.6,48.4,41,31.8,29.1,28.2,25.3,13.8,3.9,16.9,13.9,27.4,36.2,0
506,주말,3,327,신사,상행,,,,,,35.3,42.1,45.8,47.8,43,44.4,50,50.3,45,33.8,37.8,33.6,32.4,17.4,2.9,6,9.6,21.3,31.2,0
507,주말,3,327,신사,하행,,,,,,29.7,35,35.7,34.8,38.4,37,44.2,43.2,34.9,28.5,27.7,27.1,24.8,13.2,4.3,14.9,11.9,22.6,27.7,0
508,주말,3,328,잠원,상행,,,,,,33.8,37.7,41.6,43.2,37.8,39.4,42.7,44.5,39.4,27.8,32.1,26,24.7,12.1,2.4,6,8.7,19.8,30.7,0
509,주말,3,328,잠원,하행,,,,,,30,35.7,36.1,35.5,38.6,37.2,44.4,43.2,34.9,28.4,27.7,27,24.5,13,4.4,14.7,12,22.6,27.8,0
510,주말,3,329,고속터미널,상행,,,,,,33.4,37.1,41.3,42.9,37.8,39.6,42.8,44.7,39.8,28,32.2,26.1,25.2,12.6,2.4,6.3,8.8,20.1,30.9,0
511,주말,3,329,고속터미널,하행,,,,,,31.5,36.7,39,36,37.3,36.3,44.5,43.2,37.7,30.4,30.6,27.1,25.9,12.8,4.6,16.2,12.5,24.2,30.4,0
512,주말,3,330,교대,상행,,,,,,32.9,37.6,41.3,45.7,39.9,42,44.1,46.6,41,26.6,28,24.9,25.6,11.7,3.1,7.5,10.2,21.3,29.4,0
513,주말,3,330,교대,하행,,,,,,28.3,29.6,30,30,30.8,30.5,36.7,34.7,30.7,24.8,24.5,20.8,21.6,11.4,5.6,16,11.6,22.6,24,0
514,주말,3,331,남부터미널,상행,,,,,,28.1,31.5,35.9,36.7,31.4,34.3,36,37.2,31.8,21.3,22.6,19.9,21.3,8.5,2.4,6.1,9,17.3,24,0
515,주말,3,331,남부터미널,하행,,,,,,21.8,23.8,23.4,22.9,24.2,24.1,29.3,28.6,25.3,21,21.3,18.7,20.2,10.6,4.8,12.6,9.2,18.5,19.7,0
516,주말,3,332,양재,상행,,,,,,24.4,26.6,30.5,31.4,26.1,28,28.7,28.7,24.7,15.4,16.3,15.1,16.5,7,2.4,5.9,8.7,16.2,21.3,0
517,주말,3,332,양재,하행,,,,,,15.1,16.5,18.6,18.7,18.9,20.4,22.7,23.1,21.3,17.3,16.6,15.2,16.2,9.2,2.6,8.6,6.6,14.2,14.6,1
518,주말,3,333,매봉,상행,,,,,,21.8,24,25.8,26.1,19.7,21.2,22.2,23.8,18,10.1,10.9,10.6,13.4,5.8,2.4,5.9,8.2,15.4,19.8,0
519,주말,3,333,매봉,하행,,,,,,13.2,15.8,17.8,18.2,18,19.5,21.5,22,20.5,16.5,16.2,14.8,15.9,8.8,2.7,8,6.1,12.8,14,0.8
520,주말,3,334,도곡,상행,,,,,,21,22.7,24.7,24.9,18.5,20,21,22.8,17.3,9.4,10.1,9.2,13.4,5.7,2.4,5.7,8,15,19.4,0
521,주말,3,334,도곡,하행,,,,,,11.4,12.8,15.3,15.5,15.8,16.1,18,18.2,17.8,13.9,13.5,13.4,13,7.5,2.6,7,5.1,10.3,12,0
522,주말,3,335,대치,상행,,,,,,18,18.7,20.8,21.2,15.2,16.7,17.6,19.5,14.4,7.8,7.9,7.4,11.2,5.2,2.1,4.7,7,13.2,16.7,0
523,주말,3,335,대치,하행,,,,,,10.4,10.9,12.6,13,14.1,15.4,15.6,18,16.4,13,12.5,12.6,13.7,6.4,2.5,6.3,4.4,7.2,9.4,0
524,주말,3,336,학여울,상행,,,,,,16.9,17.2,18.7,19.2,12.9,14.7,15.6,14.6,11.9,6.6,6.5,5.8,6.3,5,1.7,4.5,6.5,12.8,16,0
525,주말,3,336,학여울,하행,,,,,,8.3,9.5,11.3,11.2,12.6,14.2,15.4,18,16.4,12.8,12.4,12.4,13.5,6.3,2.6,6.7,4.4,6.7,7.7,0
526,주말,3,337,대청,상행,,,,,,17.4,16.3,18.3,17.7,12.2,13.3,13.3,12.8,9.6,6.4,6.3,5.7,6.2,5.1,1.6,4.7,6.5,12.8,16.5,0
527,주말,3,337,대청,하행,,,,,,8.2,9.3,10.8,10.2,11.5,12.9,13.9,16.2,14.6,11.2,10.7,10.4,11.6,5.6,2.8,6.4,4.2,6.6,7.5,0.6
528,주말,3,338,일원,상행,,,,,,15.5,13.9,16.3,15.9,10.8,12,12.1,11.5,8.9,6,6.3,5.7,5.8,4.8,1.4,4.2,5.6,11.2,14.4,0
529,주말,3,338,일원,하행,,,,,,7.5,8.8,10.4,9.8,10.8,11.8,13.7,14.5,13.6,10,9.5,9.4,10.9,4.8,2.8,5.7,3.6,5.6,7.1,0.4
530,주말,3,339,수서,상행,,,,,,14,12.4,14.6,14.1,10.1,10.6,10.8,10.6,8,5.9,6.1,5.9,5.6,4.9,1.7,4,5.5,11.4,13.4,0
531,주말,3,339,수서,하행,,,,,,8.3,9.1,10.9,10.4,9.9,12,13.4,13.2,12.7,8.9,8.2,8.8,10.4,4.7,2.8,4,3.2,5.6,6.6,0
532,주말,3,340,가락시장,상행,,,,,,12,12,14.6,12.5,10,10.2,10.4,10.4,9.1,6.4,7.4,7.2,5.3,4.1,3.2,7.6,5.5,10.9,14.4,0
533,주말,3,340,가락시장,하행,,,,,,5,5.1,6.1,6.5,6,7.4,8.8,9.7,8.1,7.2,7.7,7,9.1,5.9,0,3.2,2.2,3.9,4.3,0
534,주말,3,341,경찰병원,상행,,,,,,7.8,7.8,9.9,8.2,6.2,6.4,6.2,6.2,5.2,3.4,4.4,4.6,3,1,2.4,5.1,4.2,7.2,9.4,0
535,주말,3,341,경찰병원,하행,,,,,,4.4,4,5.2,5.3,4.7,6.5,6.6,7.6,6.6,5.4,5.6,5.4,7.6,4.3,0,2.6,1.8,3.2,3.5,0
536,주말,3,342,오금,상행,,,,,,6,6.2,7.7,6.2,5,5,5.1,5.4,4,2.8,3.8,3.9,2.5,0.8,2,4.4,3.3,5.7,7.4,0
537,평일,3,309,지축,상행,,,,,,13.6,18.2,21.2,22.6,25.8,34,38,51.8,103.1,71,39.1,38.8,37.7,32.7,11.5,13.5,17.2,21.3,16,16
538,평일,3,309,지축,하행,,,,,,39.6,34.6,30.1,26.7,23.3,23.5,27.1,27.7,27.4,17.4,11.6,10.3,10.2,6,21,49.7,92.5,90,57.4,2.7
539,평일,3,310,구파발,상행,,,,,,8.8,11.9,17.9,19.6,17.9,30.8,28.5,48.4,55,40.3,25.2,27.4,21.9,19.1,12.1,10.4,11.4,11.1,8.8,4.3
540,평일,3,310,구파발,하행,,,,,,36.9,27.7,28.6,29,19.6,26.8,25.8,21.8,17.2,10.8,9.9,10.4,9.6,5.8,9.2,36,63.5,69.4,39.8,2.7
541,평일,3,311,연신내,상행,,,,,,11.6,15.6,21.6,24.5,23.4,37.8,37.6,55.1,72.7,45.2,33.3,31.1,30.2,22.8,12,12.6,13.6,13.4,11.6,6.2
542,평일,3,311,연신내,하행,,,,,,42.3,28.2,30.4,30.8,20.2,26.8,26,19,15.6,10.3,8.2,9.4,8.4,5.6,13.6,40,71.3,77.1,47.7,2.4
543,평일,3,312,불광,상행,,,,,,13.2,18.5,25.7,28.8,28.2,46.8,45.2,73.2,93.8,59.6,42.4,39.5,39.2,28.9,10.4,13.3,14.6,14.8,13.3,9.9
544,평일,3,312,불광,하행,,,,,,47.2,34,32.6,35.5,24,29.4,29.5,22.6,19.1,12.2,9.8,11.2,9.4,7,17.8,46.2,82,93.6,57.8,2.4
545,평일,3,313,녹번,상행,,,,,,12.6,17.9,26.6,28.2,29.1,48.4,46.1,74.8,94.6,61.4,43.4,39.6,40.4,30.2,9.8,10.8,13.3,13.4,13,11
546,평일,3,313,녹번,하행,,,,,,51.4,36.6,35.1,38,25.2,29.9,30.5,23.2,19.4,12.6,9.8,10.5,9.2,6.5,21,52.4,93.6,107,65.7,2.8
547,평일,3,314,홍제,상행,,,,,,12.6,18.5,27.4,28.7,31,51.4,50.6,88.1,104.2,69.1,48.2,44.7,45.2,34.3,8.9,10.5,12.2,12.9,12.6,12.8
548,평일,3,314,홍제,하행,,,,,,56.2,40.6,37.9,43,27.2,30.7,33.6,25.1,20.2,12.8,9.9,11,8.9,6.6,24.2,52.8,100,116.8,71.4,2.4
549,평일,3,315,무악재,상행,,,,,,13.2,19.8,28.6,30.6,33.4,56.1,54.8,94.8,112.3,73.2,51.4,48.4,52.2,34,7.8,10.5,12,13,13,12.6
550,평일,3,315,무악재,하행,,,,,,58.2,41.4,38.9,43.2,27.7,31.2,34.8,24.9,20.9,12.6,10,11.1,9.1,6.7,24.9,54,102.4,121.5,74.2,2.4
551,평일,3,316,독립문,상행,,,,,,13.3,20,28.6,31.2,34.8,58.3,56.8,96.4,114.7,75.2,52.8,49.8,53.8,33.8,7.4,10.1,12,12.9,13.2,13.2
552,평일,3,316,독립문,하행,,,,,,58.9,42.6,39.8,45,28.7,31.4,36.2,26,21.7,13.4,10.1,11.2,9.2,6.6,17,55.2,100.6,122,75.8,2.2
553,평일,3,317,경복궁,상행,,,,,,14.1,20.5,30.8,31.4,36.1,58.6,59.8,100.6,114,76.5,53,50.5,55,34.7,7.6,9.8,12.8,13.8,13.8,11.2
554,평일,3,317,경복궁,하행,,,,,,59.8,47.1,44.4,53.3,37,40.6,49.8,37,34.5,18.9,14.5,17.2,13.6,9,17.4,52,96.5,116.8,74.6,2.4
555,평일,3,318,안국,상행,,,,,,22.2,28.8,39,38,40.3,61.6,61.9,100.8,111,74,52.2,49.3,54.9,34.8,8.1,11.8,17.4,27,25.8,11.6
556,평일,3,318,안국,하행,,,,,,58.9,47.7,46.9,59.6,45.4,51.2,67,51.3,50.2,25.8,19.8,23.3,17.4,10.8,17,48.9,87.6,107.4,71.4,2.4
557,평일,3,319,종로3가,상행,,,,,,30.3,38.4,47.7,44,44.8,63.6,61.3,97,105,71.4,49.4,46.8,53.8,33,8.3,15.8,30,39.8,36.1,11.6
558,평일,3,319,종로3가,하행,,,,,,46.3,38.6,37.4,50.2,39.2,43.4,60.8,44,48.1,23.6,18.8,21.4,18.2,11.2,13.8,38.5,69.1,85.2,57.2,3
559,평일,3,320,을지로3가,상행,,,,,,26,33.8,41.3,37.2,38.2,52.4,49.4,78.1,86.4,58.4,39.8,37.6,43.2,24.2,4,11.4,24.4,35,30.7,9.6
560,평일,3,320,을지로3가,하행,,,,,,41.2,35.4,34.4,48.3,38.7,42.5,58.8,46.4,54.8,25.6,20.6,23.8,21.9,14.2,12,31.2,53.5,66,49.8,3.8
561,평일,3,321,충무로,상행,,,,,,26.1,32.6,40.3,35.2,37,49,45.4,68.4,73.2,50.8,34.5,32,37.8,20,4.4,11.2,26.4,41.5,30.2,8.4
562,평일,3,321,충무로,하행,,,,,,45.1,37.2,37.4,51.7,41.2,44.8,63,49,58.4,27.9,20.8,24.5,23.8,14.9,11.2,36.4,59.8,71.3,56.6,3.9
563,평일,3,322,동대입구,상행,,,,,,26.4,34.2,43.1,37.4,39.9,52.7,49.6,75.4,81.1,58.6,40.2,35.1,41.9,20.8,4.4,10.4,27.4,42.2,30.6,8.4
564,평일,3,322,동대입구,하행,,,,,,42.2,36,36.3,50.3,42.2,44.2,64.2,50.2,60.8,28.5,21.6,24.9,24.6,16,11.2,34.9,57.6,66.4,54.7,4.1
565,평일,3,323,약수,상행,,,,,,26.6,34.8,43.6,36.2,38.8,51.2,47.8,70.4,79.4,56.2,36.9,34,40.4,20.5,4.2,10.8,28.8,45,32.6,8.5
566,평일,3,323,약수,하행,,,,,,47.6,41,39.9,55.1,45.6,47.2,66.3,51,65.2,30.4,23,26.6,26.9,18.1,15.2,40.8,68.2,82.3,64.8,4.9
567,평일,3,324,금호,상행,,,,,,28.6,37.7,47.4,39.3,43.3,55.8,55.2,82.4,94.1,66.4,43.9,40.2,45.2,23.4,5.4,10.6,28.8,46.2,34.2,10.8
568,평일,3,324,금호,하행,,,,,,48.2,41.7,40.2,55,45.2,46.8,65.6,50,63,30,22.2,24.7,26,17,16.8,41.7,69,84.8,67,4.6
569,평일,3,325,옥수,상행,,,,,,28.4,36.9,47.4,38.2,44.8,56.6,55.9,83.6,96.4,67.9,44.8,41.2,46.8,23.7,4.6,9.7,26.8,43.3,33,8.5
570,평일,3,325,옥수,하행,,,,,,54,45.8,42.9,59.2,48.6,48.2,68.8,51.4,63.2,31.4,22.4,24.8,25.9,17.8,19.2,46,76.9,95,76.4,5.3
571,평일,3,326,압구정,상행,,,,,,29.4,38.6,50.7,40.9,50.7,63.6,64.2,93.6,108.2,74.1,49.4,46.8,53,26,4.1,10.4,26.8,41.8,33,7.8
572,평일,3,326,압구정,하행,,,,,,45.6,44.2,41,55.4,50.1,50.1,73,54.6,70.8,36.4,27.5,28.4,29.4,18.6,8.4,41.6,70.8,82.2,63,5.1
573,평일,3,327,신사,상행,,,,,,34.7,43,53.2,42.8,50.3,60.6,63.6,86.6,99.7,63.8,42.9,41.5,46,23,4,11.9,30,49.4,44.1,7.6
574,평일,3,327,신사,하행,,,,,,34.8,36.8,34.4,48.2,42.8,42,62.4,48.8,63.8,35.8,27.8,28.8,31.9,19,8,34.7,53,64.8,43.5,4.8
575,평일,3,328,잠원,상행,,,,,,33.8,38.7,48.5,38.8,46.5,51.8,54.9,72.6,80.2,47.1,32.8,31.4,35,16.9,3.9,12.5,30,49.8,51.2,6.2
576,평일,3,328,잠원,하행,,,,,,35.4,37.3,34.8,48.6,43,42.6,62.6,49.6,61.5,36,27,28.9,31.4,19.4,8.2,34.4,53.9,68.1,43,5.3
577,평일,3,329,고속터미널,상행,,,,,,33.4,38.3,47.5,39.6,47,52.2,54.8,72.6,80.4,47.6,33.6,31.8,36.2,17.6,4,13.2,29.6,49.2,50.9,6.6
578,평일,3,329,고속터미널,하행,,,,,,39.8,39,37.2,51.6,45.6,43,64.6,51.8,61.4,37.4,28.4,29.2,30.4,19,9.3,40.2,71.1,93.6,55,6
579,평일,3,330,교대,상행,,,,,,35.8,42.6,51.1,42.3,51.4,57.7,66.9,87.3,101.2,55.6,36.6,37.2,42.6,18.4,4.4,15.8,33.7,47.2,43,7.4
580,평일,3,330,교대,하행,,,,,,28.4,29,29,39.4,37.2,34.8,54.3,44.6,53.4,31.2,24,25.6,28.8,17.8,10.8,39.4,58.1,82.6,40.6,5.3
581,평일,3,331,남부터미널,상행,,,,,,31.3,36.1,41.4,33,39.3,45.9,53.8,72.2,80.6,42.6,28.8,29,31.6,13.4,4.4,13.6,32.4,45.5,37,5.4
582,평일,3,331,남부터미널,하행,,,,,,23,24.2,24.4,32.2,32.6,28.8,47,42,52.3,29.7,22.7,25.5,26,16.2,9.6,32.6,51,59.2,31.2,4.4
583,평일,3,332,양재,상행,,,,,,29.4,31.4,36,27.4,34.5,36.7,45.7,55.4,64.2,34.4,22.8,22.8,25.1,11.1,4.6,14.4,33.9,48.4,35.2,3.6
584,평일,3,332,양재,하행,,,,,,15.8,18.4,18.9,25.2,26.8,24.6,40.1,39.7,49.8,27.6,21.5,23.9,24.2,14.3,4.3,21,30.7,32.6,17.2,3.7
585,평일,3,333,매봉,상행,,,,,,26,26.8,30,22.3,26.3,27.8,33.8,36.8,38.2,19.8,13.4,13.3,18,7.4,5,14.6,35,53,35.5,3
586,평일,3,333,매봉,하행,,,,,,14,16.6,18,23.2,26.4,24,39.4,40.2,50.4,27.2,21.3,23.8,24.2,13.6,4.4,19,27.6,24.9,14.8,3.8
587,평일,3,334,도곡,상행,,,,,,24.6,25.5,28.2,20.8,23.6,25.5,30.9,32,31.1,17.4,11.9,11.3,18.1,6.6,4.5,14.5,35,55.1,34.4,2.9
588,평일,3,334,도곡,하행,,,,,,11.9,14.2,15.2,20.3,22.4,20.8,33.4,34.4,42.8,23.8,18.2,19.7,21.4,12.9,4,17.2,24.2,23,11.4,4.4
589,평일,3,335,대치,상행,,,,,,21.7,21.6,24.2,17.8,20.5,21.2,25,29,25.7,14.1,9.7,9.2,14.1,5.6,3.9,13.5,32.4,47.3,30,2.6
590,평일,3,335,대치,하행,,,,,,10.2,12.4,13.3,17.2,19.2,17.8,28.8,30.8,39.4,21.6,16.9,18,24.2,10.8,4.1,15.4,21.6,20.5,10.4,3.8
591,평일,3,336,학여울,상행,,,,,,19.8,19.8,21.4,16.5,19.2,20,24.4,27,23.4,12.2,8.2,7.5,8,4.8,3.2,11.6,29,44.4,27.4,2.4
592,평일,3,336,학여울,하행,,,,,,9.5,11.8,12.8,16,18.5,17.5,28.4,30.4,38.2,22.7,16.8,17.8,24,10.5,4.2,15.4,21.3,20.3,10.4,3.6
593,평일,3,337,대청,상행,,,,,,19.6,20,21.4,15.9,18.6,19.5,23.9,26,22.4,11.9,8.1,7.4,8.2,4.9,4,10.7,30.8,44,25.7,2.4
594,평일,3,337,대청,하행,,,,,,9.2,11,11.8,14.8,17.9,16.4,25,28.8,34.8,20,14.6,15.2,19,8.4,4.3,14.2,19.5,18.3,9.8,3
595,평일,3,338,일원,상행,,,,,,17.6,18,19.4,14.3,16.8,17.4,20.8,22.2,19.5,10.6,7.4,6.8,7.8,4.8,3.6,9.4,27.2,40,22.6,2.6
596,평일,3,338,일원,하행,,,,,,7.4,10.2,9.5,12.2,15.2,15.6,23.8,29.6,32.7,18.4,13,13.3,16.8,7.7,4.1,10.8,14.5,17,8.1,2.5
597,평일,3,339,수서,상행,,,,,,15.9,15,15.6,12.8,13.8,13.2,15.2,16,18.2,9.2,6.9,6.6,7.1,4.5,3.6,9.6,25.5,38.6,20.6,2.4
598,평일,3,339,수서,하행,,,,,,6.8,10,8.8,11.9,14,14.8,22.2,29.2,31.7,17.2,12.3,12.1,15.3,7.3,4.6,8.2,12.2,16.7,7.8,2.5
599,평일,3,340,가락시장,상행,,,,,,14,14,13.9,11.5,13.4,11.6,17.4,19.6,18.4,8.9,6.6,6.2,6.8,3.6,6.4,22.1,34.6,43.2,21.2,2
600,평일,3,340,가락시장,하행,,,,,,5.8,6.7,6.6,8,8.4,10.4,17,19,22.6,16,10.2,10.8,11.6,8.8,0,5.8,7.8,12.8,6.1,2.3
601,평일,3,341,경찰병원,상행,,,,,,9.2,9.2,9.1,7.2,8.4,7,11.4,11.9,11,4.8,3.6,3.4,4,2.1,5,14.8,24.5,27.7,13.6,0.4
602,평일,3,341,경찰병원,하행,,,,,,4.2,5.2,5,6.1,6.5,8.2,14,16.4,18.8,12.1,8,8.5,9,6.4,0,4.7,5.7,8.4,3.5,1.6
603,평일,3,342,오금,상행,,,,,,7.3,7.2,6.8,5.8,6,5,8.5,8.6,7.4,3.6,2.6,2.5,3,1.6,4,11.4,19.8,23.7,11.2,0.3
604,주말,3,309,지축,상행,,,,,,17.8,19.6,25,29.6,31.9,29.2,41.4,35.8,37.3,32.3,26.4,23.2,30.8,28.8,7,8,9.1,12,22,0
605,주말,3,309,지축,하행,,,,,,37.7,37.3,39.1,34.3,35.4,36.4,37,30.7,19.5,18.5,13.3,11.4,11.2,5.5,15.1,14.2,21.8,30.7,38.6,0
606,주말,3,310,구파발,상행,,,,,,13.4,11.6,13,15.3,16.6,16.3,21.8,21.4,24.4,18.6,18,19.8,20.4,7.6,7.1,8,4.6,7.1,11.1,0
607,주말,3,310,구파발,하행,,,,,,29.2,26.6,25.4,22,22.3,23.4,24,20.6,16.7,11.6,10.6,12.1,8.4,5.6,1.6,10.3,13.6,24.6,27,0
608,주말,3,311,연신내,상행,,,,,,16.5,16.4,17.4,19.6,20.5,21,26.2,25.7,26.2,22.9,20.9,25.6,22.3,13.4,7,9.6,6.6,10.1,15.8,0.6
609,주말,3,311,연신내,하행,,,,,,32,30.9,26.1,25.5,23.2,23.5,23.6,19.6,13.5,11,10.6,11.4,7.9,6.8,4.2,12.5,15,27.1,29.2,0
610,주말,3,312,불광,상행,,,,,,18.4,19,20.3,22.4,24.3,25.1,31.6,32.6,33.4,28.9,27.4,32.6,28.4,19.6,6.4,9.1,7.3,11.8,17.6,0.7
611,주말,3,312,불광,하행,,,,,,37.6,36.2,31.7,28.8,27.2,27.6,27.5,22.8,15.6,12.9,11.9,12.9,9.1,8.2,6,14.9,19,30.7,34.4,0
612,주말,3,313,녹번,상행,,,,,,18.2,18.6,19.9,21.8,24.8,25.4,32.7,33,34.8,28.9,29.5,33.4,28.1,18.5,6,8,7.2,11.5,17.5,0
613,주말,3,313,녹번,하행,,,,,,39.7,40.6,34.7,31,29,29.1,28.5,23.6,16,12.8,11.9,12.6,8.6,7.4,7.4,16.6,21.2,34,38,0
614,주말,3,314,홍제,상행,,,,,,17.9,18.5,20.2,22.4,25.5,26.8,34.8,35.4,37.6,31.8,32.3,35.9,31.3,19.5,5.4,7.4,7.2,12,17.6,0
615,주말,3,314,홍제,하행,,,,,,41.4,45.1,39.4,33.2,32,31.2,31.4,25.6,18.3,13.4,12.2,12.2,8.7,6.7,8.5,18,22.5,36.6,42.5,0
616,주말,3,315,무악재,상행,,,,,,18.8,19.4,21,24.6,25.4,30.6,37.4,39.1,40.2,33.8,37.4,38.8,34.9,22,4.6,7.6,7.5,12.4,18,0
617,주말,3,315,무악재,하행,,,,,,42.6,46.5,39.6,34.8,32.5,31.6,31.9,25.9,18.5,13.4,12.2,11.6,9.2,6.6,8.8,18.4,23.1,37.4,43.6,0
618,주말,3,316,독립문,상행,,,,,,18.8,19.5,21.4,25,26,31.2,38.3,40,41.6,34.6,38.4,39.8,35.6,22.2,4.3,7.7,7.7,12.6,18,0
619,주말,3,316,독립문,하행,,,,,,44.7,45.6,41,36.4,34.3,32.9,33.3,27.2,19.1,13.7,12.5,11.9,9.2,6.3,7.2,19,21.8,37.7,44.1,0
620,주말,3,317,경복궁,상행,,,,,,20.5,20.1,21.7,25.8,27.1,31.4,39.2,40.8,42.4,35.3,39.3,40,36.5,22.8,5.4,7.2,8,13.8,21,2.8
621,주말,3,317,경복궁,하행,,,,,,45.1,50.2,45,42,41.7,39.9,40.6,35.5,25.4,18.4,16.9,16.6,12.3,8.2,8.2,18,21,35.8,45.6,0
622,주말,3,318,안국,상행,,,,,,27.3,28.2,29.5,33.2,33.6,36.7,44.8,42.7,44.3,35,39.7,39.9,36.9,20.2,5.4,7.8,10.2,18.5,30.6,0
623,주말,3,318,안국,하행,,,,,,44.6,50.5,48,45.4,46.6,46.6,49,44.6,33.1,25.3,22.6,21.5,16.1,8.5,8.2,17.4,20.3,34.9,44.7,0
624,주말,3,319,종로3가,상행,,,,,,35.7,39.1,38.6,41.5,40.5,41.8,49.2,45,44.8,34.6,39.8,38.5,36.1,20.6,5.4,8.8,12.8,23.4,37.4,0
625,주말,3,319,종로3가,하행,,,,,,35.3,39,36.4,35.6,37,37.7,40.5,36.8,29.2,22.4,19.9,20.1,15.3,8.3,6.8,13.4,15,27.5,34.9,0
626,주말,3,320,을지로3가,상행,,,,,,26.8,30.7,31.6,34.8,32.9,33.6,40.1,37.3,36.2,27.3,33,30.8,28.7,15.5,3.1,6,9.3,17.8,27.2,0
627,주말,3,320,을지로3가,하행,,,,,,31.4,33.5,31.6,31.4,33.2,34,36.9,34.1,27.8,21.6,19.9,20.6,17.6,10.3,6.3,11.6,13.2,24.6,30,0
628,주말,3,321,충무로,상행,,,,,,24.5,29.6,30.7,33.1,31,32,38.1,35.7,34.5,24.8,30.2,26.4,24.3,13.2,2.7,5.4,8.2,15.8,24,0
629,주말,3,321,충무로,하행,,,,,,34.4,35.5,32.9,32.1,32.8,34.6,37.7,35.6,27.5,22,20.2,20.9,17.1,10.3,6.6,13.8,15,27.8,34.8,0
630,주말,3,322,동대입구,상행,,,,,,24,29.1,32,34,33.2,34.1,39.4,38.9,36.5,26.6,34.6,28.6,26.6,13.8,3.3,5,7.5,13.9,20.3,0
631,주말,3,322,동대입구,하행,,,,,,31.8,34.3,32,31.5,32.8,34.5,36.8,34.7,28,22.1,21.6,21,18.7,10.9,6.6,12.6,13.7,24.8,31.7,0
632,주말,3,323,약수,상행,,,,,,25.1,29.4,31.8,33.6,32.4,33.6,38.8,38,34,25.6,32,27.6,25.1,13.5,3.1,5.3,7.9,15.1,22,0
633,주말,3,323,약수,하행,,,,,,36.3,39.8,36.2,35.2,36.2,38.2,39.4,37.8,30.4,23.5,22.6,21.7,21,13.1,9.2,15.9,14.8,28.3,36.9,0
634,주말,3,324,금호,상행,,,,,,26.5,31.7,34.5,37.3,36.2,37.2,44.3,43.8,39.2,30.2,36,30.8,29.8,14.7,4.1,5.3,8.1,16.4,22.8,0
635,주말,3,324,금호,하행,,,,,,36.8,41,36.4,35.5,36.4,37.9,39.2,38,30,23,22.1,21,20.3,12.4,9.8,16.3,15.2,28.2,37.2,0
636,주말,3,325,옥수,상행,,,,,,26.4,31.4,34.1,37.3,35.4,37.6,45.2,43.1,39.6,30.7,36.8,31.3,30.5,15.4,3.8,5.3,7.8,16.1,22.4,0
637,주말,3,325,옥수,하행,,,,,,41.2,44.7,39.8,38.6,39,41,41.5,40.1,31.1,24,22.4,22,20.6,12.7,10.9,17.8,16.4,31.4,41.8,0
638,주말,3,326,압구정,상행,,,,,,27.5,32.7,36.3,40,38.4,41.8,49.6,47.4,44.3,34,41.4,34.4,33.3,16.6,4,5.6,8.2,16.5,22.8,0
639,주말,3,326,압구정,하행,,,,,,36.3,41.1,38.5,38.1,40,42.5,43.7,41.8,34.4,25.8,25.4,23.7,23.2,12.6,3.8,17.4,14,26.1,33.8,0
640,주말,3,327,신사,상행,,,,,,30.8,36.5,37.7,41.4,37.5,40.6,47,44.9,40,31,36.2,31.2,30.4,14.2,3.4,6.3,9.4,21.1,28.8,0
641,주말,3,327,신사,하행,,,,,,26.8,34.2,32,31.8,35.1,36.6,38.6,36.3,29.7,23.2,24.3,22.6,22.9,11.8,4.2,15.1,12.1,21.7,26.1,0
642,주말,3,328,잠원,상행,,,,,,30.2,32.4,34,37.2,32.6,35.8,39.7,39.8,34.6,26.6,31.6,24.4,22.8,10,2.8,6.2,8.7,19.8,28.7,0
643,주말,3,328,잠원,하행,,,,,,27.1,34.6,32.6,32.6,35.4,36.8,39,36.4,29.8,23,24.2,22.5,22.6,11.4,4.3,15,12.2,21.8,26.4,0
644,주말,3,329,고속터미널,상행,,,,,,30,32.1,33.9,36.9,32.6,35.7,39.6,39.9,35,26.8,31.8,24.7,23.4,10.5,2.9,6.4,8.8,20,28.7,0
645,주말,3,329,고속터미널,하행,,,,,,27.7,33.7,33.4,33,34.1,37,39.4,37.7,31.9,26.2,26.6,23,23.7,11.5,4.8,16.9,13,23.9,28.8,0
646,주말,3,330,교대,상행,,,,,,30.7,33.5,36.7,40.1,34.7,37,41.2,39.4,35,25.7,27.7,23.5,22.7,10.7,3.4,7.6,10.1,21.1,27.4,0
647,주말,3,330,교대,하행,,,,,,23.8,26.4,26.3,26.8,27.8,29.7,31.6,30.9,26.2,22,21.1,19,20,10.5,5.8,16.5,12.3,23,24.7,0
648,주말,3,331,남부터미널,상행,,,,,,26.6,28.8,31.8,31.8,28.4,30.2,34.1,32.3,27.4,20.9,22.3,19,17.2,8,2.8,6.1,9.2,17.2,22,0
649,주말,3,331,남부터미널,하행,,,,,,18.6,21.7,21,21.4,21.4,22.9,25.8,25.8,22.6,18.7,18.5,16.7,18.3,9.5,5.1,13.1,9.9,18.3,19.4,0
650,주말,3,332,양재,상행,,,,,,22.8,23.7,26.4,26.3,22.1,24.9,27.4,25.3,21.6,14.6,16.3,15.2,13.6,7.1,2.7,5.9,8.8,16.4,19.8,0
651,주말,3,332,양재,하행,,,,,,13.4,15.2,15.9,16.2,16.7,18.8,20.8,20.8,19.4,15.8,14.9,14,15,8.5,3,9.1,6.7,12.8,14.5,0.7
652,주말,3,333,매봉,상행,,,,,,19.8,20.6,22,21.6,17.5,19.4,20.7,19.1,15.4,9.6,11,10.6,10.9,5.6,2.6,6,8.1,15.2,18.4,0
653,주말,3,333,매봉,하행,,,,,,12.6,14.3,14.9,15.4,16.2,18.4,20.1,19.7,18.6,15.2,14.4,13.6,15.2,8.2,3.2,8.3,6.2,11.8,13,0.6
654,주말,3,334,도곡,상행,,,,,,19.2,19.9,21.2,21,16.4,17.9,19.6,18.6,14.8,9.2,9.9,9.1,10.6,5.6,2.6,5.8,7.8,14.8,18.1,0
655,주말,3,334,도곡,하행,,,,,,10.6,12,12.8,13.5,13.5,15.4,17.1,16.6,16.5,12.2,12.4,11.9,13,7.1,3,7.2,5.2,9,10.9,0
656,주말,3,335,대치,상행,,,,,,16.7,16.5,17.9,18.1,13.5,14.8,16.2,15.8,12.5,7.6,8,7.4,8.6,4.8,2.4,5,7.2,12.9,15.8,0
657,주말,3,335,대치,하행,,,,,,9.7,10.5,11.6,11.7,12.4,14.2,15.6,15.8,15.6,11.4,11.7,11.3,12.6,6.1,3.2,6.4,4.6,7.6,8.4,0
658,주말,3,336,학여울,상행,,,,,,15.7,15,16.2,16.3,11.8,13.2,14.2,13.4,10.6,6.4,6.8,5.9,6.1,4.7,1.9,4.7,6.6,12.3,15.1,0
659,주말,3,336,학여울,하행,,,,,,8.3,8.9,11.1,10.7,11.5,13.5,15.1,15.7,15.5,11.2,11.6,11.2,12.4,5.9,3.3,6.9,4.6,7.4,7.6,0
660,주말,3,337,대청,상행,,,,,,15.8,14.4,16.3,15.2,10.8,12.3,12.7,12.5,8.8,6.1,6.5,5.8,6,4.8,1.8,4.8,6.7,12.6,15.3,0
661,주말,3,337,대청,하행,,,,,,7.8,8.6,10.2,9.8,10.5,12.1,13.4,13.9,13.4,9.8,10.3,9.7,10.4,5.3,3.5,6.6,4.6,7,7.3,0.6
662,주말,3,338,일원,상행,,,,,,14,12.6,14.5,13.4,9.6,11,11.6,11.3,8.2,5.9,5.6,5.6,5.8,5,1.6,4.3,5.8,11,13.6,0
663,주말,3,338,일원,하행,,,,,,7,8,10,9.1,9.6,11.6,12.6,12.7,12.6,9.7,8.5,9.3,9.4,4.6,3.5,5.5,4.1,6.1,6.9,0.5
664,주말,3,339,수서,상행,,,,,,12.9,11.7,12.3,11.8,8.7,9.9,10.2,10.2,7.6,5.6,5.8,5.5,5.6,4.9,2,4.1,5.5,11,12.4,0
665,주말,3,339,수서,하행,,,,,,7.9,8.5,10.2,9.7,8.8,10.8,11.6,11.9,11.4,8.5,7.4,8.9,9,4.7,3.3,4.1,3.6,6,6.6,0
666,주말,3,340,가락시장,상행,,,,,,11.1,10.6,12.8,10.4,8.6,9.4,10,10.1,8.3,6.4,6.7,5.8,5.6,3.6,3.6,7.5,5.6,10.8,13.3,0
667,주말,3,340,가락시장,하행,,,,,,4.6,5,6.1,6.2,5.4,6.4,7.4,9.1,7.6,5.9,6.9,7,7.8,5.9,0,3.2,2.4,4.3,4.2,0
668,주말,3,341,경찰병원,상행,,,,,,7.2,7,8.9,7.2,5.4,5.6,6.1,5.8,4.7,3.6,3.6,3.1,3.2,1,2.5,5,4.4,7,8.7,0
669,주말,3,341,경찰병원,하행,,,,,,3.9,4,5,5.2,4.4,5.4,5.7,7,6.1,4.6,4.9,5.5,6.3,4.4,0,2.6,2,3.6,3.6,0
670,주말,3,342,오금,상행,,,,,,5.6,5.7,7,5.4,4.3,4.4,4.9,5,3.7,3,2.8,2.5,2.7,1,2.2,4.3,3.6,5.6,7,0
671,평일,3,309,지축,상행,,,,,,13.8,18,20.6,23.6,26.8,35.7,41,57,107.8,73.9,41.6,39.5,38.2,31.9,10.2,12.6,16.4,21.3,16.6,16
672,평일,3,309,지축,하행,,,,,,45.2,35.8,33.4,28.4,24.9,24.8,27.4,28.5,29.2,16.8,11.2,9.5,10,5.9,20.8,46.7,90.2,97.2,61.9,2.6
673,평일,3,310,구파발,상행,,,,,,8.6,11.8,17.4,20.8,18.5,32.5,30.8,53.8,57.4,42.2,26.6,27.8,22.3,18.5,10.2,9.1,11,11.2,9.1,4.4
674,평일,3,310,구파발,하행,,,,,,40.6,29.4,31,30.8,21.2,28.4,26.2,22.8,18.5,10.7,9.4,9.6,9.7,5.6,9,34,61.9,73.3,43.3,2.5
675,평일,3,311,연신내,상행,,,,,,11.8,15.4,21.2,25.8,23.9,40,40.6,61.1,74.8,47.6,35,31.4,30.2,21.8,10.3,11.2,13.2,13.7,12,6
676,평일,3,311,연신내,하행,,,,,,45.6,30.4,32.8,32.6,22.2,27.8,26.2,19.4,16.4,10.6,8,9,8.4,5.2,13.2,37.6,68.2,81.1,51.8,2.3
677,평일,3,312,불광,상행,,,,,,13.6,18.2,25.8,29.7,28.9,49.4,48.8,79.5,95.4,62.2,44.4,39.8,39,27.1,9,12,14,15.4,13.4,9.4
678,평일,3,312,불광,하행,,,,,,50,35.8,35.8,37.6,26.3,30.7,30.2,23,20.2,12.4,9.4,10.4,9.4,6.4,17.4,43.6,78.2,97.6,62.8,2.4
679,평일,3,313,녹번,상행,,,,,,13,17.8,26.5,28.8,29.5,50.7,49.1,80.6,96,63.6,45.5,40.4,40.2,28.2,8.4,10.1,13,13.8,13.2,10.6
680,평일,3,313,녹번,하행,,,,,,54.3,39.1,38.5,40.1,27.5,31.2,31.2,23.4,20.4,12.8,9.4,9.8,9,6,20.4,49.2,89.2,111.7,70.7,2.5
681,평일,3,314,홍제,상행,,,,,,12.7,18.3,27.4,29.3,31.6,53.8,54.2,93.2,105.8,71.6,50.6,45.4,45.1,32,7.7,9.6,12.1,13.4,13,12.4
682,평일,3,314,홍제,하행,,,,,,59.3,42.5,41.4,45.4,29.3,32.4,34.6,25.7,21.4,12.9,9.5,10.3,8.8,6.5,23.3,49.6,94.6,121.1,76.5,2.2
683,평일,3,315,무악재,상행,,,,,,13.6,19.6,28.8,31,34,59,58.3,100.3,112.8,76.9,54,48.4,50.6,32.4,6.6,9.9,12,13.7,13.9,12
684,평일,3,315,무악재,하행,,,,,,61.2,43.2,42.2,46.2,29.8,32.7,36,25.5,22.2,12.7,9.6,10.6,8.8,6.5,23.9,50.8,97.7,124.6,79.2,2.1
685,평일,3,316,독립문,상행,,,,,,13.6,19.8,29.1,31.3,35.2,61.6,59.8,102.2,115.1,79,55.4,49.8,52.2,32.2,6.2,9.6,11.8,13.6,14.2,12.5
686,평일,3,316,독립문,하행,,,,,,61.8,44.6,43.2,48.2,31,33,37.8,26.6,22.9,13.6,9.6,10.7,9,6.4,16.9,51.8,96,124.8,80.8,2
687,평일,3,317,경복궁,상행,,,,,,14.5,20.6,31,31.6,36.7,61.6,62.7,106.6,115.2,79.6,56.1,50.6,53.3,33,6.4,9.6,12.8,14.4,15.2,10.6
688,평일,3,317,경복궁,하행,,,,,,62.8,48.8,47.5,56.3,39.6,44.7,55.2,39.6,37,19.5,14.4,16.8,13.8,8.9,17,49.4,92.1,118.8,78.9,2.2
689,평일,3,318,안국,상행,,,,,,24.2,31.2,41.6,40,42.6,66.4,64.5,105.9,112.2,77.1,54.2,50,53.1,33.2,6.8,11.5,17.4,27.6,29.4,10.9
690,평일,3,318,안국,하행,,,,,,61,49.3,49.5,62.5,47.8,56,73.8,55.8,53.6,26.8,20,22.6,17.8,10.8,16.8,46.4,83.4,109.6,75.1,2.3
691,평일,3,319,종로3가,상행,,,,,,35.3,42,51.5,47,48.2,68.7,63.9,101.4,106.4,74.4,51.4,47.4,52,31.4,6.9,15.4,29.8,40.3,39.8,10.6
692,평일,3,319,종로3가,하행,,,,,,48.8,39.6,39.8,52.4,41.2,47.4,66.8,48.2,51.2,24.7,18.5,20.7,17.8,11.1,14,36.8,65,87,60.9,2.6
693,평일,3,320,을지로3가,상행,,,,,,29.8,36.1,44.8,39.8,41.1,54.9,52.8,80.8,87.6,60.4,41.8,38.4,41.4,23.2,3.8,11,24,35.6,33.9,8.8
694,평일,3,320,을지로3가,하행,,,,,,43.8,36.7,36.6,50,40,46.2,64.3,50.3,57.6,26.8,20.4,23.2,21.4,13.8,11.9,29.8,49.4,67.9,52.2,3.3
695,평일,3,321,충무로,상행,,,,,,29.4,34.8,42.8,37.4,39.8,51.5,48.4,71.2,74.5,52.8,36.2,32.6,36.2,19.6,4.2,10.6,25.6,42.4,34.8,7.8
696,평일,3,321,충무로,하행,,,,,,48.7,38.8,39.3,54.6,42.2,49.4,68,53.2,61.8,29.4,21.2,24.4,23.2,14.7,11,34.4,55,71.6,59.4,3.6
697,평일,3,322,동대입구,상행,,,,,,29.2,36.4,46,40.1,42.8,55.4,53.4,76.4,80.8,61.2,42,35.5,39.4,19.8,4,9.8,26.4,44.2,35.2,7.8
698,평일,3,322,동대입구,하행,,,,,,43.4,35.5,37.4,49.7,43.4,48.8,69.8,54.4,62.9,30.6,22.4,26.4,24.6,15.7,11.1,33,52.5,65.6,56.3,4
699,평일,3,323,약수,상행,,,,,,30.4,37.7,46.6,39.4,41.3,52.6,50.4,71.6,78.3,58,38,32.4,36.7,19.2,3.9,10,27.7,47.6,38.1,7.9
700,평일,3,323,약수,하행,,,,,,49,40,41.2,54.6,46.9,51.9,72.2,55.4,67.6,32.4,23.6,27.6,27.3,17.1,14.8,38.4,62.8,80.1,66.4,4.6
701,평일,3,324,금호,상행,,,,,,32.3,40.7,50.7,42.2,45.4,57.6,57.8,83.1,92.8,68.4,45,38.6,42,22.6,4.9,10,27.9,49,40.1,10
702,평일,3,324,금호,하행,,,,,,49.2,40.5,41.4,54.4,46.6,51.2,71.3,54.2,65.4,32,22.8,25.6,26.4,16.3,16.2,39.2,63.9,83.1,69,4.4
703,평일,3,325,옥수,상행,,,,,,31.6,40,50.3,40.8,47,58.5,58.6,83.9,95.4,69.9,46,39.6,43.2,22.5,4.2,9.1,26.4,46.2,38.7,8
704,평일,3,325,옥수,하행,,,,,,54.4,44.4,44.2,57.9,50.3,52,74,56,66.2,33.2,22.9,25.6,26.4,17,18.6,43.1,69.6,93.2,78.8,4.9
705,평일,3,326,압구정,상행,,,,,,32.4,41.5,53.2,43.6,51.8,66.4,66.4,94.4,107,75.4,50.7,44.8,49,24.8,3.7,10,26.2,44.8,38.7,7.6
706,평일,3,326,압구정,하행,,,,,,47.4,42.9,41.7,53.8,51.2,53.4,77,57.6,73,38,27.8,29.2,30.6,17.8,8.2,39.1,64,81.8,64.3,4.8
707,평일,3,327,신사,상행,,,,,,37,45.6,54.9,44.8,51.2,63.4,65.2,87.6,98.6,65.9,44.1,39.8,41.2,21.8,3.6,11.4,29.8,51.6,48.5,7.3
708,평일,3,327,신사,하행,,,,,,35.8,35.3,34.9,46.4,43.4,45,64.6,50.7,64.6,37,27.6,29.8,32.9,18.4,7.6,32.4,47.7,63.9,44.1,4.6
709,평일,3,328,잠원,상행,,,,,,35.2,40.3,50.2,40,46.4,53.6,56.2,73,79.4,48.6,33.7,30,31.2,16,3.8,11.8,28.9,50.6,55.3,5.7
710,평일,3,328,잠원,하행,,,,,,36.4,35.9,35.4,46.8,44.2,44.8,64.9,52,62.7,36.4,27,29.4,32.6,18.7,7.7,31.8,48.4,66.7,44.5,5.1
711,평일,3,329,고속터미널,상행,,,,,,34.8,40.1,49.3,40.6,46.9,53.9,56.2,73,79.9,49.2,34,30.4,32.2,16.6,3.8,12.6,28.6,50,54.8,6.1
712,평일,3,329,고속터미널,하행,,,,,,41.6,38.2,38.1,50.4,46.9,45,65.7,53.8,62.8,38,28.8,29,30.6,17.8,9,38,63.8,90.9,56.6,5.6
713,평일,3,330,교대,상행,,,,,,36.2,43.7,52.4,43.4,52.8,59.8,68.8,88,99.5,57,37,35.6,38.4,17.5,4.2,14.9,32.8,49,47.4,7
714,평일,3,330,교대,하행,,,,,,29.6,29,29.6,39,38.8,37.2,57.3,46.3,54.2,32.7,24.5,25.4,28.2,16.6,11.4,37.1,54.4,80.6,41.9,4.9
715,평일,3,331,남부터미널,상행,,,,,,32.2,37.2,42.8,34.4,40.9,47.2,56.1,73,80.6,43.6,29,28.2,29.6,13.1,4,12.8,31.4,47.6,40.8,5.1
716,평일,3,331,남부터미널,하행,,,,,,23.5,24.4,25.2,32.8,32.8,32,49.8,44,52.7,30.8,23.2,25.4,25.2,15.2,9.6,30.1,46.2,59,32,4.2
717,평일,3,332,양재,상행,,,,,,30.8,32.8,36.8,28.6,35.5,37.8,48,56.2,64.6,35,22.9,22.1,23.3,10.6,4.2,13.8,33,50.5,38.4,3.2
718,평일,3,332,양재,하행,,,,,,16.2,18.5,20.2,25.8,27.3,27.4,43.2,42.8,51.4,29.2,22.1,24.2,23.2,14.2,4,20.1,27.5,33,17.8,3.5
719,평일,3,333,매봉,상행,,,,,,27.8,28,31,23.4,26.8,28.4,34.1,37.2,38.6,20,13.3,12.8,16,7.5,4.6,13.9,35,55.3,39.5,2.6
720,평일,3,333,매봉,하행,,,,,,14.2,16.8,19,24.2,27.1,26.5,42.6,42.9,52,29,22.3,23.8,23.5,13.4,4.3,18,24.6,25.5,15.2,3.6
721,평일,3,334,도곡,상행,,,,,,26.6,26.8,29.2,21.6,24.4,26,31.2,32.6,31.7,17.5,11.6,11,15.6,6.6,4.2,14,35.2,57.5,37.8,2.6
722,평일,3,334,도곡,하행,,,,,,11.8,14.4,15.9,21.2,23.2,22.6,36.4,37.1,44.5,25.7,19,20,20.6,12.6,3.9,16,21.4,23.3,12.2,4.4
723,평일,3,335,대치,상행,,,,,,23,22.8,25.2,18.6,21,21.2,25.4,29,26.3,14,9.6,9.1,12.4,5.6,3.6,13.2,32.6,50.2,33,2.2
724,평일,3,335,대치,하행,,,,,,10.2,12.7,13.6,17.8,20,19.4,31.6,33.1,41,23.3,17.6,18.4,22.8,10.2,4,14.4,20,20.6,11,3.6
725,평일,3,336,학여울,상행,,,,,,21.2,20.9,22.4,17.4,19.9,20.4,24.7,26.9,24.1,11.9,8,7.3,7.6,5,3,11.3,28.8,46.8,30.2,2.2
726,평일,3,336,학여울,하행,,,,,,9.6,12.1,13,16.8,19.2,18.9,31.5,33.4,39.9,23.5,17.7,18,22.5,10,4.1,14.3,19.8,20.2,11.1,3.5
727,평일,3,337,대청,상행,,,,,,21,20.8,22,16.8,19.2,19.6,23.9,25.6,23.4,11.7,7.9,7.2,7.8,5,3.8,10.4,30.4,46.1,29,2.2
728,평일,3,337,대청,하행,,,,,,9.1,11.6,12.2,15.4,18.4,18.1,27.6,31.4,36.6,20.6,15.4,15,18.4,8,4.2,13.2,18,18.2,10.4,3
729,평일,3,338,일원,상행,,,,,,18.8,18.7,19.8,15.3,17.6,17.5,20.8,22.6,20.3,10.4,7.4,6.6,7.4,4.9,3.6,9.2,27,41.7,25.4,2.4
730,평일,3,338,일원,하행,,,,,,7.3,10.8,9.9,12.9,15.6,17.2,26,31.1,35,19,13.8,13.2,16,7.8,4.1,10.4,13.7,17.1,8.6,2.6
731,평일,3,339,수서,상행,,,,,,16.9,15.8,16.3,13.7,14.6,13.4,15.7,16.9,18.9,9.3,6.9,6.3,6.9,4.6,3.6,9.4,25.2,39.8,23.4,2
732,평일,3,339,수서,하행,,,,,,6.8,10.6,9.5,12.5,14.3,16.6,24.6,30.9,33.8,17.6,12.8,12.2,14.9,7.6,4.2,7.4,12,17,8.6,2.4
733,평일,3,340,가락시장,상행,,,,,,14.9,14.6,14.6,12.4,14.2,12.1,18,21,19.2,9.2,6.8,6.2,7.1,3.8,6.3,21.4,34.6,43.6,23.4,1.9
734,평일,3,340,가락시장,하행,,,,,,5.9,6.7,6.7,8.1,8.9,10.8,17.6,19.2,22.6,16,10.2,10.9,10.8,8.8,0,4.9,7.6,13,6.2,2.3
735,평일,3,341,경찰병원,상행,,,,,,9.4,9.4,9.2,7.6,8.6,7,11.4,12.2,11.4,4.8,3.4,3.2,3.8,2.1,4.8,13.9,23.2,27.6,14.4,0.4
736,평일,3,341,경찰병원,하행,,,,,,4.4,5.2,5.2,6.3,6.8,8.6,14.5,16.6,18.6,11.9,7.8,8.4,8.3,6.2,0,3.8,5.6,8.6,3.6,1.4
737,평일,3,342,오금,상행,,,,,,7.4,7.1,7.2,6.1,6.4,5.2,8.6,8.9,8,3.6,2.6,2.3,3,1.8,4,10.9,18.6,23.6,11.8,0.3
738,평일,3,309,지축,상행,,,,,,12.6,16.8,20.4,22.1,25.8,34.8,39.6,55.9,105.4,73,41.4,40,38.4,31.1,8.2,11.4,16.5,20.5,15.8,15.8
739,평일,3,309,지축,하행,,,,,,40.2,35,31.6,28.1,23.6,23.5,25.5,27.7,27.7,16.6,10.4,9.4,11.2,8.5,19.7,45.2,90,90.6,59.8,3
740,평일,3,310,구파발,상행,,,,,,8,11,17.2,19.6,17.9,31.8,30.2,52.7,56.4,41.8,26.7,28.3,22.2,18.2,8.2,7.8,10.8,10.9,8.7,4.2
741,평일,3,310,구파발,하행,,,,,,37.3,28.2,29.6,30,19.6,26.8,24.6,21.3,17.5,10.5,8.8,9.4,10,7.9,8.7,32.9,62.7,69.4,41.8,2.7
742,평일,3,311,연신내,상행,,,,,,10.7,14.2,20.7,24.3,23.1,38.9,39.2,59.8,74.4,46,35.3,32.4,30.4,21.8,8.6,10.4,13.2,13.4,10.8,6.2
743,평일,3,311,연신내,하행,,,,,,43.1,29,31.7,31.2,20.8,26.6,25.5,18.6,16.1,10.4,7.7,8.8,9.2,7.4,12.8,36.8,68.8,77.4,49.4,2.4
744,평일,3,312,불광,상행,,,,,,12.6,17.4,24.7,28.7,28.2,48.8,48.6,76.7,95.2,59.9,45.1,41.3,39.2,27.4,7.6,11,14.4,15.2,12.6,9.7
745,평일,3,312,불광,하행,,,,,,47.3,34.6,34.2,36.4,25.1,29.4,29.9,22,19.6,12.2,9,10.4,10,8.8,17.2,42.3,79.2,93.6,60.1,2.5
746,평일,3,313,녹번,상행,,,,,,11.8,16.8,25,27.6,28.6,50.6,48.9,77.6,95.4,61.1,46.7,42.6,40.2,28.6,7.4,9.6,13.4,13.4,12.6,10.8
747,평일,3,313,녹번,하행,,,,,,51.8,37.6,36.8,38.8,26.2,30.1,30.8,22.7,20.2,12.7,9,9.9,9.1,8.2,20.1,47.9,90.6,108.6,67.6,2.6
748,평일,3,314,홍제,상행,,,,,,11.7,17.1,25.8,28.3,30.8,54.2,53,91.1,105.4,68.7,52.4,48.2,45.1,32.6,6.6,9.3,12.6,13,12.4,12.8
749,평일,3,314,홍제,하행,,,,,,56.6,41,39.6,44.5,27.7,30.8,34.2,24.8,21.2,12.8,9.2,10.4,8.7,8.6,22.8,48.3,96.6,118,73.1,2.4
750,평일,3,315,무악재,상행,,,,,,12.4,18.4,27,29.7,32.8,58.9,56.8,97.8,113.8,72.8,56,51.8,51.2,33.5,5.8,9.3,12.2,13.2,13.4,12.3
751,평일,3,315,무악재,하행,,,,,,58.4,42,40.6,44.6,28.2,31.2,35.3,24.6,21.9,12.6,9.2,10.4,8.8,8.6,23.4,49.4,98.6,122.4,76.6,2.4
752,평일,3,316,독립문,상행,,,,,,12.6,18.6,27.2,30.2,34.4,61.6,58.6,99.7,116.2,74.8,57.4,53,52.8,33.2,5.6,9.1,12.1,13.2,13.7,12.8
753,평일,3,316,독립문,하행,,,,,,58.8,42.9,41.3,46.2,29.4,31.2,36.9,25.6,22.6,13.6,9.4,10.6,9,8.6,16.2,50.8,96.7,122.8,77.8,2.3
754,평일,3,317,경복궁,상행,,,,,,13.4,18.9,29,30.5,35.6,61.6,61.2,102.4,116,77.8,58.1,54,54,34.2,5.7,9.3,12.8,14,13.9,11
755,평일,3,317,경복궁,하행,,,,,,59.4,47,45.2,54.3,37.6,41.4,51.8,37.6,36.8,19.6,16.2,22,14.6,11,16.2,48.2,92.6,117.6,75.8,2.4
756,평일,3,318,안국,상행,,,,,,22.4,28.4,38.4,38,40.4,65.5,63,102.6,115.4,77.9,55.2,51.2,54.2,34.4,6,11.2,17.4,27.6,27.6,11.3
757,평일,3,318,안국,하행,,,,,,58.3,47.9,48.4,60.4,46.4,53.4,71,53.6,54.5,27.9,23.5,29.2,19.6,13.6,16.4,45.5,83.7,108.3,72.4,2.5
758,평일,3,319,종로3가,상행,,,,,,31.1,38.7,48,46.4,46.8,68.9,62.8,98.7,110.6,75.2,52.5,48.7,52.7,32.3,6.2,15.8,31.2,41,37.6,11.3
759,평일,3,319,종로3가,하행,,,,,,46.8,39.1,38.6,51,40.4,45,63.1,46.7,51.1,25.7,21.5,25.5,18.8,12.8,13.6,36.2,66.2,86.3,58.7,2.8
760,평일,3,320,을지로3가,상행,,,,,,26.6,34.2,42.2,39.2,40.2,55.2,51.3,80.2,89.8,60.8,42.1,39.9,43,23.8,3.6,11.2,25.2,36,32.6,9.1
761,평일,3,320,을지로3가,하행,,,,,,42.6,36,35.7,48.8,39.2,44,61,49,57.3,28.1,22.9,27.6,22.4,15,11.8,29.3,50.5,67.4,50.7,3.5
762,평일,3,321,충무로,상행,,,,,,27,33.4,40.2,37.5,39.5,52,47.2,71,76.4,52.6,36.8,33.9,37.4,20,4,10.5,27,43.2,33.2,8.2
763,평일,3,321,충무로,하행,,,,,,50.2,37.9,38.4,53.4,42.4,47.5,65.8,52.4,62.1,30.3,23.5,27.6,24.7,16.4,11.2,34.2,57.2,72.4,56.6,3.8
764,평일,3,322,동대입구,상행,,,,,,28,36.1,43.2,41.2,41.5,56,51.6,77.6,82.1,60.8,43,36.9,40.6,19.6,4,10,28,45,33.5,8.2
765,평일,3,322,동대입구,하행,,,,,,43.8,35.4,36.4,49.8,42.4,47.2,68.7,52.8,63.3,31,25,30.2,26.2,17.8,11,32.7,54.4,65.8,53.4,4.1
766,평일,3,323,약수,상행,,,,,,29.6,37.7,43.9,39.8,39.8,53.2,48.8,72.9,79.4,57.6,38.2,33,38.1,19,3.9,10.4,29.6,49.3,36.4,8.2
767,평일,3,323,약수,하행,,,,,,49.4,40.4,40.2,54.8,45.6,50.4,71.4,54,68,32.8,26.1,31.3,29.8,18.8,14.6,38.4,64.5,80.6,63.1,4.8
768,평일,3,324,금호,상행,,,,,,31.4,41.9,48.4,42.8,44.2,57.8,55.7,84.5,93.8,67.4,45.1,38.5,43,22.6,5,10.2,29.6,51.2,39.4,10.2
769,평일,3,324,금호,하행,,,,,,47.8,40.8,40.4,54.7,45.2,49.6,70,52.8,65.6,32.1,25.2,29.2,28.8,17.8,16,39.2,65.6,83.8,66.6,4.5
770,평일,3,325,옥수,상행,,,,,,30.7,40.8,49.6,40.9,45.8,58.6,56.5,84.5,97.1,68.8,46.2,39.5,44.4,22.5,4.2,9.4,28.6,47.2,38.2,8.6
771,평일,3,325,옥수,하행,,,,,,53.4,44.8,43.2,58.2,48.3,50.7,72.4,54.4,66.2,33,25.2,29.2,28.7,18.5,18.3,43.3,70.8,94.4,75.7,5
772,평일,3,326,압구정,상행,,,,,,31.6,42,52.6,43.2,51.6,65.6,64.6,94.4,106.8,75.2,50.2,44.7,50.2,24.6,3.8,10.3,28.4,45.6,38.3,8
773,평일,3,326,압구정,하행,,,,,,45.6,43.1,41.2,54,49.6,52.5,75.9,55.6,73.2,37.9,30,32.1,31.4,19,8,39.2,65.3,83,61.4,4.9
774,평일,3,327,신사,상행,,,,,,36.6,46.4,55,44.3,50.9,61.4,63.2,87.2,99.2,65.6,44,40,43.3,21.6,3.6,11.6,31.8,52.3,47.8,7.8
775,평일,3,327,신사,하행,,,,,,34.5,35.6,34.6,47,41.8,43.4,65.1,49,65.4,37.1,28.9,31.4,33.4,19,7.2,32.8,49.2,64.1,42.6,4.7
776,평일,3,328,잠원,상행,,,,,,35.4,41,50.2,39.5,46.6,52.6,54.1,72.5,79.8,48.3,33.3,29.7,32.8,16.3,3.6,12.1,31.6,50.8,54.4,6.2
777,평일,3,328,잠원,하행,,,,,,35.2,36.2,35.1,47.4,42.1,43.6,65.3,50.4,62.8,36.9,28.2,31.2,32.8,19,7.3,32.1,50.2,66.8,43,5.4
778,평일,3,329,고속터미널,상행,,,,,,35.1,40.4,48.8,40.2,47.2,52.9,54,72.6,79.8,48.8,34.4,30,34,16.8,3.7,12.8,31,50,53.9,6.7
779,평일,3,329,고속터미널,하행,,,,,,39.9,39.2,37.7,51.4,44.7,44,67.4,53.4,63.4,38.6,29.5,30.1,31.2,18,9,38.2,66.8,91.5,54.4,6
780,평일,3,330,교대,상행,,,,,,36.2,43.7,52.3,42.7,52.6,58.6,65.8,87.1,100,56.8,37.6,35.7,41.3,17.8,4,15.4,35.1,49,47.3,7.4
781,평일,3,330,교대,하행,,,,,,28.4,28.8,29,39.8,36.6,36.8,57.4,46.6,57,32.6,25.4,26.6,30.2,17.2,11.4,36.9,58,79.5,41.6,5.5
782,평일,3,331,남부터미널,상행,,,,,,32.2,37.6,43.6,33.5,40.2,45.9,53.1,72.7,80.6,43.3,29.5,28.6,32.1,13.3,3.8,13.5,34.4,48.1,40.8,5.4
783,평일,3,331,남부터미널,하행,,,,,,22.2,24.2,24.6,32.8,32.3,31.2,49.1,43.8,55,30.6,24.3,27.2,26.4,15.7,9.7,29.2,48.9,59.2,32,4.7
784,평일,3,332,양재,상행,,,,,,30.2,33.2,37.2,27.9,35.8,36.6,45.2,56.5,63.8,34.6,23.5,22.2,25,10.3,4.2,14.2,35.4,51.6,38.2,3.5
785,평일,3,332,양재,하행,,,,,,15.2,18.3,19.2,26,27,26.8,43.4,43,53,28.9,23.2,25.8,24.7,14.8,3.9,20.2,29.3,32.8,17.2,4
786,평일,3,333,매봉,상행,,,,,,27.4,28.1,31.8,22.7,26.8,27.4,32.6,36.6,37.7,19.8,13.3,12.8,18,6.8,4.7,14.4,37.7,56.9,39.4,2.7
787,평일,3,333,매봉,하행,,,,,,13.6,16.5,18.3,24.3,27,26,42.6,43.6,53.7,29.5,23.2,25.4,24.6,14,4.1,18,26.6,25.5,14.4,4.2
788,평일,3,334,도곡,상행,,,,,,26.4,27,30.1,21.4,24.2,25,29.8,32.1,30.8,17.4,11.8,11,18.2,6.2,4.2,14.4,37.8,60,36.6,2.7
789,평일,3,334,도곡,하행,,,,,,11,14,15.5,21.1,23,22.5,36.6,37.8,45.8,25.9,19.8,21.3,21.8,13.2,3.6,16.1,23.2,23.4,11.2,4.8
790,평일,3,335,대치,상행,,,,,,23,22.7,26,18.3,20.6,20.6,24.2,28.5,25.3,13.9,9.6,9.1,14.4,5,3.6,13.6,35,52.1,32.2,2.3
791,평일,3,335,대치,하행,,,,,,9.6,12.5,13.7,18,19.9,19.4,31.4,33.5,42,23.3,18.2,19.4,25.6,10.8,3.7,14.6,21,20.8,10.2,4
792,평일,3,336,학여울,상행,,,,,,21,20.8,23,17,19.6,20.6,24.2,27,23.5,12,8.4,7.4,7.8,4.2,3,11.8,30.9,48.6,29.2,2.2
793,평일,3,336,학여울,하행,,,,,,9,11.8,13,17,19.1,19,31,33.8,40,24.2,18.1,19,25.2,10.4,3.8,14.7,20.8,20,10.6,3.8
794,평일,3,337,대청,상행,,,,,,21.1,20.8,22.6,16.6,19,19.9,23.8,25.8,22.4,11.6,8.2,7.3,7.8,4.2,3.7,11,32.6,47.2,28.6,2.2
795,평일,3,337,대청,하행,,,,,,8.8,11.2,12.2,15.3,18.1,18.6,27.2,31.8,36.8,21.4,15.8,16.1,20.6,8.4,3.8,13.3,18.6,18.2,10.1,3.2
796,평일,3,338,일원,상행,,,,,,19,18.7,20.5,15,17.3,17.4,20.2,23,19.6,10.4,7.4,6.8,7.4,4.2,3.4,9.9,28.8,43,25,2.4
797,평일,3,338,일원,하행,,,,,,7,10.5,9.8,12.8,15.8,17.6,25.5,32,35.3,19.2,14.2,14.4,17.8,8.1,3.6,10,14,17.2,8.2,2.7
798,평일,3,339,수서,상행,,,,,,17.2,16,16.5,13.4,14.2,13.6,15.4,17,18,9.4,7,6.6,6.8,4.2,3.4,10,27.2,41.7,22.4,2
799,평일,3,339,수서,하행,,,,,,6.5,9.9,9.5,12.4,14.4,16.6,24.4,31.8,34.1,18.4,13.4,13.2,16,7.6,3.7,7.4,12.4,17,7.8,2.6
800,평일,3,340,가락시장,상행,,,,,,15.2,14.6,15,12.1,13.7,11.8,17.6,20.8,18.6,9.4,7,6.4,6.7,3.6,6,22.6,37.4,45.4,22.5,1.8
801,평일,3,340,가락시장,하행,,,,,,5.8,6.8,6.6,7.9,9,11.1,18.2,20.1,23.4,17,10.8,11.7,11.8,9.1,0,4.8,7.5,12.7,6,2.4
802,평일,3,341,경찰병원,상행,,,,,,9.8,9.4,9.6,7.7,8.8,7,11.4,12.1,10.6,5,3.7,3.4,3.6,2,4.6,14.6,25.5,28.8,14.2,0.4
803,평일,3,341,경찰병원,하행,,,,,,4.2,5.4,4.8,6.2,7,9,14.6,17.7,19.3,12.8,8.4,9.4,9.2,6.5,0,3.6,5.4,8.6,3.6,1.6
804,평일,3,342,오금,상행,,,,,,7.6,7.3,7.5,6.2,6.4,5.2,8.6,8.9,7.4,3.8,2.8,2.6,2.7,1.6,3.8,11.4,20.7,24.5,12,0.4
805,주말,3,309,지축,상행,,,,,,18.5,21.1,27.1,30.6,36.1,35.6,49,44.2,47.6,39.6,32.5,25.7,31.3,32.2,5,6.6,8.9,13.4,22.8,0
806,주말,3,309,지축,하행,,,,,,43.2,43.1,48.4,44.3,45,44.2,42.1,37.8,23.1,22.8,14.9,10.2,10.3,5.1,13.2,13.2,20.3,31.6,42.4,0
807,주말,3,310,구파발,상행,,,,,,14.2,12.4,13.9,16.1,19.1,20,25.9,26.5,31.1,22.5,22.6,22,20.9,8.7,4.8,6,4.6,7.9,11.8,0
808,주말,3,310,구파발,하행,,,,,,34.4,30.7,31.3,28.3,27.9,27.7,27.5,24.1,19.1,14,11,11.1,7.6,5.3,1.5,9.5,13,25.4,29.4,0
809,주말,3,311,연신내,상행,,,,,,18.1,17.7,17.8,20.6,23.6,25.3,30,32.5,34.3,27.4,26.2,28.4,22.6,14.1,5.2,7.3,6.6,10.8,16.9,2.6
810,주말,3,311,연신내,하행,,,,,,37.9,35.8,32.6,32.6,29.4,28.4,29.5,24.2,17,13.7,11.3,10.7,8,6.9,3.8,11.5,14.6,28,30.9,0
811,주말,3,312,불광,상행,,,,,,20.3,20.8,21,24.4,27.6,30.7,36.7,41.3,43.8,34.9,34.8,35.3,28.5,19.4,4.6,7.3,7.3,12.9,19.5,5.1
812,주말,3,312,불광,하행,,,,,,43.4,42.3,40.1,36.6,35,34.1,35.5,28.2,19.8,16,12.8,12.4,9,7.4,5.6,13.7,17.9,32.2,36.4,0
813,주말,3,313,녹번,상행,,,,,,20,20.7,20.8,23.9,27.9,31.3,38.4,41.8,46,36.4,36.8,36.7,28.8,20.2,4.4,6.6,7.4,12.9,20.2,0
814,주말,3,313,녹번,하행,,,,,,46.2,47.7,43.8,39.3,37.8,36.1,37.4,29.3,20.5,15.8,12.7,12.2,8.6,6.5,6.9,15.1,20.1,35.5,40.3,0
815,주말,3,314,홍제,상행,,,,,,19.7,20.3,21,24.3,29,33.2,41.2,45.2,50.6,40.2,40.5,39.7,32.2,21.3,4.2,6.3,7.5,13,20.7,0
816,주말,3,314,홍제,하행,,,,,,48.4,53.4,48.6,41.9,41.6,40.2,41,32.7,24.1,16.4,13.6,12,9.1,6,8.5,16,21.4,37.3,45.9,0
817,주말,3,315,무악재,상행,,,,,,20.2,21.2,22,25.9,30.6,36.8,46,49.8,54.8,44.3,47.5,43,35.8,24,3.6,6.6,8.3,13.6,21.7,0
818,주말,3,315,무악재,하행,,,,,,49.7,54.8,49.4,43.5,42.4,41,41.6,33.2,24.4,16.6,13.6,11.4,9.4,6.1,8.8,16.3,21.9,38,47,0
819,주말,3,316,독립문,상행,,,,,,20.4,21.2,22.4,26.6,31.3,37.7,47.1,51.1,56.5,45.3,48.9,44.1,36.4,24,3.4,6.6,8.3,13.8,22,0
820,주말,3,316,독립문,하행,,,,,,51.4,53.8,51.4,45.5,44.5,43.5,44.3,36.2,26.4,17.6,13.9,11.7,9.5,5.9,7,16.8,20.8,38.2,47,0
821,주말,3,317,경복궁,상행,,,,,,23.6,22.8,23.6,27.9,32.8,38.9,48.2,52.1,57.7,46.4,50.4,44.6,37.3,24.8,3.8,6.5,8.5,14.9,25.8,3.1
822,주말,3,317,경복궁,하행,,,,,,50.1,57.3,54.2,49.4,51.6,50.7,55.3,54,44.8,31.9,26.8,20.5,14.8,8.6,7.9,15.8,20,37,47.6,0
823,주말,3,318,안국,상행,,,,,,35.2,35.7,38.8,45,48.2,55.4,63.8,57.4,60.4,44.2,47.1,43.4,37,21.8,3.8,7.2,10.5,19.7,36.1,0
824,주말,3,318,안국,하행,,,,,,49.7,57.7,56,52.6,57.4,58.7,68.3,70.8,61.4,46.4,39.8,29.6,21,9.7,8.1,15.4,19.4,36.2,46.2,0
825,주말,3,319,종로3가,상행,,,,,,45.7,48,52.1,59.1,63.7,70.2,74.3,63.1,63.4,43.8,46.1,40.2,36.4,21.8,3.8,8.8,13,24.4,43.9,0
826,주말,3,319,종로3가,하행,,,,,,38.8,43.4,43.6,41,46.3,47.2,57,58.7,51.4,40.6,35.5,26.8,19.2,9.4,7,11.8,14.4,28.7,35.9,0
827,주말,3,320,을지로3가,상행,,,,,,35.5,38.9,42.5,48.8,50.8,55.4,57.8,50.5,49.5,34.3,36.1,31.4,28.2,17.9,2.5,6.2,9.6,18.5,31.8,0
828,주말,3,320,을지로3가,하행,,,,,,34.9,38.5,37.2,36.4,41.6,43,50.6,55.6,47.4,37.8,34.8,27.5,21.2,11.7,6.3,10.2,12.3,25.8,31.4,0
829,주말,3,321,충무로,상행,,,,,,32.5,37.8,41.6,47.4,48.2,50,52.9,47.7,45.6,30.8,32.6,26.5,24.1,14.7,2.4,5.2,8.5,16.5,28.4,0
830,주말,3,321,충무로,하행,,,,,,38.5,41.4,38.1,37.3,41.8,41.8,49.6,51.8,42.2,34.3,30.9,26,20.3,11.8,6.8,13,14.4,29.7,36.9,0
831,주말,3,322,동대입구,상행,,,,,,29.5,37,42.6,47.7,47.3,46.7,50.8,49.5,44.9,32.3,36,28.7,26,14.8,3.2,5.2,8.2,15.4,24.5,0
832,주말,3,322,동대입구,하행,,,,,,35.1,37.7,35.9,35.6,41,41.5,49.2,51.8,42.9,34.8,31.4,26.2,22.2,12.4,6.7,12.1,13,26.3,33.8,0
833,주말,3,323,약수,상행,,,,,,31.2,38.7,43.2,48.6,46,45.8,49.3,47.2,41.2,30.3,34.4,27.4,24.8,14.7,3,5.4,8.6,16.6,26.2,0
834,주말,3,323,약수,하행,,,,,,39.8,43.2,40.6,40,44,44.4,51.2,55.8,45.2,36.3,32.6,28,23.8,14.2,9.1,15.2,14.4,29.7,39.7,0
835,주말,3,324,금호,상행,,,,,,32.7,41.6,46.8,52,50.2,50.2,54.4,52.9,46,34.3,38.4,31.4,29.2,16.6,3.9,5.5,8.7,17.5,26.6,0
836,주말,3,324,금호,하행,,,,,,39.8,43.7,40.4,40.2,43.7,44.1,50.5,55.8,44.3,35.2,31.8,27.2,22.8,13.5,9.6,15.5,14.8,29,41.1,0
837,주말,3,325,옥수,상행,,,,,,32.6,41.2,46.8,51.5,48.9,50.7,55,51.9,46.4,34.6,39.4,31.8,29.7,17.1,3.6,5.3,8.8,17.2,26.2,0
838,주말,3,325,옥수,하행,,,,,,44.2,47.9,43.8,43.4,46.2,46.9,52.7,57.8,45.7,35.9,32.2,27.6,23,13.3,10.6,17,16,32,45.6,0
839,주말,3,326,압구정,상행,,,,,,33.4,42.7,48.8,53.9,51.6,55,59.1,56,51,38.2,44.3,35.3,32.5,17.7,3.7,5.6,9,17.9,26.6,0
840,주말,3,326,압구정,하행,,,,,,39,43.3,42.3,41.9,46.1,47.8,54,58.4,49,37.6,35.8,30.6,26.4,13.2,3.5,16.6,13.7,26.3,37.2,0
841,주말,3,327,신사,상행,,,,,,37.4,46.6,50.1,53.9,50.3,52.9,55.5,53.2,45.7,34.7,37.3,31.2,29.6,14.6,3.2,6.3,10.4,22.6,32.5,0
842,주말,3,327,신사,하행,,,,,,30,35.3,34.5,36,38.3,41.7,43.5,49.8,41,31.8,31.1,27.7,24.9,13.1,3.7,14.5,11.6,21.2,27.3,0
843,주말,3,328,잠원,상행,,,,,,34.9,40.3,43.9,46.9,40.7,45.8,47.1,44.5,39.9,29.2,31.6,24.1,22.6,10,2.6,6.1,9.6,21,32,0
844,주말,3,328,잠원,하행,,,,,,30.4,36.1,34.9,36.4,38.7,41.6,43.7,49.8,41.2,31.8,30.8,27.5,24.7,12.8,3.9,14.2,11.7,21.4,27.6,0
845,주말,3,329,고속터미널,상행,,,,,,34.8,40,43.8,46.8,40.6,45.8,47.1,44.8,40.1,29.4,31.8,24.2,23.2,10.4,2.6,6.5,9.6,21,32.1,0
846,주말,3,329,고속터미널,하행,,,,,,31.8,36.7,38,36,42.4,37.7,46.7,45.6,40.7,32.4,33.2,27.5,25.7,12.6,4,16.2,12,24.7,32,0
847,주말,3,330,교대,상행,,,,,,33.6,40,43,47.5,41.6,45.7,48.2,46.2,41.7,28.7,27.8,23.9,23.2,10.4,3.3,7.4,10.7,20.9,29.2,0
848,주말,3,330,교대,하행,,,,,,26.8,28.2,30.4,29.9,36.6,31.4,37.2,36.6,33.8,27.3,27,22.2,21.3,11.7,5.7,16.2,11.5,22.1,27.1,0
849,주말,3,331,남부터미널,상행,,,,,,29.6,35.1,36.5,39.7,35,37.4,40.5,39.6,33.3,22.7,22.6,19.9,19,7.6,2.6,6.2,9.4,17.8,24.9,0
850,주말,3,331,남부터미널,하행,,,,,,21,23.5,24.7,23.1,26.8,25.3,30.5,30.9,28.4,23.1,23.9,19.5,20.1,10.8,4.6,12.1,9.1,17.2,22.1,0
851,주말,3,332,양재,상행,,,,,,26,29.2,31,34.1,29,31.2,32.4,30.9,24.6,15.6,16.5,15.6,15.4,6.5,2.6,6.1,9.1,16.9,21.9,0
852,주말,3,332,양재,하행,,,,,,15.5,17.5,19.3,20.8,20.6,22.3,24.6,25.6,23.6,19.6,18.7,16,16.2,9.4,2.4,8.6,6.3,12.7,16.5,0.9
853,주말,3,333,매봉,상행,,,,,,23.3,25.3,26.7,28,22.7,24,24.8,25.4,18.1,10.3,10.9,11.3,13.4,4.9,2.7,6.2,9,15.8,20.7,0
854,주말,3,333,매봉,하행,,,,,,14.7,16.9,18.1,20.2,19.9,21.3,23.6,24.6,22.8,18.8,17.9,15.6,16.4,8.8,2.6,7.5,5.8,11.9,15.1,0.7
855,주말,3,334,도곡,상행,,,,,,22.6,24.6,25.6,26.7,21.3,22.6,23,24.2,17.4,9.4,10.2,9.8,13.7,5.1,2.6,6.1,8.8,15.4,20.1,0
856,주말,3,334,도곡,하행,,,,,,13,14.3,15.8,18.2,17.2,18,19.9,20.6,20,15.1,14.2,14.4,13.6,7.3,2.4,6.3,5.3,9.7,13.8,0
857,주말,3,335,대치,상행,,,,,,19.5,20.6,22,23.1,18.1,19.2,19.7,20.8,14.7,7.8,8.4,7.8,11.5,4.5,2.4,5.2,7.6,13.4,17.3,0
858,주말,3,335,대치,하행,,,,,,12,12.4,13.7,15.1,15.8,17.2,17.4,20,18.5,13.9,13.5,13.9,14.6,6.5,2.6,5.6,4.5,7.2,11.2,0
859,주말,3,336,학여울,상행,,,,,,18.2,19,20,21.3,15.9,17,17.5,16.4,12.4,6.6,7.2,6,6.7,4.2,2,5,7,13,16.8,0
860,주말,3,336,학여울,하행,,,,,,8.4,10.1,11.4,12.6,13.6,16,17.1,20.2,18.6,13.7,13.3,13.7,14.4,6.3,2.7,6,4.3,6.5,8.4,0
861,주말,3,337,대청,상행,,,,,,19.4,18.1,18.5,19.5,13.7,14.7,14.5,13.4,9.9,6.2,6.9,5.8,6.6,4.2,1.9,5,7.2,13.3,17.4,0
862,주말,3,337,대청,하행,,,,,,8.2,9.8,10.8,11.6,12.4,14.7,15.4,18.2,16.5,11.8,11.6,11.8,11.9,6.4,2.9,5.6,4.1,6.2,8.1,0.6
863,주말,3,338,일원,상행,,,,,,17.2,15.8,16.4,17.4,12.3,13.4,13.1,12.5,9.2,6,6.6,5.6,6,4.7,1.7,4.6,6.2,11.8,15.2,0
864,주말,3,338,일원,하행,,,,,,7.6,9.1,10.3,11,11.4,13.1,15.5,16,15.4,11.6,10.4,10.8,10.7,5.7,2.9,4.7,3.7,5.4,7.6,0.6
865,주말,3,339,수서,상행,,,,,,15.7,13.6,15,15.4,11.2,12.2,11.8,10.9,8.3,5.9,6.5,5.6,5.8,4.6,2,4.2,6.3,12,14.3,0
866,주말,3,339,수서,하행,,,,,,9.4,9.6,11.2,11.7,10.4,12.6,14.4,14.3,13.5,10.1,8.6,10.2,9.2,5.6,2.8,3.6,3,5,7.1,0
867,주말,3,340,가락시장,상행,,,,,,13.1,12.1,14.6,13.2,10.7,11.4,11.3,10.8,9.5,6.5,8.8,6.9,5.4,3.7,3.6,8.3,6.4,11.2,15.4,0
868,주말,3,340,가락시장,하행,,,,,,5.2,5.6,6.3,6.9,6.4,7.1,8.8,10,8.7,7,7.6,7.2,8.6,5.9,0,2.7,2,3.4,4.5,0
869,주말,3,341,경찰병원,상행,,,,,,8,7.6,9,8.1,6.7,6.6,6.6,6.2,4.9,3.3,5.1,3.6,2.8,0.9,2.6,5.1,4.4,7.4,10,0
870,주말,3,341,경찰병원,하행,,,,,,4.8,4.4,5.2,5.7,5,6.3,6.4,8,6.6,5.4,5.6,5.7,7,4.1,0,2.1,1.6,2.8,3.6,0
871,주말,3,342,오금,상행,,,,,,6.2,6,7,6.5,5.2,5.3,5.4,5.3,3.9,2.8,4.4,3.1,2.3,0.9,2.2,4.5,3.6,5.9,7.8,0
