연번,평일주말,호선,역번호,역명,구분,10:00,11:00,12:00,13:00,14:00,15:00,16:00,17:00,18:00,19:00,20:00,21:00,22:00,23:00
1.0,평일,1,150,서울역,상행,41.35,34.45,37.35,32.400000000000006,26.95,26.6,25.15,31.35,43.85,25.6,18.950000000000003,17.25,17.4,12.7
11.0,평일,1,150,서울역,하행,19.05,21.549999999999997,26.95,32.7,32.0,50.0,54.55,71.94999999999999,97.5,42.75,37.349999999999994,38.35,33.25,15.850000000000001
2.0,평일,1,151,시청,상행,37.3,32.4,35.05,30.65,27.1,27.75,28.05,35.55,58.1,28.799999999999997,23.1,21.200000000000003,20.799999999999997,15.85
12.0,평일,1,151,시청,하행,20.3,21.35,26.25,32.15,32.05,47.75,48.15,66.05000000000001,89.5,37.95,32.95,33.35,27.95,13.600000000000001
3.0,평일,1,152,종각,상행,31.900000000000002,30.15,31.95,30.25,29.1,30.85,31.8,41.95,73.1,35.45,29.9,28.65,27.049999999999997,20.299999999999997
13.0,평일,1,152,종각,하행,22.15,23.15,27.35,31.950000000000003,30.5,44.150000000000006,43.3,57.1,65.8,29.75,25.9,26.5,22.450000000000003,11.350000000000001
4.0,평일,1,153,종로3가,상행,34.5,29.65,35.099999999999994,31.700000000000003,32.25,35.35,35.4,45.7,77.85,38.150000000000006,31.3,33.05,30.5,22.8
14.0,평일,1,153,종로3가,하행,26.1,24.9,27.75,31.599999999999998,29.299999999999997,40.85,37.900000000000006,44.8,47.150000000000006,22.1,18.549999999999997,18.1,16.05,8.35
5.0,평일,1,154,종로5가,상행,28.4,25.5,31.55,30.3,31.35,34.8,36.35,47.0,82.65,39.1,32.95,36.35,29.950000000000003,22.65
15.0,평일,1,154,종로5가,하행,31.5,28.25,34.45,35.95,32.4,45.2,38.95,45.75,44.15,21.85,17.65,16.85,13.85,8.149999999999999
6.0,평일,1,155,동대문,상행,27.299999999999997,25.8,31.2,31.75,30.1,35.45,37.400000000000006,47.5,82.65,39.400000000000006,32.85,36.400000000000006,30.1,24.450000000000003
16.0,평일,1,155,동대문,하행,32.95,28.05,33.3,34.650000000000006,27.95,38.650000000000006,34.9,38.599999999999994,34.8,17.4,14.3,13.8,11.75,7.35
7.0,평일,1,156,신설동,상행,22.950000000000003,22.25,24.35,29.05,25.5,31.25,35.5,47.3,72.35,39.35,27.5,31.5,26.75,20.75
17.0,평일,1,156,신설동,하행,29.85,26.6,30.799999999999997,29.15,26.35,32.3,34.0,33.4,29.7,14.45,12.55,11.649999999999999,9.2,6.5
8.0,평일,1,157,제기동,상행,18.200000000000003,18.05,19.950000000000003,23.65,23.4,27.0,34.0,46.6,72.3,39.0,26.799999999999997,30.45,25.5,21.0
18.0,평일,1,157,제기동,하행,29.200000000000003,24.450000000000003,29.65,27.6,25.6,30.9,29.4,30.15,26.5,13.100000000000001,11.649999999999999,10.649999999999999,8.65,6.550000000000001
9.0,평일,1,158,청량리,상행,16.200000000000003,14.75,16.7,19.950000000000003,20.05,24.25,30.9,39.25,63.5,35.5,24.75,25.65,22.65,18.65
19.0,평일,1,158,청량리,하행,28.700000000000003,23.05,24.35,25.9,20.15,28.15,25.5,26.25,22.25,11.8,10.5,10.45,8.0,6.3
10.0,평일,1,159,동묘앞,상행,24.15,23.450000000000003,25.0,29.0,26.6,30.450000000000003,37.2,43.5,74.75,35.8,29.5,34.55,26.950000000000003,20.45
20.0,평일,1,159,동묘앞,하행,32.6,28.1,33.35,34.6,29.4,37.1,33.0,37.65,33.15,16.8,13.649999999999999,12.85,10.399999999999999,6.6
21.0,평일,2,201,시청,상행,36.599999999999994,38.45,42.0,42.3,40.2,42.95,48.5,54.2,60.3,30.15,24.55,36.099999999999994,38.25,26.799999999999997
72.0,평일,2,201,시청,하행,26.45,32.25,32.95,37.25,38.8,45.15,51.8,74.05000000000001,107.15,57.25,58.85,48.3,58.45,27.85
22.0,평일,2,202,을지로입구,상행,31.15,36.25,39.25,43.5,42.55,46.5,52.45,65.7,77.35,37.35,31.5,42.95,43.35,32.25
73.0,평일,2,202,을지로입구,하행,27.25,31.4,33.6,35.75,37.25,42.8,47.8,68.15,93.19999999999999,50.6,54.95,43.900000000000006,54.6,26.15
23.0,평일,2,203,을지로3가,상행,30.15,34.6,38.35,41.6,41.8,45.75,52.05,69.05,76.5,38.4,30.0,44.1,43.55,33.45
74.0,평일,2,203,을지로3가,하행,31.7,34.45,35.5,36.5,36.9,41.2,44.599999999999994,59.55,77.85,42.65,42.7,37.6,43.35,21.0
24.0,평일,2,204,을지로4가,상행,29.95,35.05,39.45,43.05,43.65,48.8,56.25,75.4,83.25,42.099999999999994,31.35,45.95,45.85,34.1
75.0,평일,2,204,을지로4가,하행,30.5,33.1,34.15,34.35,34.2,38.2,42.15,52.8,67.2,39.0,41.0,34.8,39.55,18.65
25.0,평일,2,205,동대문역사문화공원,상행,35.55,41.95,46.349999999999994,50.400000000000006,49.5,53.55,61.150000000000006,81.75,83.19999999999999,40.7,30.200000000000003,43.15,42.6,31.450000000000003
76.0,평일,2,205,동대문역사문화공원,하행,32.15,34.8,36.45,35.099999999999994,35.7,39.55,42.2,50.75,66.05,38.5,40.9,34.85,39.95,18.6
26.0,평일,2,206,신당,상행,36.75,42.25,48.099999999999994,50.05,49.900000000000006,54.45,61.6,80.9,78.0,39.55,28.1,39.85,42.15,30.849999999999998
77.0,평일,2,206,신당,하행,34.1,37.7,39.3,39.150000000000006,40.349999999999994,46.599999999999994,48.35,58.349999999999994,81.05,49.15,52.5,43.3,47.349999999999994,21.9
27.0,평일,2,207,상왕십리,상행,36.75,42.55,48.2,49.85,49.5,53.85,60.65,79.1,76.3,38.3,27.0,38.2,40.1,28.85
78.0,평일,2,207,상왕십리,하행,33.7,37.25,39.8,38.400000000000006,41.0,48.1,49.400000000000006,61.3,84.75,51.55,53.95,45.6,46.55,22.55
28.0,평일,2,208,왕십리,상행,33.099999999999994,36.3,40.45,41.65,39.95,40.599999999999994,43.4,53.7,50.599999999999994,25.450000000000003,17.75,24.200000000000003,26.0,19.4
79.0,평일,2,208,왕십리,하행,32.7,36.400000000000006,39.05,38.0,40.8,48.35,49.8,62.55,84.35,53.1,54.15,47.8,46.6,22.9
29.0,평일,2,209,한양대,상행,25.799999999999997,34.05,35.599999999999994,37.8,37.7,41.4,45.2,56.099999999999994,51.65,26.15,17.85,24.9,25.9,19.35
80.0,평일,2,209,한양대,하행,22.2,26.299999999999997,29.15,29.3,32.8,40.45,41.95,53.05,74.5,44.7,49.3,42.55,39.95,18.549999999999997
30.0,평일,2,210,뚝섬,상행,21.95,30.9,33.1,35.5,36.35,40.8,45.35,58.650000000000006,57.099999999999994,28.049999999999997,19.35,26.7,27.25,20.2
81.0,평일,2,210,뚝섬,하행,24.85,25.4,29.4,28.700000000000003,30.9,37.099999999999994,36.85,49.25,69.80000000000001,42.05,45.75,39.8,34.75,17.5
31.0,평일,2,211,성수,상행,20.799999999999997,26.0,28.6,32.349999999999994,33.95,39.7,41.900000000000006,49.6,68.45,38.3,31.0,40.4,34.900000000000006,22.049999999999997
82.0,평일,2,211,성수,하행,26.450000000000003,26.299999999999997,29.55,28.35,29.85,34.95,33.9,43.2,58.7,36.6,40.0,35.05,31.700000000000003,16.3
32.0,평일,2,212,건대입구,상행,23.9,27.5,28.95,31.799999999999997,32.599999999999994,36.95,37.849999999999994,43.2,52.650000000000006,30.549999999999997,25.95,32.8,29.95,18.35
83.0,평일,2,212,건대입구,하행,24.9,30.35,33.3,30.3,30.6,34.849999999999994,40.3,46.5,48.7,29.75,26.95,31.45,28.85,15.3
33.0,평일,2,213,구의,상행,24.35,27.75,28.7,30.9,31.25,35.2,36.599999999999994,41.3,48.349999999999994,26.4,23.45,28.95,26.0,15.75
84.0,평일,2,213,구의,하행,21.0,27.9,30.5,28.4,29.35,35.9,42.25,50.55,59.6,36.0,31.25,37.75,32.4,15.75
34.0,평일,2,214,강변,상행,26.7,28.049999999999997,29.200000000000003,30.25,30.200000000000003,33.6,34.5,39.6,44.900000000000006,25.6,22.15,27.15,23.450000000000003,15.2
85.0,평일,2,214,강변,하행,19.6,26.2,28.700000000000003,27.1,28.5,35.75,40.55,49.95,62.05,38.099999999999994,33.45,41.349999999999994,32.849999999999994,16.9
35.0,평일,2,215,잠실나루,상행,27.3,28.95,29.35,30.25,30.65,34.75,36.2,40.75,43.5,24.45,21.4,25.65,22.3,14.2
86.0,평일,2,215,잠실나루,하행,17.5,24.049999999999997,27.950000000000003,26.9,28.35,36.45,43.0,52.2,64.85,38.95,34.95,42.1,35.8,17.6
36.0,평일,2,216,잠실,상행,34.8,30.799999999999997,32.5,34.2,32.900000000000006,37.05,38.599999999999994,44.099999999999994,42.85,24.4,25.15,30.0,22.45,11.9
87.0,평일,2,216,잠실,하행,17.85,22.75,28.05,26.8,28.65,36.099999999999994,41.75,51.400000000000006,65.05000000000001,38.900000000000006,37.9,44.05,37.150000000000006,18.4
37.0,평일,2,217,잠실새내,상행,36.0,30.25,32.35,33.45,30.6,35.099999999999994,36.8,40.8,38.4,23.3,23.4,28.25,21.35,11.100000000000001
88.0,평일,2,217,잠실새내,하행,20.0,25.700000000000003,31.450000000000003,30.65,33.0,43.25,52.0,67.69999999999999,87.25,54.400000000000006,41.849999999999994,51.55,47.25,26.450000000000003
38.0,평일,2,218,종합운동장,상행,38.05,30.549999999999997,33.5,33.85,30.45,34.8,36.7,40.95,37.650000000000006,22.549999999999997,22.45,27.05,21.65,11.15
89.0,평일,2,218,종합운동장,하행,19.8,24.55,29.35,30.85,33.05,43.25,52.599999999999994,69.94999999999999,90.0,55.849999999999994,41.9,52.2,46.75,27.2
39.0,평일,2,219,삼성,상행,33.150000000000006,29.299999999999997,34.0,35.599999999999994,34.9,43.55,50.45,61.4,60.9,35.650000000000006,33.4,40.3,30.049999999999997,14.600000000000001
90.0,평일,2,219,삼성,하행,19.5,23.8,28.799999999999997,30.599999999999998,33.05,42.900000000000006,54.55,72.1,94.94999999999999,56.6,44.45,54.0,47.05,24.65
40.0,평일,2,220,선릉,상행,38.75,35.349999999999994,41.85,46.45,45.150000000000006,59.1,69.25,85.7,88.15,52.25,44.85,54.8,43.55,20.3
91.0,평일,2,220,선릉,하행,30.65,30.35,34.05,35.4,34.400000000000006,41.85,50.45,62.75,80.55,49.2,36.55,44.95,41.3,23.25
41.0,평일,2,221,역삼,상행,32.05,33.05,40.849999999999994,45.35,48.25,64.4,80.95,108.44999999999999,111.7,65.69999999999999,52.55,66.45,50.75,24.95
92.0,평일,2,221,역삼,하행,43.5,39.6,43.599999999999994,46.1,41.8,49.349999999999994,55.45,68.0,84.6,51.35,40.85,50.85,42.4,26.45
42.0,평일,2,222,강남,상행,29.0,33.45,42.599999999999994,46.25,51.9,71.69999999999999,88.69999999999999,120.95,120.80000000000001,78.85,64.1,84.15,66.7,34.75
93.0,평일,2,222,강남,하행,55.6,44.45,47.099999999999994,50.4,42.55,47.2,51.15,55.45,68.4,42.650000000000006,35.45,43.8,40.1,25.05
43.0,평일,2,223,교대,상행,28.15,31.5,39.849999999999994,45.2,51.05,71.45,89.1,123.35,128.35,84.35,69.94999999999999,90.4,76.85,37.45
94.0,평일,2,223,교대,하행,66.94999999999999,48.45,49.8,53.5,44.7,47.099999999999994,47.349999999999994,51.25,62.400000000000006,37.05,29.200000000000003,33.8,31.25,20.05
44.0,평일,2,224,서초,상행,24.65,30.05,38.95,44.5,51.75,73.9,91.94999999999999,128.3,133.3,86.0,71.69999999999999,90.5,78.15,37.7
95.0,평일,2,224,서초,하행,69.65,48.25,50.5,53.45,43.55,45.1,46.0,47.7,57.05,34.4,26.75,32.8,28.75,19.75
45.0,평일,2,225,방배,상행,23.7,29.55,38.849999999999994,44.95,52.4,75.45,93.75,129.5,137.75,89.0,73.5,87.55000000000001,82.3,40.9
96.0,평일,2,225,방배,하행,72.0,47.75,49.4,51.55,41.65,41.1,43.6,43.3,51.2,31.3,24.5,30.85,27.1,18.6
46.0,평일,2,226,사당,상행,23.35,26.25,35.2,41.900000000000006,47.9,66.75,82.2,109.25,123.30000000000001,85.25,66.9,82.95,84.25,44.05
97.0,평일,2,226,사당,하행,72.80000000000001,48.650000000000006,50.35,51.45,41.2,40.45,42.55,42.5,49.05,30.25,24.4,30.75,26.2,19.2
47.0,평일,2,227,낙성대,상행,22.15,25.85,34.15,40.1,46.75,63.25,78.95,105.05000000000001,111.75,82.6,62.0,75.65,80.45,40.05
98.0,평일,2,227,낙성대,하행,63.400000000000006,43.599999999999994,45.9,46.5,36.5,37.75,40.95,41.25,49.0,30.85,24.0,30.099999999999998,25.9,19.1
48.0,평일,2,228,서울대입구,상행,19.4,23.049999999999997,32.15,37.85,43.0,58.8,72.6,94.85,98.94999999999999,73.0,55.25,66.2,71.65,37.15
99.0,평일,2,228,서울대입구,하행,59.9,41.7,43.55,45.05,35.15,36.45,40.0,39.9,48.900000000000006,31.85,24.299999999999997,31.700000000000003,26.700000000000003,19.3
49.0,평일,2,229,봉천,상행,20.0,23.45,32.35,37.65,42.0,56.25,69.6,90.0,92.75,67.15,51.05,61.650000000000006,67.7,34.099999999999994
100.0,평일,2,229,봉천,하행,52.95,39.150000000000006,39.0,40.45,32.3,33.2,36.5,37.5,48.25,31.95,23.549999999999997,30.35,25.15,19.35
50.0,평일,2,230,신림,상행,20.8,22.5,32.0,36.05,38.5,49.05,61.900000000000006,76.0,74.55,52.45,39.55,47.8,54.65,26.45
101.0,평일,2,230,신림,하행,49.150000000000006,37.5,37.849999999999994,38.75,31.85,32.8,36.7,38.5,51.45,34.900000000000006,25.0,32.25,27.299999999999997,21.25
51.0,평일,2,231,신대방,상행,22.9,23.6,32.95,36.45,38.150000000000006,47.6,58.5,70.9,72.25,48.75,35.7,43.1,49.099999999999994,24.25
102.0,평일,2,231,신대방,하행,39.75,31.45,31.05,33.5,28.55,29.35,35.05,38.650000000000006,59.1,38.75,30.4,36.25,33.4,27.15
52.0,평일,2,232,구로디지털단지,상행,24.1,26.85,36.85,39.2,40.8,49.1,62.2,77.75,85.1,49.5,35.25,41.55,45.9,24.15
103.0,평일,2,232,구로디지털단지,하행,36.7,30.299999999999997,30.4,32.85,29.15,30.65,36.1,43.85,65.4,44.2,33.7,41.1,39.1,30.5
53.0,평일,2,233,대림,상행,26.799999999999997,28.9,39.45,40.75,41.400000000000006,47.9,60.25,74.75,84.6,44.8,31.45,36.05,40.349999999999994,21.15
104.0,평일,2,233,대림,하행,36.95,31.4,31.450000000000003,35.4,31.7,34.2,38.7,47.0,67.55,49.150000000000006,38.55,47.65,46.5,35.9
54.0,평일,2,234,신도림,상행,34.7,32.3,43.900000000000006,44.75,41.1,40.8,48.6,49.6,68.25,34.75,23.35,25.75,30.5,14.95
105.0,평일,2,234,신도림,하행,28.15,29.45,31.450000000000003,35.7,33.15,36.8,41.85,52.349999999999994,72.3,41.95,40.7,40.55,54.75,28.3
55.0,평일,2,235,문래,상행,44.55,41.599999999999994,44.150000000000006,44.8,41.15,41.0,51.25,52.8,70.44999999999999,37.9,27.45,28.5,32.1,28.8
106.0,평일,2,235,문래,하행,22.75,26.35,29.55,32.95,35.25,39.6,54.95,71.9,96.85,54.900000000000006,55.1,57.15,67.85,39.3
56.0,평일,2,236,영등포구청,상행,45.5,41.5,44.65,43.7,41.35,38.25,50.0,52.55,69.9,35.0,25.8,27.1,29.4,25.15
107.0,평일,2,236,영등포구청,하행,23.05,26.45,29.299999999999997,32.85,34.900000000000006,39.2,54.150000000000006,68.94999999999999,94.44999999999999,53.45,56.349999999999994,53.5,65.55,37.0
57.0,평일,2,237,당산,상행,48.55,44.85,47.95,48.2,42.05,39.900000000000006,54.15,54.05,72.65,36.75,25.4,26.799999999999997,28.200000000000003,24.599999999999998
108.0,평일,2,237,당산,하행,21.6,24.2,27.5,31.75,33.45,37.5,52.45,65.95,89.6,53.75,59.2,54.8,71.25,39.95
58.0,평일,2,238,합정,상행,45.1,40.55,44.599999999999994,43.45,38.25,34.650000000000006,44.45,43.1,54.0,28.85,18.95,22.700000000000003,24.2,20.299999999999997
109.0,평일,2,238,합정,하행,20.299999999999997,26.0,28.25,33.55,34.85,41.1,55.4,68.75,94.1,56.45,62.849999999999994,59.05,77.1,39.3
59.0,평일,2,239,홍대입구,상행,44.7,40.7,43.75,42.849999999999994,37.5,35.05,42.55,40.2,45.7,26.2,20.6,29.25,32.95,27.35
110.0,평일,2,239,홍대입구,하행,17.6,23.5,25.6,30.65,32.8,39.5,51.4,64.69999999999999,89.4,51.8,59.449999999999996,52.4,66.65,35.85
60.0,평일,2,240,신촌(지하),상행,41.349999999999994,38.8,42.400000000000006,41.55,37.35,36.65,45.150000000000006,41.25,45.2,25.950000000000003,21.950000000000003,32.2,37.2,29.55
111.0,평일,2,240,신촌(지하),하행,19.35,28.299999999999997,30.0,35.5,38.25,45.5,55.400000000000006,72.1,102.05,55.849999999999994,61.5,49.8,60.8,30.2
61.0,평일,2,241,이대,상행,37.85,38.0,41.900000000000006,41.599999999999994,38.3,38.65,44.75,43.05,46.8,26.25,22.6,34.150000000000006,36.599999999999994,28.45
112.0,평일,2,241,이대,하행,22.049999999999997,30.1,30.650000000000002,35.75,37.7,43.650000000000006,52.45,71.0,103.75,55.4,57.900000000000006,45.3,54.25,28.1
62.0,평일,2,242,아현,상행,38.5,38.8,42.45,42.15,38.6,38.849999999999994,45.150000000000006,43.25,46.349999999999994,25.950000000000003,22.299999999999997,33.7,36.5,27.8
113.0,평일,2,242,아현,하행,24.4,31.650000000000002,31.85,36.75,37.5,44.3,51.6,71.5,106.65,55.9,58.349999999999994,45.75,57.5,27.65
63.0,평일,2,243,충정로,상행,38.0,40.099999999999994,43.55,43.2,39.75,41.05,45.8,47.55,50.35,27.7,22.35,34.0,36.7,27.75
114.0,평일,2,243,충정로,하행,24.549999999999997,31.2,32.2,36.25,38.05,44.5,52.35,74.1,105.15,57.550000000000004,60.45,47.0,57.3,27.1
64.0,평일,2,244,용답,상행,17.7,14.25,14.95,14.7,14.0,14.2,17.65,22.35,17.0,7.45,5.0,4.65,3.25,1.8
115.0,평일,2,244,용답,하행,9.45,9.15,10.0,11.6,12.350000000000001,15.75,21.0,35.55,54.3,24.05,21.25,19.35,15.35,7.65
65.0,평일,2,245,신답,상행,16.35,13.15,14.0,14.25,13.25,13.85,16.05,20.7,17.1,7.2,5.050000000000001,5.15,3.95,2.0
116.0,평일,2,245,신답,하행,9.75,9.2,9.850000000000001,11.45,11.7,13.5,19.15,32.2,44.8,21.75,18.7,16.25,12.8,6.65
66.0,평일,2,246,신설동,상행,12.95,10.95,11.8,12.15,11.05,11.75,13.95,18.35,14.200000000000001,6.9,4.75,4.9,4.55,2.15
67.0,평일,2,247,도림천,상행,10.85,11.45,13.3,16.15,17.799999999999997,24.75,33.900000000000006,55.75,93.2,64.9,36.95,32.7,32.85,20.45
118.0,평일,2,247,도림천,하행,26.799999999999997,20.8,20.549999999999997,19.1,16.3,17.15,19.65,27.45,33.25,17.1,11.2,9.45,8.45,5.35
68.0,평일,2,248,양천구청,상행,10.350000000000001,10.5,11.8,13.6,14.649999999999999,19.75,27.200000000000003,44.2,74.55000000000001,49.8,28.549999999999997,24.65,24.35,18.0
119.0,평일,2,248,양천구청,하행,26.200000000000003,20.35,19.9,18.65,15.7,16.2,18.950000000000003,26.6,32.75,16.85,11.15,9.35,8.45,5.45
69.0,평일,2,249,신정네거리,상행,9.350000000000001,9.45,9.6,10.55,10.55,13.5,18.15,28.35,46.599999999999994,30.3,17.45,14.45,14.2,10.05
120.0,평일,2,249,신정네거리,하행,19.2,15.55,16.15,15.45,13.4,14.55,17.4,26.7,29.5,14.95,10.4,9.0,8.0,4.25
70.0,평일,2,250,용두,상행,14.649999999999999,12.25,13.45,13.85,13.1,13.899999999999999,16.4,20.75,17.5,7.55,5.25,5.4,4.4,2.15
121.0,평일,2,250,용두,하행,7.85,7.800000000000001,8.25,9.45,9.85,11.3,16.75,27.2,39.75,18.55,16.05,14.100000000000001,11.65,5.45
122.0,평일,2,260,까치산,하행,12.45,10.55,11.3,11.7,10.75,13.0,15.700000000000001,26.1,31.5,16.4,10.5,9.55,7.95,4.3
123.0,평일,3,309,지축,상행,13.75,18.0,20.65,23.6,26.799999999999997,35.7,41.0,56.95,107.75,73.94999999999999,41.65,39.5,38.25,31.9
157.0,평일,3,309,지축,하행,45.150000000000006,35.8,33.35,28.45,24.9,24.85,27.45,28.5,29.25,16.85,11.25,9.5,10.05,5.949999999999999
124.0,평일,3,310,구파발,상행,8.65,11.85,17.35,20.75,18.5,32.5,30.85,53.8,57.400000000000006,42.25,26.65,27.75,22.3,18.5
158.0,평일,3,310,구파발,하행,40.6,29.35,31.049999999999997,30.8,21.25,28.4,26.15,22.75,18.450000000000003,10.7,9.45,9.55,9.7,5.6
125.0,평일,3,311,연신내,상행,11.75,15.35,21.25,25.8,23.9,40.0,40.55,61.099999999999994,74.80000000000001,47.65,35.0,31.45,30.25,21.8
159.0,평일,3,311,연신내,하행,45.65,30.45,32.8,32.55,22.25,27.799999999999997,26.200000000000003,19.4,16.45,10.55,8.05,8.95,8.45,5.15
126.0,평일,3,312,불광,상행,13.65,18.15,25.8,29.700000000000003,28.9,49.35,48.8,79.5,95.4,62.15,44.400000000000006,39.75,39.0,27.1
160.0,평일,3,312,불광,하행,50.0,35.8,35.8,37.6,26.3,30.700000000000003,30.200000000000003,23.0,20.2,12.350000000000001,9.35,10.4,9.399999999999999,6.4
127.0,평일,3,313,녹번,상행,13.0,17.8,26.5,28.799999999999997,29.5,50.7,49.099999999999994,80.65,96.0,63.599999999999994,45.5,40.45,40.25,28.25
161.0,평일,3,313,녹번,하행,54.3,39.1,38.5,40.1,27.5,31.150000000000002,31.2,23.45,20.4,12.850000000000001,9.45,9.8,9.0,6.05
128.0,평일,3,314,홍제,상행,12.7,18.3,27.450000000000003,29.299999999999997,31.65,53.8,54.2,93.25,105.85,71.55000000000001,50.55,45.4,45.099999999999994,32.0
162.0,평일,3,314,홍제,하행,59.3,42.5,41.400000000000006,45.45,29.299999999999997,32.35,34.6,25.7,21.4,12.9,9.5,10.3,8.8,6.5
129.0,평일,3,315,무악재,상행,13.55,19.65,28.8,30.950000000000003,33.95,58.95,58.3,100.3,112.85,76.9,54.05,48.35,50.65,32.45
163.0,평일,3,315,무악재,하행,61.15,43.150000000000006,42.25,46.25,29.75,32.7,35.95,25.549999999999997,22.15,12.7,9.55,10.6,8.8,6.5
130.0,평일,3,316,독립문,상행,13.65,19.85,29.099999999999998,31.299999999999997,35.25,61.650000000000006,59.85,102.25,115.1,78.95,55.400000000000006,49.8,52.150000000000006,32.2
164.0,평일,3,316,독립문,하행,61.75,44.65,43.2,48.25,31.0,33.0,37.75,26.65,22.9,13.55,9.6,10.7,8.95,6.449999999999999
131.0,평일,3,317,경복궁,상행,14.5,20.65,31.0,31.65,36.7,61.650000000000006,62.7,106.6,115.25,79.55,56.099999999999994,50.599999999999994,53.3,33.05
165.0,평일,3,317,경복궁,하행,62.849999999999994,48.75,47.5,56.3,39.55,44.7,55.15,39.55,36.95,19.5,14.35,16.85,13.85,8.850000000000001
132.0,평일,3,318,안국,상행,24.25,31.2,41.599999999999994,40.05,42.599999999999994,66.4,64.5,105.9,112.25,77.1,54.15,49.95,53.1,33.2
166.0,평일,3,318,안국,하행,60.95,49.3,49.5,62.5,47.849999999999994,56.0,73.8,55.8,53.550000000000004,26.85,20.05,22.6,17.85,10.75
133.0,평일,3,319,종로3가,상행,35.3,42.05,51.5,47.0,48.15,68.7,63.900000000000006,101.4,106.45,74.35,51.4,47.45,51.95,31.35
167.0,평일,3,319,종로3가,하행,48.75,39.599999999999994,39.8,52.35,41.2,47.45,66.75,48.25,51.2,24.7,18.5,20.7,17.75,11.149999999999999
134.0,평일,3,320,을지로3가,상행,29.85,36.099999999999994,44.8,39.8,41.1,54.900000000000006,52.75,80.80000000000001,87.55000000000001,60.35,41.75,38.45,41.35,23.25
168.0,평일,3,320,을지로3가,하행,43.8,36.7,36.599999999999994,50.05,39.95,46.15,64.3,50.3,57.550000000000004,26.799999999999997,20.35,23.25,21.35,13.850000000000001
135.0,평일,3,321,충무로,상행,29.4,34.8,42.75,37.45,39.85,51.5,48.4,71.25,74.5,52.75,36.2,32.6,36.15,19.6
169.0,평일,3,321,충무로,하행,48.7,38.85,39.3,54.55,42.15,49.35,67.95,53.15,61.75,29.35,21.15,24.45,23.15,14.7
136.0,평일,3,322,동대입구,상행,29.15,36.4,45.95,40.099999999999994,42.75,55.45,53.35,76.35,80.8,61.25,42.05,35.5,39.45,19.75
170.0,평일,3,322,동대입구,하행,43.45,35.5,37.35,49.7,43.4,48.85,69.8,54.45,62.900000000000006,30.6,22.4,26.45,24.55,15.7
137.0,평일,3,323,약수,상행,30.35,37.7,46.65,39.4,41.3,52.650000000000006,50.45,71.55000000000001,78.3,58.0,38.05,32.35,36.7,19.15
171.0,평일,3,323,약수,하행,49.05,40.0,41.25,54.599999999999994,46.9,51.9,72.19999999999999,55.35,67.6,32.45,23.55,27.549999999999997,27.3,17.1
138.0,평일,3,324,금호,상행,32.3,40.7,50.7,42.25,45.4,57.650000000000006,57.85,83.1,92.75,68.35,45.0,38.599999999999994,42.05,22.6
172.0,평일,3,324,금호,하행,49.2,40.5,41.45,54.45,46.65,51.25,71.3,54.25,65.45,31.95,22.8,25.6,26.450000000000003,16.3
139.0,평일,3,325,옥수,상행,31.55,40.0,50.3,40.85,47.05,58.5,58.650000000000006,83.94999999999999,95.45,69.9,46.05,39.65,43.25,22.549999999999997
173.0,평일,3,325,옥수,하행,54.45,44.45,44.25,57.9,50.3,52.05,74.0,56.0,66.25,33.15,22.9,25.65,26.4,17.05
140.0,평일,3,326,압구정,상행,32.4,41.5,53.2,43.65,51.85,66.44999999999999,66.35,94.4,107.05000000000001,75.4,50.7,44.8,48.95,24.8
174.0,평일,3,326,압구정,하행,47.400000000000006,42.9,41.650000000000006,53.849999999999994,51.25,53.4,77.0,57.55,73.05,38.0,27.75,29.2,30.599999999999998,17.75
141.0,평일,3,327,신사,상행,36.95,45.55,54.900000000000006,44.8,51.25,63.45,65.25,87.6,98.65,65.9,44.099999999999994,39.8,41.15,21.75
175.0,평일,3,327,신사,하행,35.75,35.3,34.9,46.35,43.4,45.05,64.55000000000001,50.7,64.65,37.0,27.6,29.85,32.9,18.35
142.0,평일,3,328,잠원,상행,35.15,40.349999999999994,50.25,40.05,46.4,53.6,56.2,73.0,79.44999999999999,48.6,33.7,30.0,31.25,16.05
176.0,평일,3,328,잠원,하행,36.45,35.900000000000006,35.45,46.8,44.150000000000006,44.85,64.9,52.0,62.699999999999996,36.4,26.950000000000003,29.45,32.55,18.7
143.0,평일,3,329,고속터미널,상행,34.75,40.099999999999994,49.3,40.55,46.9,53.9,56.15,73.0,79.9,49.15,34.05,30.400000000000002,32.2,16.65
177.0,평일,3,329,고속터미널,하행,41.599999999999994,38.25,38.1,50.45,46.9,45.05,65.69999999999999,53.75,62.800000000000004,37.95,28.8,28.95,30.6,17.75
144.0,평일,3,330,교대,상행,36.15,43.650000000000006,52.45,43.35,52.75,59.85,68.8,87.95,99.5,56.95,36.95,35.65,38.4,17.450000000000003
178.0,평일,3,330,교대,하행,29.6,29.0,29.65,39.05,38.849999999999994,37.2,57.3,46.349999999999994,54.25,32.7,24.5,25.4,28.200000000000003,16.55
145.0,평일,3,331,남부터미널,상행,32.25,37.15,42.849999999999994,34.35,40.9,47.25,56.099999999999994,73.0,80.55000000000001,43.6,29.0,28.15,29.6,13.1
179.0,평일,3,331,남부터미널,하행,23.549999999999997,24.35,25.15,32.8,32.75,32.0,49.8,43.95,52.7,30.799999999999997,23.15,25.4,25.200000000000003,15.15
146.0,평일,3,332,양재,상행,30.75,32.8,36.75,28.6,35.5,37.849999999999994,47.95,56.150000000000006,64.6,34.95,22.9,22.1,23.3,10.6
180.0,평일,3,332,양재,하행,16.15,18.450000000000003,20.15,25.85,27.3,27.35,43.15,42.8,51.4,29.25,22.1,24.15,23.25,14.15
147.0,평일,3,333,매봉,상행,27.85,27.950000000000003,30.95,23.35,26.85,28.4,34.1,37.2,38.55,19.95,13.3,12.850000000000001,16.049999999999997,7.5
181.0,평일,3,333,매봉,하행,14.15,16.799999999999997,19.0,24.2,27.1,26.5,42.6,42.9,52.05,29.05,22.299999999999997,23.75,23.5,13.45
148.0,평일,3,334,도곡,상행,26.65,26.75,29.15,21.65,24.45,25.95,31.15,32.6,31.700000000000003,17.549999999999997,11.649999999999999,10.95,15.549999999999999,6.6
182.0,평일,3,334,도곡,하행,11.85,14.45,15.9,21.2,23.25,22.6,36.45,37.099999999999994,44.5,25.700000000000003,18.950000000000003,19.950000000000003,20.6,12.55
149.0,평일,3,335,대치,상행,22.950000000000003,22.8,25.25,18.6,21.05,21.25,25.4,28.95,26.299999999999997,14.0,9.600000000000001,9.1,12.45,5.55
183.0,평일,3,335,대치,하행,10.15,12.7,13.600000000000001,17.85,19.950000000000003,19.35,31.65,33.1,41.0,23.299999999999997,17.65,18.35,22.8,10.25
150.0,평일,3,336,학여울,상행,21.15,20.9,22.4,17.35,19.9,20.35,24.700000000000003,26.9,24.1,11.899999999999999,8.05,7.3,7.6499999999999995,4.95
184.0,평일,3,336,학여울,하행,9.55,12.1,13.05,16.75,19.15,18.9,31.5,33.4,39.900000000000006,23.5,17.7,18.049999999999997,22.450000000000003,10.0
151.0,평일,3,337,대청,상행,20.950000000000003,20.8,21.95,16.85,19.25,19.65,23.9,25.6,23.35,11.7,7.9,7.199999999999999,7.75,4.95
185.0,평일,3,337,대청,하행,9.149999999999999,11.55,12.15,15.4,18.4,18.1,27.6,31.450000000000003,36.6,20.65,15.4,15.0,18.4,8.05
152.0,평일,3,338,일원,상행,18.75,18.7,19.85,15.3,17.55,17.450000000000003,20.85,22.6,20.3,10.4,7.35,6.55,7.4,4.9
186.0,평일,3,338,일원,하행,7.3,10.8,9.9,12.899999999999999,15.600000000000001,17.25,26.0,31.1,35.0,19.049999999999997,13.850000000000001,13.25,16.0,7.75
153.0,평일,3,339,수서,상행,16.9,15.8,16.3,13.7,14.55,13.35,15.7,16.9,18.9,9.3,6.9,6.3,6.9,4.65
187.0,평일,3,339,수서,하행,6.85,10.65,9.5,12.5,14.3,16.65,24.6,30.9,33.849999999999994,17.65,12.75,12.2,14.899999999999999,7.550000000000001
154.0,평일,3,340,가락시장,상행,14.9,14.65,14.65,12.35,14.15,12.1,18.05,21.05,19.25,9.15,6.75,6.15,7.1,3.85
188.0,평일,3,340,가락시장,하행,5.9,6.699999999999999,6.699999999999999,8.100000000000001,8.9,10.8,17.65,19.15,22.55,15.95,10.2,10.850000000000001,10.8,8.75
155.0,평일,3,341,경찰병원,상행,9.35,9.35,9.25,7.65,8.65,7.05,11.350000000000001,12.25,11.35,4.8,3.45,3.15,3.85,2.1
189.0,평일,3,341,경찰병원,하행,4.35,5.15,5.15,6.300000000000001,6.8,8.55,14.5,16.65,18.6,11.899999999999999,7.85,8.45,8.3,6.25
156.0,평일,3,342,오금,상행,7.35,7.1,7.15,6.1,6.35,5.2,8.6,8.9,7.95,3.6500000000000004,2.5999999999999996,2.3499999999999996,2.95,1.75
191.0,평일,4,409,당고개,상행,1.6,2.2,3.45,4.050000000000001,3.1,5.0,6.6,9.0,10.9,5.65,4.2,3.2,3.8000000000000003,5.1
217.0,평일,4,409,당고개,하행,7.25,8.1,7.65,7.2,5.5,5.9,6.300000000000001,6.75,5.949999999999999,3.0,2.0,2.25,2.1,2.15
192.0,평일,4,410,상계,상행,3.1,3.4,4.949999999999999,5.7,6.05,7.8,9.2,13.25,14.8,9.25,6.5,6.6,6.9,6.1
218.0,평일,4,410,상계,하행,14.2,13.05,12.850000000000001,11.600000000000001,9.7,9.7,10.25,9.6,8.7,5.0,3.75,4.05,4.65,3.5999999999999996
193.0,평일,4,411,노원,상행,4.85,5.449999999999999,8.15,9.3,10.05,13.45,15.6,23.75,26.2,17.4,12.05,11.85,11.95,10.5
219.0,평일,4,411,노원,하행,19.75,18.6,19.05,16.85,15.35,16.6,16.3,15.3,14.5,9.1,8.0,9.2,10.45,7.85
194.0,평일,4,412,창동,상행,9.0,9.649999999999999,13.4,15.4,16.1,20.6,23.7,37.55,42.849999999999994,26.75,17.5,17.4,17.75,15.0
220.0,평일,4,412,창동,하행,31.35,28.299999999999997,28.05,24.1,23.049999999999997,24.25,24.049999999999997,19.549999999999997,19.0,12.05,9.95,10.2,12.4,9.25
195.0,평일,4,413,쌍문,상행,13.1,14.5,18.75,21.799999999999997,23.450000000000003,29.9,34.7,55.7,66.0,41.3,27.5,26.6,28.4,23.700000000000003
221.0,평일,4,413,쌍문,하행,36.7,34.95,31.75,28.4,24.1,26.05,26.1,20.4,19.5,12.05,10.0,10.05,12.35,8.649999999999999
196.0,평일,4,414,수유,상행,13.2,14.8,19.65,23.3,26.6,34.95,41.4,67.1,79.45,51.5,34.3,33.25,36.3,29.4
222.0,평일,4,414,수유,하행,41.3,40.0,36.45,31.950000000000003,27.35,29.2,28.0,21.65,20.9,12.5,10.05,10.149999999999999,11.85,8.8
197.0,평일,4,415,미아,상행,13.8,15.75,20.05,25.85,29.299999999999997,40.349999999999994,46.55,77.35,91.95,60.95,40.35,39.1,44.400000000000006,34.25
223.0,평일,4,415,미아,하행,43.25,41.65,38.9,34.35,29.1,30.55,31.1,22.4,23.1,12.899999999999999,10.35,10.65,12.15,8.85
198.0,평일,4,416,미아삼거리,상행,14.45,16.799999999999997,21.299999999999997,27.35,31.799999999999997,43.3,50.85,81.8,95.75,63.699999999999996,42.599999999999994,40.5,47.7,36.55
224.0,평일,4,416,미아삼거리,하행,46.400000000000006,44.4,41.2,36.9,30.6,32.2,32.8,23.4,23.799999999999997,13.5,10.9,10.8,12.05,8.95
199.0,평일,4,417,길음,상행,15.25,17.200000000000003,24.05,28.5,33.849999999999994,47.3,56.05,90.1,105.4,68.55,46.85,43.05,56.0,39.599999999999994
225.0,평일,4,417,길음,하행,50.099999999999994,46.7,45.45,39.3,32.45,33.85,35.5,25.5,24.950000000000003,14.0,11.35,11.05,12.100000000000001,8.85
200.0,평일,4,418,성신여대입구,상행,16.700000000000003,19.25,26.5,30.75,36.75,50.849999999999994,59.949999999999996,100.5,114.55,72.5,50.8,46.15,62.599999999999994,43.25
226.0,평일,4,418,성신여대입구,하행,55.5,51.05,49.0,43.75,36.45,38.95,40.45,30.3,29.049999999999997,16.700000000000003,13.2,14.0,15.0,10.75
201.0,평일,4,419,한성대입구,상행,18.75,23.049999999999997,28.85,33.25,40.599999999999994,56.3,66.45,108.05,122.95,77.75,55.3,50.15,69.1,48.1
227.0,평일,4,419,한성대입구,하행,56.95,52.5,50.4,45.95,39.1,40.45,43.900000000000006,33.1,31.6,18.3,14.65,15.649999999999999,15.8,11.5
202.0,평일,4,420,혜화,상행,20.4,24.75,31.049999999999997,34.900000000000006,42.45,58.8,66.7,112.80000000000001,124.2,77.8,57.5,51.4,73.2,48.95
228.0,평일,4,420,혜화,하행,57.650000000000006,55.6,55.0,49.0,43.900000000000006,49.25,53.45,41.75,41.35,23.15,20.549999999999997,28.35,33.8,20.35
203.0,평일,4,421,동대문,상행,28.15,29.200000000000003,38.7,45.15,49.400000000000006,62.7,72.5,117.75,128.9,79.85,57.0,49.15,69.69999999999999,46.5
229.0,평일,4,421,동대문,하행,55.5,53.7,54.85,51.349999999999994,46.0,51.7,59.3,47.3,44.1,25.05,20.799999999999997,28.2,34.15,20.45
204.0,평일,4,422,동대문역사문화공원,상행,32.35,32.4,42.0,47.45,50.65,62.35,70.35,112.0,123.69999999999999,79.25,55.7,49.95,69.5,43.8
230.0,평일,4,422,동대문역사문화공원,하행,45.6,46.05,44.8,44.0,38.6,43.95,49.8,41.55,39.900000000000006,23.25,19.35,24.700000000000003,27.700000000000003,16.65
205.0,평일,4,423,충무로,상행,29.45,28.8,36.599999999999994,40.3,43.8,51.7,57.849999999999994,87.55,93.2,55.65,40.8,37.55,50.3,31.45
231.0,평일,4,423,충무로,하행,39.3,41.85,40.9,41.45,37.7,44.45,50.85,45.3,46.15,26.9,20.950000000000003,25.950000000000003,27.9,17.5
206.0,평일,4,424,명동,상행,33.3,30.1,38.3,39.55,42.099999999999994,47.45,53.85,75.25,75.7,44.2,33.0,30.75,42.1,27.0
232.0,평일,4,424,명동,하행,33.9,38.25,36.1,37.45,35.65,42.15,49.75,45.05,48.4,27.1,21.950000000000003,28.6,31.7,19.45
207.0,평일,4,425,회현,상행,33.45,31.05,39.95,39.75,40.2,43.05,50.45,67.7,66.65,38.15,28.299999999999997,24.6,31.55,20.8
233.0,평일,4,425,회현,하행,26.1,31.400000000000002,31.35,34.8,33.8,42.55,53.05,50.55,55.900000000000006,30.65,25.2,29.1,32.3,19.4
208.0,평일,4,426,서울역,상행,37.75,33.4,40.3,38.0,36.45,37.05,41.75,54.95,54.95,32.95,23.75,23.1,30.2,20.200000000000003
234.0,평일,4,426,서울역,하행,19.049999999999997,22.4,22.85,26.15,25.15,31.299999999999997,40.8,43.3,50.65,26.55,19.950000000000003,23.6,25.1,16.4
209.0,평일,4,427,숙대입구,상행,28.0,23.6,29.0,27.5,26.7,26.049999999999997,31.35,37.45,37.9,21.7,16.0,15.600000000000001,21.5,13.05
235.0,평일,4,427,숙대입구,하행,17.15,20.5,22.6,25.4,24.95,31.200000000000003,40.75,44.7,51.0,27.049999999999997,20.35,23.45,25.15,17.5
210.0,평일,4,428,삼각지,상행,28.45,23.65,28.25,26.15,26.2,24.2,29.45,36.45,35.900000000000006,20.7,14.9,14.3,19.85,12.15
236.0,평일,4,428,삼각지,하행,18.3,21.3,22.6,27.2,25.25,32.55,42.55,46.85,54.05,28.599999999999998,21.799999999999997,24.85,29.299999999999997,18.6
211.0,평일,4,429,신용산,상행,30.25,25.200000000000003,30.5,27.65,27.5,25.05,31.599999999999998,39.7,42.05,24.049999999999997,16.65,15.45,21.15,12.9
237.0,평일,4,429,신용산,하행,15.850000000000001,19.4,20.9,25.8,24.25,31.95,42.7,48.75,57.3,30.55,23.200000000000003,26.9,31.45,19.75
212.0,평일,4,430,이촌,상행,30.549999999999997,25.85,30.450000000000003,27.4,26.9,23.25,31.9,34.65,36.95,20.75,14.1,12.75,17.5,10.55
238.0,평일,4,430,이촌,하행,18.299999999999997,21.1,23.2,27.2,25.65,33.5,44.45,51.8,60.3,32.45,24.4,27.75,32.85,21.9
213.0,평일,4,431,동작,상행,30.799999999999997,27.049999999999997,30.85,29.9,28.35,24.85,35.75,38.4,42.55,23.1,15.75,15.15,21.15,12.85
239.0,평일,4,431,동작,하행,18.25,21.55,23.15,26.75,25.7,34.45,45.85,56.150000000000006,66.25,36.8,26.4,28.700000000000003,34.650000000000006,23.65
214.0,평일,4,432,총신대입구,상행,31.1,27.5,32.099999999999994,29.700000000000003,27.85,25.95,36.1,39.0,40.849999999999994,22.1,16.45,16.0,20.45,13.100000000000001
240.0,평일,4,432,총신대입구,하행,19.15,22.35,24.3,27.4,25.799999999999997,35.45,46.8,56.900000000000006,65.5,39.849999999999994,28.5,29.200000000000003,36.1,23.75
215.0,평일,4,433,사당,상행,33.8,27.950000000000003,34.45,28.799999999999997,30.05,29.05,39.05,38.650000000000006,45.349999999999994,22.25,16.8,16.1,20.950000000000003,13.3
241.0,평일,4,433,사당,하행,16.2,14.600000000000001,18.35,23.4,21.450000000000003,26.3,43.55,44.9,59.349999999999994,35.3,28.55,27.200000000000003,32.0,16.9
216.0,평일,4,434,남태령,상행,66.19999999999999,50.2,47.9,52.75,41.0,44.5,53.95,66.25,77.0,36.4,24.1,21.15,21.0,11.3
242.0,평일,4,434,남태령,하행,29.450000000000003,32.5,33.2,39.349999999999994,38.8,58.1,66.55,97.05,117.05000000000001,67.5,55.95,46.45,53.0,39.7
299.0,평일,5,2511,방화,하행,3.5,3.2,3.25,3.4,2.95,3.05,3.15,1.9500000000000002,2.5999999999999996,1.8,1.15,0.95,0.75,0.5
244.0,평일,5,2512,개화산,상행,1.35,2.0,2.3499999999999996,2.7,2.7,3.4000000000000004,4.15,5.3,6.25,3.75,3.8,3.5,3.25,2.2
300.0,평일,5,2512,개화산,하행,6.1,5.4,5.5,5.6,5.1,5.25,5.6,4.25,6.4,3.8,2.3,2.0,2.05,0.85
245.0,평일,5,2513,김포공항,상행,2.45,3.55,4.5,4.45,4.699999999999999,5.95,7.4,9.45,11.95,6.95,7.0,6.4,5.75,4.0
301.0,평일,5,2513,김포공항,하행,13.35,11.95,12.100000000000001,12.5,12.3,13.75,14.85,11.5,19.799999999999997,14.45,9.5,8.75,9.350000000000001,5.7
246.0,평일,5,2514,송정,상행,7.5,10.0,11.1,11.45,12.0,14.45,17.85,24.8,29.6,12.2,13.25,11.600000000000001,10.05,6.05
302.0,평일,5,2514,송정,하행,15.6,13.7,13.8,14.0,14.05,14.7,16.65,12.75,20.85,15.95,10.15,9.0,9.55,5.85
247.0,평일,5,2515,마곡,상행,8.05,11.05,12.2,12.65,13.45,16.4,20.2,28.0,32.7,13.95,15.350000000000001,13.45,11.5,7.35
303.0,평일,5,2515,마곡,하행,17.200000000000003,15.45,15.55,16.05,16.450000000000003,18.3,21.65,18.0,27.45,20.450000000000003,13.3,11.8,11.600000000000001,6.9
248.0,평일,5,2516,발산,상행,10.3,12.95,14.15,15.05,15.3,18.3,22.5,30.25,35.2,16.6,16.950000000000003,14.7,13.2,8.5
304.0,평일,5,2516,발산,하행,19.049999999999997,18.35,19.25,20.5,21.4,25.7,30.9,29.1,42.45,29.35,20.75,19.45,19.2,11.15
249.0,평일,5,2517,우장산,상행,14.8,17.35,18.35,19.55,18.5,20.95,26.25,34.599999999999994,39.6,20.2,18.65,15.85,14.55,9.0
305.0,평일,5,2517,우장산,하행,23.4,21.6,22.299999999999997,22.75,22.8,27.299999999999997,33.2,30.85,41.6,30.55,21.1,19.25,19.65,11.0
250.0,평일,5,2518,화곡,상행,15.5,17.85,19.6,21.55,20.9,23.8,30.700000000000003,42.650000000000006,49.0,26.75,24.35,21.1,20.3,12.7
306.0,평일,5,2518,화곡,하행,31.900000000000002,27.450000000000003,28.950000000000003,27.75,26.1,29.95,36.3,33.2,42.55,31.4,21.7,19.549999999999997,19.549999999999997,10.85
251.0,평일,5,2519,까치산,상행,16.049999999999997,18.95,21.65,23.85,25.049999999999997,30.05,39.6,58.150000000000006,70.8,40.6,38.05,31.7,30.7,20.45
307.0,평일,5,2519,까치산,하행,35.05,28.95,30.049999999999997,27.8,24.45,25.9,30.6,26.950000000000003,32.400000000000006,24.799999999999997,17.1,15.3,15.0,8.6
252.0,평일,5,2520,신정,상행,12.95,16.65,19.799999999999997,22.1,25.1,32.2,42.650000000000006,64.7,77.0,46.95,43.85,38.150000000000006,36.75,25.25
308.0,평일,5,2520,신정,하행,38.75,31.95,32.65,30.5,26.05,25.799999999999997,31.049999999999997,28.0,31.049999999999997,25.05,16.799999999999997,14.600000000000001,14.65,8.7
253.0,평일,5,2521,목동,상행,13.1,16.85,20.75,23.299999999999997,26.6,35.400000000000006,46.45,70.85,84.65,52.599999999999994,48.65,43.25,40.95,28.05
309.0,평일,5,2521,목동,하행,43.35,36.2,35.75,33.099999999999994,28.5,28.1,33.75,29.799999999999997,31.95,26.1,18.3,15.95,15.9,9.2
254.0,평일,5,2522,오목교,상행,14.3,18.35,23.3,26.549999999999997,30.0,40.75,52.8,84.9,96.95,62.3,55.8,49.9,46.4,32.65
310.0,평일,5,2522,오목교,하행,46.85,39.2,38.45,36.1,31.1,31.3,37.3,34.85,36.95,30.299999999999997,23.4,20.2,20.1,10.6
255.0,평일,5,2523,양평,상행,17.700000000000003,22.0,27.1,30.95,34.35,45.8,59.75,94.85,105.25,68.7,58.8,53.35,49.55,35.85
311.0,평일,5,2523,양평,하행,48.0,40.4,39.9,37.349999999999994,32.150000000000006,32.35,38.8,37.45,39.6,31.85,24.049999999999997,20.700000000000003,20.9,10.9
256.0,평일,5,2524,영등포구청,상행,18.45,22.75,27.35,32.45,35.4,46.8,61.8,97.2,106.25,71.3,60.55,55.5,51.55,37.65
312.0,평일,5,2524,영등포구청,하행,36.599999999999994,31.4,31.4,29.6,24.65,24.549999999999997,28.05,26.9,27.85,23.6,17.049999999999997,14.85,14.85,8.2
257.0,평일,5,2525,영등포시장,상행,14.2,18.0,21.5,25.1,28.0,37.25,49.95,78.7,84.35,55.099999999999994,46.150000000000006,43.05,37.599999999999994,27.55
313.0,평일,5,2525,영등포시장,하행,36.55,30.95,30.85,28.75,24.7,25.049999999999997,29.3,29.75,29.75,24.4,17.950000000000003,15.350000000000001,15.25,8.65
258.0,평일,5,2526,신길,상행,15.0,19.15,22.6,26.1,28.15,37.5,50.150000000000006,81.25,85.25,56.45,47.2,44.3,38.2,28.5
314.0,평일,5,2526,신길,하행,39.7,33.75,32.95,31.05,26.1,26.049999999999997,31.0,31.049999999999997,31.450000000000003,25.8,18.049999999999997,15.600000000000001,15.350000000000001,8.95
259.0,평일,5,2527,여의도,상행,15.5,20.200000000000003,23.65,27.65,30.5,40.8,55.7,96.5,97.95,62.0,52.85,50.15,42.2,29.5
315.0,평일,5,2527,여의도,하행,35.45,33.05,31.45,32.5,28.450000000000003,30.05,38.6,55.05,53.6,40.95,28.15,24.6,21.55,11.5
260.0,평일,5,2528,여의나루,상행,19.549999999999997,22.8,26.299999999999997,29.85,29.7,37.3,50.8,81.2,81.9,47.349999999999994,41.05,40.3,35.3,23.55
316.0,평일,5,2528,여의나루,하행,34.25,33.0,31.35,33.05,29.3,31.700000000000003,40.7,63.05,62.05,46.85,33.2,27.8,24.0,13.100000000000001
261.0,평일,5,2529,마포,상행,23.0,26.15,29.1,32.7,31.85,39.5,52.0,80.8,79.4,46.05,39.05,39.3,34.0,22.9
317.0,평일,5,2529,마포,하행,34.4,33.650000000000006,31.8,33.85,30.05,32.15,41.9,62.75,62.45,46.8,33.95,29.0,25.05,13.3
262.0,평일,5,2530,공덕,상행,23.85,26.85,29.25,32.599999999999994,31.65,39.65,52.1,79.1,75.6,46.15,38.05,37.2,32.3,22.9
318.0,평일,5,2530,공덕,하행,35.25,34.4,32.3,34.2,29.65,30.9,37.5,54.0,51.65,40.35,29.2,25.299999999999997,22.7,13.100000000000001
263.0,평일,5,2531,애오개,상행,21.549999999999997,25.25,27.6,30.700000000000003,31.35,39.05,51.75,81.35,77.6,46.4,37.599999999999994,36.15,31.1,20.95
319.0,평일,5,2531,애오개,하행,35.2,35.1,32.1,34.45,29.5,30.5,36.9,53.3,51.05,40.05,28.450000000000003,24.75,21.65,12.5
264.0,평일,5,2532,충정로,상행,21.25,25.05,27.049999999999997,30.35,31.049999999999997,38.3,52.6,80.05,78.75,46.65,37.849999999999994,37.1,31.9,21.75
320.0,평일,5,2532,충정로,하행,33.95,33.7,31.3,32.900000000000006,28.75,29.700000000000003,35.95,50.7,49.9,39.25,28.0,24.15,21.299999999999997,13.15
265.0,평일,5,2533,서대문,상행,20.8,24.15,26.15,29.200000000000003,30.1,37.349999999999994,51.6,75.75,72.35,44.0,36.15,35.8,30.85,21.25
321.0,평일,5,2533,서대문,하행,32.75,34.6,32.0,32.45,29.85,32.6,40.75,59.099999999999994,58.65,42.7,30.950000000000003,27.35,23.8,13.95
266.0,평일,5,2534,광화문,상행,22.05,24.5,26.4,29.75,30.25,35.05,46.5,63.0,60.95,40.25,32.45,32.55,27.85,20.4
322.0,평일,5,2534,광화문,하행,26.8,29.9,30.450000000000003,31.75,32.099999999999994,37.2,49.15,73.45,74.19999999999999,53.3,40.0,37.849999999999994,30.9,16.75
267.0,평일,5,2535,종로3가,상행,28.85,28.55,28.65,30.1,29.1,31.5,39.6,49.0,40.8,31.150000000000002,23.9,22.7,21.9,16.65
323.0,평일,5,2535,종로3가,하행,18.8,21.5,24.8,26.65,28.35,35.099999999999994,46.650000000000006,67.5,69.05,52.2,39.650000000000006,39.25,32.7,19.55
268.0,평일,5,2536,을지로4가,상행,31.3,29.450000000000003,28.25,27.95,25.3,26.5,33.7,39.55,32.75,26.35,19.1,17.1,16.75,12.850000000000001
324.0,평일,5,2536,을지로4가,하행,16.25,18.95,22.45,24.0,26.1,33.0,44.95,68.4,71.0,52.75,40.2,39.0,33.900000000000006,20.15
269.0,평일,5,2537,동대문역사문화공원,상행,30.3,27.450000000000003,26.25,25.3,22.8,23.7,29.6,33.5,26.55,22.8,16.25,14.65,14.35,11.05
325.0,평일,5,2537,동대문역사문화공원,하행,15.75,18.3,23.15,25.25,28.4,36.35,49.150000000000006,73.4,73.25,53.45,43.1,40.55,37.849999999999994,22.75
270.0,평일,5,2538,청구,상행,34.65,32.0,29.5,28.1,24.7,24.700000000000003,31.05,33.1,27.15,24.5,17.049999999999997,14.3,13.8,11.399999999999999
326.0,평일,5,2538,청구,하행,16.75,20.049999999999997,24.9,27.700000000000003,30.5,38.35,53.95,76.94999999999999,75.55,57.2,46.099999999999994,43.349999999999994,41.2,25.4
271.0,평일,5,2539,신금호,상행,37.8,35.45,33.05,30.65,27.450000000000003,27.55,34.25,36.35,31.4,27.700000000000003,18.85,16.65,16.0,13.65
327.0,평일,5,2539,신금호,하행,17.1,20.15,25.0,27.35,30.35,37.85,54.099999999999994,73.80000000000001,74.2,55.7,45.05,42.1,39.8,25.45
272.0,평일,5,2540,행당,상행,37.3,34.599999999999994,32.9,30.599999999999998,27.450000000000003,28.1,35.45,36.85,32.6,28.9,19.450000000000003,17.1,16.75,14.45
328.0,평일,5,2540,행당,하행,18.15,21.0,25.4,27.85,29.799999999999997,37.35,51.75,73.19999999999999,70.75,54.2,43.099999999999994,40.4,38.9,25.25
273.0,평일,5,2541,왕십리,상행,36.0,33.8,32.25,30.6,27.65,28.85,36.3,38.85,34.4,30.65,20.25,18.3,17.95,15.45
329.0,평일,5,2541,왕십리,하행,20.25,23.85,29.45,33.099999999999994,36.5,46.05,64.9,94.25,90.25,72.15,57.05,56.65,54.7,38.15
274.0,평일,5,2542,마장,상행,47.099999999999994,42.25,41.3,38.15,33.650000000000006,33.95,43.099999999999994,46.2,38.25,31.900000000000002,21.45,18.9,18.75,16.1
330.0,평일,5,2542,마장,하행,19.799999999999997,22.75,29.0,32.6,35.7,46.0,63.6,91.4,88.44999999999999,70.85,56.099999999999994,56.25,53.3,37.35
275.0,평일,5,2543,답십리,상행,46.95,40.7,40.35,37.0,32.55,33.15,41.8,43.900000000000006,38.3,31.0,21.299999999999997,18.5,18.65,15.45
331.0,평일,5,2543,답십리,하행,19.65,22.4,28.8,31.75,34.95,44.15,61.2,87.69999999999999,86.8,65.65,53.349999999999994,53.15,49.7,34.8
276.0,평일,5,2544,장한평,상행,44.75,38.65,38.9,36.25,31.5,32.75,41.2,43.25,38.099999999999994,32.35,21.9,19.049999999999997,19.799999999999997,15.7
332.0,평일,5,2544,장한평,하행,19.049999999999997,22.35,28.25,32.0,34.5,42.7,59.25,87.19999999999999,87.4,59.95,53.05,49.4,48.25,33.0
277.0,평일,5,2545,군자,상행,43.5,38.1,37.3,35.95,30.5,32.05,40.8,42.0,38.7,33.25,22.95,20.3,21.15,17.1
333.0,평일,5,2545,군자,하행,24.049999999999997,28.6,34.9,38.5,40.8,50.05,69.0,100.25,92.4,69.44999999999999,62.1,56.5,54.2,37.650000000000006
278.0,평일,5,2546,아차산,상행,52.55,45.900000000000006,44.3,42.75,36.6,40.7,53.05,54.75,56.35,44.5,30.6,27.25,28.35,19.6
334.0,평일,5,2546,아차산,하행,23.049999999999997,27.45,33.8,38.4,39.95,47.099999999999994,67.85,93.75,87.6,65.35,58.5,53.35,50.95,34.5
279.0,평일,5,2547,광나루,상행,50.3,43.349999999999994,42.15,40.0,35.35,39.05,52.7,52.900000000000006,56.75,44.849999999999994,30.7,26.950000000000003,27.75,20.3
335.0,평일,5,2547,광나루,하행,22.200000000000003,26.75,32.35,39.0,37.95,46.5,64.85,91.0,87.15,64.2,54.75,51.650000000000006,49.05,32.8
280.0,평일,5,2548,천호,상행,47.75,41.650000000000006,42.3,37.95,33.75,37.45,49.9,52.1,55.3,42.7,29.700000000000003,25.25,27.0,20.3
336.0,평일,5,2548,천호,하행,18.3,23.35,29.35,35.95,35.2,46.75,55.55,82.85,84.8,60.95,52.099999999999994,51.75,44.55,33.6
281.0,평일,5,2549,강동,상행,47.55,38.7,42.5,35.400000000000006,33.2,37.1,43.55,43.3,45.349999999999994,32.8,22.5,19.55,23.25,16.6
337.0,평일,5,2549,강동,하행,20.4,26.85,33.3,37.5,37.849999999999994,49.349999999999994,59.3,63.85,84.5,58.2,51.65,50.8,43.3,31.35
282.0,평일,5,2550,길동,상행,67.15,55.0,55.5,51.9,44.85,47.45,60.0,53.1,50.6,37.0,26.75,24.200000000000003,25.7,16.25
338.0,평일,5,2550,길동,하행,21.9,31.2,37.6,43.3,48.150000000000006,58.45,76.35,116.30000000000001,119.65,80.0,73.45,65.95,62.55,42.8
283.0,평일,5,2551,굽은다리,상행,62.45,51.900000000000006,52.099999999999994,48.400000000000006,41.95,44.900000000000006,57.25,42.95,49.75,34.400000000000006,24.6,22.75,24.55,13.5
339.0,평일,5,2551,굽은다리,하행,19.3,27.4,34.599999999999994,39.45,43.55,53.15,67.0,99.65,108.65,72.6,65.55000000000001,60.05,55.75,38.0
284.0,평일,5,2552,명일,상행,56.6,47.25,46.849999999999994,42.45,37.6,41.35,53.4,39.5,46.7,31.799999999999997,22.65,20.6,25.45,13.0
340.0,평일,5,2552,명일,하행,18.2,25.75,32.45,36.05,38.95,48.150000000000006,60.900000000000006,90.30000000000001,97.15,64.94999999999999,60.95,54.45,50.25,33.95
285.0,평일,5,2553,고덕,상행,51.599999999999994,43.0,42.8,39.25,34.7,40.25,50.1,37.4,45.45,29.8,21.950000000000003,19.35,21.450000000000003,12.649999999999999
341.0,평일,5,2553,고덕,하행,15.1,22.200000000000003,27.8,29.8,32.5,42.0,52.150000000000006,80.95,89.44999999999999,58.0,54.7,48.85,45.45,30.150000000000002
286.0,평일,5,2554,상일동,상행,44.9,35.599999999999994,35.6,33.85,29.25,32.85,37.9,30.4,38.05,25.0,18.15,15.55,16.5,11.15
342.0,평일,5,2554,상일동,하행,12.55,17.8,21.0,22.05,23.65,30.6,38.5,56.5,65.94999999999999,41.65,40.6,33.75,33.05,22.1
287.0,평일,5,2555,둔촌동,상행,30.3,27.9,28.950000000000003,27.65,25.85,30.799999999999997,39.8,39.45,52.25,37.45,21.75,21.450000000000003,29.15,18.6
343.0,평일,5,2555,둔촌동,하행,16.05,20.25,23.35,26.35,25.15,29.65,36.15,24.6,39.95,27.35,26.6,24.95,22.799999999999997,15.399999999999999
288.0,평일,5,2556,올림픽공원(한국체대),상행,28.3,25.65,26.8,25.7,24.35,28.55,37.900000000000006,36.95,51.65,36.2,21.299999999999997,21.049999999999997,27.200000000000003,17.95
344.0,평일,5,2556,올림픽공원(한국체대),하행,12.6,17.1,19.9,22.85,22.299999999999997,29.05,35.95,24.9,41.650000000000006,28.55,27.45,25.75,24.3,17.9
289.0,평일,5,2557,방이,상행,27.05,23.15,24.25,23.8,20.9,24.0,31.599999999999998,29.8,47.35,30.400000000000002,17.9,18.1,19.6,9.65
345.0,평일,5,2557,방이,하행,11.4,15.2,17.65,19.75,19.2,24.6,30.549999999999997,23.200000000000003,37.05,24.9,24.35,23.9,24.700000000000003,14.950000000000001
290.0,평일,5,2558,오금,상행,23.85,20.549999999999997,22.0,21.45,19.1,22.0,30.549999999999997,27.2,41.650000000000006,27.55,15.85,14.7,14.5,7.3999999999999995
346.0,평일,5,2558,오금,하행,7.449999999999999,10.95,13.95,16.5,17.55,24.35,30.5,22.6,38.25,26.299999999999997,25.05,24.7,24.65,15.3
291.0,평일,5,2559,개롱,상행,22.700000000000003,18.6,19.2,18.0,15.5,15.600000000000001,21.9,15.5,19.1,12.45,8.0,7.6,6.65,3.3000000000000003
347.0,평일,5,2559,개롱,하행,5.199999999999999,7.8500000000000005,10.05,12.05,12.5,18.25,22.1,16.55,28.9,19.7,18.5,18.25,18.049999999999997,11.15
292.0,평일,5,2560,거여,상행,16.6,13.25,14.4,12.600000000000001,11.25,11.3,14.399999999999999,10.399999999999999,12.7,8.45,5.5,4.949999999999999,4.5,2.4
348.0,평일,5,2560,거여,하행,2.25,3.4,4.1,5.0,5.0,8.0,9.5,6.7,11.45,8.25,7.6,7.75,7.05,4.8
293.0,평일,5,2561,마천,상행,6.95,5.5,5.95,5.2,4.550000000000001,4.05,5.45,3.5,5.5,2.8499999999999996,2.1,1.7,1.6,0.95
294.0,평일,5,2562,강일,상행,31.5,25.35,26.549999999999997,25.9,22.15,24.65,29.9,30.65,36.1,19.3,15.05,14.1,15.25,10.5
350.0,평일,5,2562,강일,하행,13.7,15.9,17.950000000000003,19.35,20.55,26.2,33.349999999999994,47.2,56.7,39.8,34.55,28.15,27.95,19.65
295.0,평일,5,2563,미사,상행,25.4,20.85,22.549999999999997,21.9,19.200000000000003,21.4,25.799999999999997,27.15,31.55,17.3,14.25,13.55,14.9,10.35
351.0,평일,5,2563,미사,하행,8.35,10.399999999999999,11.7,13.25,13.65,17.8,20.35,24.75,25.6,18.1,17.3,14.55,15.35,10.5
296.0,평일,5,2564,하남풍산,상행,15.75,13.7,14.9,14.45,13.1,14.45,18.7,16.95,25.25,11.5,8.55,7.3,7.699999999999999,3.4000000000000004
352.0,평일,5,2564,하남풍산,하행,6.8,8.85,10.2,11.4,11.5,15.85,17.95,20.4,22.75,13.1,14.35,12.15,12.4,8.55
297.0,평일,5,2565,하남시청,상행,13.6,11.8,12.7,12.149999999999999,11.149999999999999,11.899999999999999,14.8,11.95,15.25,8.8,7.3,5.6,5.85,2.7
353.0,평일,5,2565,하남시청,하행,3.5999999999999996,4.5,5.550000000000001,5.25,5.45,7.25,8.45,9.0,9.55,5.75,6.4,5.550000000000001,5.4,3.65
298.0,평일,5,2566,하남검단산,상행,6.1,5.6,5.65,5.800000000000001,5.4,5.8,7.199999999999999,5.6,6.75,4.4,3.7,2.7,3.9000000000000004,1.25
355.0,평일,6,2611,응암,상행,15.149999999999999,14.95,16.0,16.45,16.35,19.9,25.6,28.6,44.65,26.15,18.549999999999997,19.85,19.55,12.0
394.0,평일,6,2611,응암,하행,23.05,20.6,21.25,20.45,17.75,19.5,25.2,22.6,21.3,11.6,9.95,9.5,9.25,4.7
395.0,평일,6,2612,역촌,하행,15.95,15.35,16.200000000000003,16.950000000000003,16.0,19.15,23.85,26.049999999999997,39.9,23.35,16.65,17.700000000000003,17.15,10.25
396.0,평일,6,2613,불광,하행,7.85,8.55,8.7,9.9,10.3,12.55,16.35,16.45,24.549999999999997,15.799999999999999,11.05,11.45,10.75,6.6
397.0,평일,6,2614,독바위,하행,8.6,8.95,9.2,9.8,10.25,11.95,15.75,15.0,21.35,13.35,9.350000000000001,9.5,8.899999999999999,5.5
398.0,평일,6,2615,연신내,하행,15.799999999999999,15.65,16.7,16.75,16.55,20.0,25.85,23.25,26.5,16.6,12.75,12.05,11.05,6.35
399.0,평일,6,2616,구산,하행,18.95,18.1,18.7,18.049999999999997,16.5,19.95,24.3,21.6,21.85,12.85,10.55,9.85,9.350000000000001,5.3
361.0,평일,6,2617,새절,상행,14.3,14.2,15.850000000000001,17.15,18.200000000000003,23.55,32.45,37.65,60.8,37.75,27.2,28.85,27.9,17.25
400.0,평일,6,2617,새절,하행,27.2,23.55,24.0,22.8,19.6,20.9,27.8,25.6,22.85,12.0,9.95,9.65,9.2,4.7
362.0,평일,6,2618,증산,상행,14.5,14.95,16.9,19.4,20.549999999999997,27.3,37.35,44.7,76.1,46.95,33.45,35.15,34.0,21.35
401.0,평일,6,2618,증산,하행,30.75,25.9,26.1,25.35,21.5,22.2,28.95,26.95,23.9,12.35,10.649999999999999,9.899999999999999,9.15,4.85
363.0,평일,6,2619,디지털미디어시티,상행,15.2,16.15,17.95,20.65,22.450000000000003,31.05,41.8,50.6,86.8,53.75,39.4,40.65,39.35,25.15
402.0,평일,6,2619,디지털미디어시티,하행,31.75,26.6,26.65,26.049999999999997,21.4,21.75,28.1,30.85,31.5,14.850000000000001,11.0,10.149999999999999,9.45,5.1
364.0,평일,6,2620,월드컵경기장,상행,14.3,15.3,17.4,20.4,22.15,30.75,42.05,49.7,84.85,54.2,39.6,41.35,39.65,25.9
403.0,평일,6,2620,월드컵경기장,하행,31.65,26.2,26.35,25.6,21.55,22.4,30.05,32.9,32.25,15.149999999999999,11.3,10.45,10.0,5.65
365.0,평일,6,2621,마포구청,상행,15.65,16.55,18.55,21.5,22.85,30.55,42.150000000000006,49.75,86.15,54.650000000000006,39.8,41.5,39.8,25.7
404.0,평일,6,2621,마포구청,하행,36.3,30.55,30.6,29.2,24.950000000000003,25.85,33.5,36.75,37.55,17.15,12.55,11.6,10.75,6.0
366.0,평일,6,2622,망원,상행,17.6,18.4,21.299999999999997,24.5,25.75,35.2,45.55,56.5,95.75,59.699999999999996,44.65,46.0,45.1,28.75
405.0,평일,6,2622,망원,하행,38.4,33.3,33.25,32.45,28.5,29.15,36.9,40.95,42.1,20.65,15.950000000000001,15.5,13.75,7.8
367.0,평일,6,2623,합정,상행,21.75,23.049999999999997,25.9,30.049999999999997,30.5,41.7,52.0,61.95,100.6,66.05,47.45,48.15,47.400000000000006,28.5
406.0,평일,6,2623,합정,하행,25.3,22.15,22.35,22.9,20.0,20.7,23.85,27.75,31.1,15.85,12.8,13.100000000000001,13.0,8.2
368.0,평일,6,2624,상수,상행,15.899999999999999,16.75,18.950000000000003,21.8,21.35,29.6,36.85,41.3,63.1,38.95,28.75,29.700000000000003,28.950000000000003,17.7
407.0,평일,6,2624,상수,하행,22.7,20.799999999999997,21.65,22.25,20.2,21.299999999999997,25.799999999999997,30.2,32.25,16.6,14.55,16.05,16.8,10.95
369.0,평일,6,2625,광흥창,상행,19.25,18.85,20.65,23.65,22.450000000000003,30.15,37.400000000000006,43.45,65.95,39.650000000000006,28.6,28.549999999999997,27.65,17.1
408.0,평일,6,2625,광흥창,하행,23.2,21.1,22.200000000000003,21.950000000000003,20.299999999999997,20.85,25.8,31.200000000000003,33.35,17.05,14.45,16.0,16.85,10.85
370.0,평일,6,2626,대흥,상행,19.15,17.85,20.4,23.35,21.75,29.3,36.6,43.05,64.15,39.599999999999994,29.2,29.1,28.950000000000003,17.55
409.0,평일,6,2626,대흥,하행,23.1,21.4,22.549999999999997,23.15,21.25,22.15,28.95,33.9,36.15,18.15,15.8,18.1,19.1,11.7
371.0,평일,6,2627,공덕,상행,24.05,19.75,21.5,24.8,22.95,29.45,36.6,43.45,66.2,41.55,29.55,29.75,28.6,17.35
410.0,평일,6,2627,공덕,하행,27.5,25.799999999999997,26.3,26.9,24.6,26.5,35.4,49.0,59.25,27.1,22.55,24.85,24.65,15.55
372.0,평일,6,2628,효창공원앞,상행,26.7,22.15,24.3,27.15,24.950000000000003,32.25,40.15,47.400000000000006,66.75,43.75,31.3,31.95,31.900000000000002,18.700000000000003
411.0,평일,6,2628,효창공원앞,하행,27.700000000000003,26.450000000000003,26.75,27.65,24.75,26.85,35.4,50.05,60.9,28.200000000000003,22.4,24.450000000000003,24.15,15.2
373.0,평일,6,2629,삼각지,상행,27.4,22.6,24.25,26.6,25.1,31.799999999999997,40.75,47.35,66.05000000000001,42.85,32.1,33.15,32.9,19.45
412.0,평일,6,2629,삼각지,하행,23.950000000000003,23.450000000000003,24.1,23.9,22.0,23.85,31.35,44.8,55.05,25.8,20.700000000000003,22.7,22.75,14.9
374.0,평일,6,2630,녹사평,상행,23.05,18.8,21.65,22.700000000000003,21.5,27.65,35.7,38.35,50.7,35.0,26.7,27.65,28.65,15.75
413.0,평일,6,2630,녹사평,하행,23.75,22.75,22.85,23.0,21.6,23.299999999999997,31.1,43.6,54.1,27.25,20.5,22.9,23.4,15.6
375.0,평일,6,2631,이태원,상행,22.35,18.55,21.25,22.9,21.200000000000003,27.75,34.65,38.25,48.15,33.849999999999994,25.2,25.5,27.049999999999997,14.100000000000001
414.0,평일,6,2631,이태원,하행,21.75,21.8,21.95,22.7,21.45,23.75,31.9,44.55,54.45,27.3,20.85,23.4,24.35,16.55
376.0,평일,6,2632,한강진,상행,23.45,19.75,22.0,23.25,21.15,27.15,32.2,37.7,46.0,32.650000000000006,23.549999999999997,24.15,25.549999999999997,12.9
415.0,평일,6,2632,한강진,하행,18.75,19.9,20.3,21.05,20.6,23.85,32.9,46.75,56.849999999999994,29.1,23.25,25.65,28.25,17.299999999999997
377.0,평일,6,2633,버티고개,상행,26.4,21.9,23.65,25.15,22.75,27.5,31.9,35.05,42.35,28.55,20.200000000000003,21.0,20.299999999999997,11.85
416.0,평일,6,2633,버티고개,하행,19.1,20.1,20.25,21.5,20.7,23.95,33.0,47.3,55.55,29.3,22.75,25.45,27.95,17.0
378.0,평일,6,2634,약수,상행,25.8,21.8,24.2,24.75,23.35,27.7,32.45,35.2,42.05,28.95,20.5,21.4,20.4,12.100000000000001
417.0,평일,6,2634,약수,하행,20.950000000000003,23.45,22.9,25.25,24.75,28.25,38.85,57.15,71.75,41.599999999999994,29.75,32.400000000000006,34.35,20.15
379.0,평일,6,2635,청구,상행,31.65,25.450000000000003,28.5,28.3,26.15,31.05,34.25,36.3,38.900000000000006,24.5,18.55,19.700000000000003,19.4,11.3
418.0,평일,6,2635,청구,하행,22.05,25.6,23.25,25.9,25.0,27.85,37.099999999999994,56.9,74.3,41.95,29.05,31.05,32.35,19.6
380.0,평일,6,2636,신당,상행,30.25,24.4,27.75,28.5,25.75,31.15,34.400000000000006,35.9,36.55,21.8,17.65,18.85,19.0,10.85
419.0,평일,6,2636,신당,하행,24.0,28.45,26.3,29.9,28.7,32.35,43.2,69.05000000000001,91.9,52.4,36.0,39.5,42.2,24.799999999999997
381.0,평일,6,2637,동묘앞,상행,37.45,29.6,33.400000000000006,33.85,30.1,35.4,40.349999999999994,41.7,40.150000000000006,24.15,19.1,20.5,19.7,11.25
420.0,평일,6,2637,동묘앞,하행,25.85,29.65,26.450000000000003,30.400000000000002,29.85,34.05,46.75,77.2,99.4,61.650000000000006,38.55,42.55,45.349999999999994,27.6
382.0,평일,6,2638,창신,상행,41.2,31.950000000000003,36.05,35.25,30.45,36.0,41.45,43.2,39.65,23.85,19.35,21.65,20.4,11.25
421.0,평일,6,2638,창신,하행,24.950000000000003,28.85,25.6,29.650000000000002,29.549999999999997,33.3,45.900000000000006,72.1,97.2,59.9,37.4,41.55,43.9,26.700000000000003
383.0,평일,6,2639,보문,상행,40.15,31.2,35.2,34.6,30.2,35.3,40.7,42.650000000000006,38.45,23.6,19.0,21.4,19.75,11.65
422.0,평일,6,2639,보문,하행,23.95,27.6,25.1,29.6,28.35,31.9,43.25,66.5,87.5,53.2,33.2,37.15,39.1,24.6
384.0,평일,6,2640,안암,상행,35.8,29.75,33.15,33.099999999999994,30.45,33.349999999999994,39.349999999999994,40.95,35.3,22.450000000000003,18.55,20.9,19.1,11.149999999999999
423.0,평일,6,2640,안암,하행,15.149999999999999,20.5,20.7,22.95,24.05,30.45,41.9,66.25,83.6,50.5,31.55,35.25,37.0,23.15
385.0,평일,6,2641,고려대,상행,36.45,27.299999999999997,29.8,29.65,24.65,25.95,28.25,28.950000000000003,26.5,16.25,12.55,14.55,12.25,6.85
424.0,평일,6,2641,고려대,하행,11.9,18.25,18.85,20.75,21.799999999999997,28.5,40.0,62.6,79.8,49.9,29.549999999999997,33.099999999999994,34.3,20.950000000000003
386.0,평일,6,2642,월곡,상행,35.05,25.299999999999997,27.2,26.15,21.700000000000003,23.0,23.549999999999997,24.5,22.15,14.3,10.5,10.850000000000001,10.0,6.050000000000001
425.0,평일,6,2642,월곡,하행,10.600000000000001,16.0,17.049999999999997,18.35,19.799999999999997,25.299999999999997,35.95,53.599999999999994,70.65,43.85,25.7,29.200000000000003,30.35,18.8
387.0,평일,6,2643,상월곡,상행,32.1,23.049999999999997,25.15,23.1,20.299999999999997,20.85,21.2,22.0,19.9,13.100000000000001,9.4,9.6,9.35,5.7
426.0,평일,6,2643,상월곡,하행,9.8,15.35,16.450000000000003,17.5,18.950000000000003,23.5,34.9,49.4,66.45,40.6,23.5,27.25,27.9,17.0
388.0,평일,6,2644,돌곶이,상행,30.4,21.5,23.65,21.75,19.049999999999997,19.75,20.05,21.049999999999997,19.4,12.8,9.5,9.3,8.9,5.7
427.0,평일,6,2644,돌곶이,하행,9.45,14.7,15.15,16.35,17.6,21.549999999999997,32.2,45.7,59.75,37.6,20.75,24.25,24.700000000000003,15.7
389.0,평일,6,2645,석계,상행,26.3,19.95,21.75,20.4,17.8,18.8,18.55,19.700000000000003,19.1,12.75,9.4,9.15,8.6,5.65
428.0,평일,6,2645,석계,하행,9.8,14.5,15.8,16.950000000000003,17.85,21.65,29.75,43.95,56.25,35.9,19.45,22.950000000000003,22.7,14.6
390.0,평일,6,2646,태릉입구,상행,24.8,20.5,21.6,20.35,18.1,19.25,19.7,21.35,21.299999999999997,15.2,11.05,10.350000000000001,9.95,6.15
429.0,평일,6,2646,태릉입구,하행,5.15,7.300000000000001,8.05,9.1,9.5,12.1,16.25,24.5,31.75,20.6,11.399999999999999,13.1,13.399999999999999,8.25
391.0,평일,6,2647,화랑대,상행,15.55,12.25,12.75,11.899999999999999,10.25,12.05,11.15,12.3,11.45,6.449999999999999,4.7,4.2,3.65,2.0
430.0,평일,6,2647,화랑대,하행,2.65,3.75,4.65,5.45,5.75,7.5,9.95,13.75,18.2,12.0,6.25,7.15,7.300000000000001,4.65
392.0,평일,6,2648,봉화산,상행,7.45,7.0,6.65,5.949999999999999,4.95,5.45,4.65,5.8,6.550000000000001,3.75,2.85,2.2,2.0,1.1
431.0,평일,6,2648,봉화산,하행,0.9,1.6,1.4,2.0999999999999996,1.75,2.85,2.75,5.199999999999999,7.55,2.3,2.25,1.5,2.1,1.5499999999999998
393.0,평일,6,2649,신내,상행,7.0,7.05,6.75,5.1,5.65,6.4,5.6,7.8500000000000005,8.2,5.25,2.45,2.1,1.45,0.65
432.0,평일,6,2649,신내,하행,4.2,2.2,2.8,3.2,3.6500000000000004,3.95,5.05,7.25,5.949999999999999,6.25,4.5,2.8,2.95,0.9500000000000001
475.0,평일,7,2711,장암,하행,1.75,1.2,1.35,1.4,1.5,1.6,1.7000000000000002,2.05,2.0,1.0,0.6,0.6,0.44999999999999996,0.3
434.0,평일,7,2712,도봉산,상행,0.5,0.65,0.6,0.44999999999999996,0.35,0.4,0.6000000000000001,0.8500000000000001,1.2000000000000002,0.5,0.4,0.4,0.30000000000000004,0.15000000000000002
476.0,평일,7,2712,도봉산,하행,11.05,9.1,9.95,9.2,9.2,9.5,11.25,8.5,10.65,6.05,4.15,4.25,3.6,2.25
435.0,평일,7,2713,수락산,상행,5.8,7.85,8.4,8.5,8.4,10.55,14.1,18.05,24.35,12.8,11.75,12.35,11.9,7.1
477.0,평일,7,2713,수락산,하행,15.549999999999999,12.850000000000001,13.850000000000001,12.95,12.85,13.2,15.05,11.0,13.2,7.4,5.4,5.65,4.65,3.0
436.0,평일,7,2714,마들,상행,7.6499999999999995,10.75,11.55,11.2,11.2,14.6,19.549999999999997,25.25,33.8,19.2,17.35,18.1,17.55,10.600000000000001
478.0,평일,7,2714,마들,하행,20.700000000000003,17.05,18.200000000000003,17.35,15.95,16.5,18.1,12.7,15.45,8.75,6.6,6.5,5.6,3.5
437.0,평일,7,2715,노원,상행,9.05,12.95,14.15,14.25,14.5,19.1,25.9,33.75,45.9,26.549999999999997,23.9,25.2,24.1,15.0
479.0,평일,7,2715,노원,하행,25.450000000000003,22.15,24.15,23.6,21.4,23.1,25.9,19.2,23.950000000000003,15.399999999999999,13.55,13.899999999999999,14.899999999999999,8.15
438.0,평일,7,2716,중계,상행,14.0,18.75,20.0,20.9,21.0,27.55,36.35,48.75,59.6,33.1,28.200000000000003,30.65,28.5,16.950000000000003
480.0,평일,7,2716,중계,하행,30.6,25.5,27.65,26.8,23.4,24.85,28.5,21.25,25.049999999999997,15.700000000000001,14.1,15.100000000000001,15.850000000000001,8.85
439.0,평일,7,2717,하계,상행,14.600000000000001,19.7,21.05,21.95,22.549999999999997,29.799999999999997,39.5,55.05,67.95,39.75,33.650000000000006,36.25,33.849999999999994,20.55
481.0,평일,7,2717,하계,하행,35.0,29.1,31.1,29.2,25.799999999999997,28.0,33.25,24.95,26.799999999999997,17.200000000000003,15.5,16.0,18.25,9.15
440.0,평일,7,2718,공릉,상행,15.600000000000001,20.45,23.049999999999997,24.75,24.5,31.9,43.099999999999994,62.4,79.35,47.150000000000006,39.2,43.65,40.95,25.450000000000003
482.0,평일,7,2718,공릉,하행,36.75,30.7,32.7,30.95,27.25,29.7,36.7,26.8,28.299999999999997,17.85,16.35,17.3,20.0,10.4
441.0,평일,7,2719,태릉입구,상행,16.8,21.5,24.8,26.5,25.700000000000003,34.2,46.65,68.05,85.7,50.8,41.9,46.9,44.25,28.700000000000003
483.0,평일,7,2719,태릉입구,하행,36.45,29.05,31.6,30.299999999999997,26.85,30.25,37.15,28.6,30.05,19.3,17.1,17.75,20.45,10.9
442.0,평일,7,2720,먹골,상행,16.65,22.5,24.0,25.3,24.8,32.95,45.3,65.8,82.5,50.65,41.3,46.4,44.6,29.05
484.0,평일,7,2720,먹골,하행,40.25,30.799999999999997,32.75,31.5,27.95,30.1,36.6,29.25,30.75,19.1,17.200000000000003,17.5,20.0,10.4
443.0,평일,7,2721,중화,상행,16.9,22.6,24.4,25.9,25.7,34.75,47.8,69.55,86.0,53.7,44.8,49.5,46.85,30.05
485.0,평일,7,2721,중화,하행,42.25,32.3,34.1,32.6,28.65,30.9,37.75,30.65,30.799999999999997,19.450000000000003,17.35,17.7,19.75,10.25
444.0,평일,7,2722,상봉,상행,17.6,23.25,24.85,26.65,27.0,38.0,52.05,77.3,89.55000000000001,56.900000000000006,47.95,53.400000000000006,50.349999999999994,32.5
486.0,평일,7,2722,상봉,하행,49.05,37.2,38.75,36.05,31.45,33.55,40.95,33.5,33.55,21.05,18.1,18.4,19.450000000000003,10.4
445.0,평일,7,2723,면목,상행,19.200000000000003,24.799999999999997,26.55,29.0,30.15,42.7,57.900000000000006,89.15,106.55,67.25,55.4,61.0,57.9,37.150000000000006
487.0,평일,7,2723,면목,하행,55.05,39.400000000000006,40.05,37.95,32.55,34.3,41.4,35.75,33.85,21.25,17.8,18.3,19.9,10.399999999999999
446.0,평일,7,2724,사가정,상행,19.549999999999997,24.9,26.95,29.4,31.35,44.7,60.8,94.25,112.85,72.05,59.4,67.25,63.099999999999994,40.599999999999994
488.0,평일,7,2724,사가정,하행,58.400000000000006,41.2,41.8,39.099999999999994,33.4,34.85,42.0,36.6,32.85,21.35,17.85,18.200000000000003,19.5,10.85
447.0,평일,7,2725,용마산,상행,20.35,25.15,27.799999999999997,30.35,32.75,48.05,65.0,98.15,124.65,77.85,64.5,70.75,68.65,42.849999999999994
489.0,평일,7,2725,용마산,하행,59.8,42.05,42.5,39.65,33.849999999999994,35.05,42.55,36.8,32.75,22.700000000000003,17.799999999999997,18.0,19.15,10.600000000000001
448.0,평일,7,2726,중곡,상행,20.9,25.2,28.5,30.799999999999997,34.7,49.95,69.1,104.45,126.15,80.0,66.6,73.05,71.25,43.099999999999994
490.0,평일,7,2726,중곡,하행,62.55,44.55,44.8,41.45,35.7,36.849999999999994,46.0,40.45,35.25,23.75,18.549999999999997,18.7,19.75,10.600000000000001
449.0,평일,7,2727,군자,상행,22.2,26.0,29.95,32.2,36.2,52.4,71.85,107.94999999999999,129.65,83.75,69.80000000000001,76.9,74.75,45.5
491.0,평일,7,2727,군자,하행,68.6,46.55,44.75,43.099999999999994,36.5,35.75,43.45,41.1,35.9,23.549999999999997,18.55,19.1,20.299999999999997,10.2
450.0,평일,7,2728,어린이대공원,상행,20.85,24.1,28.3,31.549999999999997,37.2,53.9,71.4,111.65,128.39999999999998,87.19999999999999,71.5,80.5,77.9,48.55
492.0,평일,7,2728,어린이대공원,하행,64.55,45.3,45.05,43.25,38.599999999999994,39.2,49.349999999999994,47.2,40.15,26.15,21.0,22.8,23.8,12.05
451.0,평일,7,2729,건대입구,상행,27.4,28.6,30.3,34.5,39.900000000000006,54.9,72.45,113.35,126.30000000000001,87.0,71.6,80.25,74.55,47.6
493.0,평일,7,2729,건대입구,하행,50.45,36.05,35.95,35.4,33.349999999999994,35.1,45.3,45.5,40.75,26.95,23.75,26.950000000000003,30.049999999999997,17.05
452.0,평일,7,2730,자양(뚝섬한강공원),상행,28.1,27.1,28.950000000000003,31.75,34.85,45.75,59.7,95.3,107.8,72.0,56.75,61.7,55.65,35.45
494.0,평일,7,2730,자양(뚝섬한강공원),하행,55.15,36.65,35.7,36.2,32.55,34.2,44.099999999999994,44.599999999999994,39.8,26.950000000000003,23.55,26.05,29.4,16.55
453.0,평일,7,2731,청담,상행,27.65,26.9,28.8,31.7,35.0,46.3,60.3,96.6,109.1,72.6,58.35,62.849999999999994,56.85,36.2
495.0,평일,7,2731,청담,하행,51.45,35.9,35.4,35.4,32.95,36.05,47.55,52.2,47.25,31.200000000000003,25.85,28.25,31.0,16.75
454.0,평일,7,2732,강남구청,상행,29.299999999999997,28.0,30.2,31.6,34.85,45.05,57.2,89.69999999999999,97.19999999999999,65.3,54.5,58.150000000000006,50.650000000000006,34.599999999999994
496.0,평일,7,2732,강남구청,하행,46.2,33.55,33.0,34.650000000000006,33.55,38.2,49.5,59.4,60.349999999999994,42.349999999999994,31.95,35.0,37.1,19.35
455.0,평일,7,2733,학동,상행,35.599999999999994,30.950000000000003,31.95,33.55,34.75,41.7,52.25,79.4,82.25,56.8,47.1,49.5,43.65,30.4
497.0,평일,7,2733,학동,하행,39.75,31.95,32.55,34.2,34.55,41.05,54.45,70.65,77.55,52.0,38.45,39.3,44.1,23.8
456.0,평일,7,2734,논현,상행,42.2,33.3,33.0,34.7,34.3,39.349999999999994,48.3,68.9,66.5,49.4,42.15,45.5,39.65,27.8
498.0,평일,7,2734,논현,하행,31.05,28.15,29.25,30.4,32.45,39.5,53.65,73.35,84.95,56.75,42.3,44.150000000000006,50.0,27.75
457.0,평일,7,2735,반포,상행,42.95,31.6,31.85,33.55,31.3,35.55,43.15,56.25,50.55,36.45,32.150000000000006,34.5,29.25,21.15
499.0,평일,7,2735,반포,하행,30.200000000000003,27.4,28.6,29.9,32.15,39.599999999999994,55.4,75.15,83.45,60.15,42.75,44.599999999999994,49.400000000000006,27.55
458.0,평일,7,2736,고속터미널,상행,43.05,31.75,31.8,33.400000000000006,30.95,34.8,41.45,54.5,48.8,35.85,31.2,33.35,28.3,21.0
500.0,평일,7,2736,고속터미널,하행,27.85,27.25,28.85,31.85,36.099999999999994,47.45,65.05,91.55,102.05000000000001,75.69999999999999,58.25,58.349999999999994,64.8,34.55
459.0,평일,7,2737,내방,상행,51.2,39.6,38.3,37.849999999999994,34.55,35.2,42.25,51.75,44.900000000000006,31.35,25.950000000000003,28.15,22.85,19.35
501.0,평일,7,2737,내방,하행,26.4,26.65,28.2,31.150000000000002,36.0,47.55,65.75,95.5,103.9,79.69999999999999,57.7,59.099999999999994,65.1,33.95
460.0,평일,7,2738,총신대입구,상행,51.25,39.05,37.6,37.2,33.55,33.8,39.75,47.15,39.6,29.8,24.25,26.1,21.65,19.200000000000003
502.0,평일,7,2738,총신대입구,하행,25.049999999999997,24.15,25.1,27.85,31.7,41.25,57.25,81.85,92.0,71.0,52.650000000000006,55.05,63.75,37.45
461.0,평일,7,2739,남성,상행,46.599999999999994,35.349999999999994,33.75,33.6,29.9,30.65,36.95,42.9,34.5,26.8,21.0,21.75,17.700000000000003,15.05
503.0,평일,7,2739,남성,하행,24.4,23.1,24.25,26.7,30.1,38.849999999999994,54.1,77.19999999999999,85.65,69.19999999999999,49.25,51.849999999999994,58.650000000000006,35.35
462.0,평일,7,2740,숭실대입구,상행,42.45,32.25,31.85,31.5,28.799999999999997,29.5,36.65,43.599999999999994,34.55,26.5,21.200000000000003,21.450000000000003,16.35,14.75
504.0,평일,7,2740,숭실대입구,하행,19.4,19.299999999999997,22.299999999999997,24.299999999999997,27.8,36.65,52.05,73.5,78.94999999999999,63.6,45.75,48.85,54.05,31.85
463.0,평일,7,2741,상도,상행,41.15,31.0,29.9,29.25,26.0,26.55,31.700000000000003,38.55,33.8,25.65,19.7,19.15,14.75,13.65
505.0,평일,7,2741,상도,하행,17.799999999999997,17.799999999999997,20.85,23.450000000000003,25.450000000000003,35.15,48.7,68.7,74.7,59.95,43.05,46.05,50.599999999999994,29.4
464.0,평일,7,2742,장승배기,상행,40.35,30.35,29.049999999999997,28.15,25.299999999999997,24.8,30.1,36.9,33.15,24.950000000000003,19.700000000000003,18.1,14.3,13.55
506.0,평일,7,2742,장승배기,하행,17.95,17.75,20.65,22.85,24.799999999999997,34.0,47.7,66.75,71.30000000000001,58.3,41.25,44.05,47.4,29.55
465.0,평일,7,2743,신대방삼거리,상행,37.65,29.2,28.4,26.8,24.5,24.450000000000003,30.75,37.05,33.3,25.6,19.95,17.950000000000003,14.55,13.95
507.0,평일,7,2743,신대방삼거리,하행,17.950000000000003,17.75,20.35,22.1,23.55,31.75,44.75,62.05,64.94999999999999,51.7,36.95,39.7,43.0,27.5
466.0,평일,7,2744,보라매,상행,34.55,27.15,26.4,25.450000000000003,23.549999999999997,23.95,29.9,37.9,35.3,26.05,20.450000000000003,19.2,15.399999999999999,15.4
508.0,평일,7,2744,보라매,하행,17.6,17.15,19.5,21.35,22.65,30.85,42.6,60.75,65.55000000000001,50.25,35.7,37.7,40.9,25.6
467.0,평일,7,2745,신풍,상행,33.45,26.0,25.25,24.6,22.1,22.1,27.85,36.1,35.25,26.1,20.65,18.85,15.100000000000001,13.85
509.0,평일,7,2745,신풍,하행,18.4,17.75,19.95,21.45,22.35,30.2,41.75,59.35,63.2,46.7,33.7,35.35,38.15,23.6
468.0,평일,7,2746,대림,상행,30.1,24.9,25.05,23.65,22.3,22.65,29.2,37.650000000000006,37.95,27.9,21.85,20.2,16.25,15.15
510.0,평일,7,2746,대림,하행,20.700000000000003,20.55,23.45,25.65,27.1,36.7,50.2,72.95,80.75,59.849999999999994,42.0,43.65,47.95,30.4
469.0,평일,7,2747,남구로,상행,38.5,31.35,31.25,29.5,26.9,27.200000000000003,34.849999999999994,45.45,45.65,31.05,24.700000000000003,21.5,16.25,14.6
511.0,평일,7,2747,남구로,하행,20.450000000000003,20.450000000000003,23.549999999999997,25.5,26.75,35.95,48.150000000000006,74.75,89.2,61.8,42.25,42.55,46.45,32.8
470.0,평일,7,2748,가산디지털단지,상행,39.45,31.7,31.3,29.799999999999997,27.05,27.450000000000003,35.349999999999994,45.349999999999994,44.1,30.6,24.45,21.85,16.55,13.5
512.0,평일,7,2748,가산디지털단지,하행,16.15,19.4,23.75,26.15,30.349999999999998,41.75,59.75,110.7,130.2,77.65,52.65,52.65,54.25,40.05
471.0,평일,7,2749,철산,상행,44.3,34.25,31.9,29.15,24.45,24.8,30.700000000000003,27.450000000000003,23.95,18.7,17.15,16.1,14.25,11.25
513.0,평일,7,2749,철산,하행,15.05,18.25,21.85,24.549999999999997,26.5,36.8,51.2,97.25,116.9,66.55,46.5,45.95,46.099999999999994,33.650000000000006
472.0,평일,7,2750,광명사거리,상행,39.55,30.55,28.25,26.65,22.4,22.95,28.099999999999998,25.8,23.0,18.2,16.05,13.649999999999999,13.7,10.5
514.0,평일,7,2750,광명사거리,하행,13.100000000000001,15.45,18.65,21.15,22.95,31.65,45.25,84.55,106.95,57.85,41.15,40.0,40.1,28.45
473.0,평일,7,2751,천왕,상행,32.25,26.75,25.6,23.1,19.6,20.65,24.299999999999997,24.15,22.3,16.4,14.899999999999999,12.45,13.05,10.2
515.0,평일,7,2751,천왕,하행,12.55,14.45,17.049999999999997,19.2,20.65,28.6,41.05,77.35,97.75,51.900000000000006,37.05,35.35,35.099999999999994,24.700000000000003
474.0,평일,7,2752,온수,상행,28.95,24.15,23.25,20.9,17.7,18.85,22.3,22.45,22.85,16.2,14.75,12.0,13.100000000000001,10.25
516.0,평일,7,2752,온수,하행,12.6,12.8,15.950000000000001,18.35,19.15,25.75,37.400000000000006,65.2,91.55,51.349999999999994,31.150000000000002,34.0,33.55,30.8
517.0,평일,8,2810,암사역사공원,상행,7.050000000000001,7.7,9.1,10.9,12.350000000000001,16.4,22.25,30.15,46.25,32.75,24.700000000000003,27.35,30.049999999999997,21.700000000000003
536.0,평일,8,2810,암사역사공원,하행,20.1,17.05,16.700000000000003,15.15,12.75,12.8,16.0,16.45,12.25,5.9,4.7,5.15,5.2,3.95
518.0,평일,8,2811,암사,상행,8.05,9.0,11.05,13.05,15.15,20.0,27.700000000000003,35.6,53.400000000000006,37.75,29.25,33.5,35.65,26.15
537.0,평일,8,2811,암사,하행,30.45,26.9,26.85,24.55,20.25,20.450000000000003,23.4,24.700000000000003,19.35,9.45,8.15,8.2,8.1,5.55
519.0,평일,8,2812,천호,상행,12.9,14.95,18.1,21.35,24.2,33.05,42.5,52.2,76.80000000000001,56.400000000000006,42.6,48.7,51.8,37.95
538.0,평일,8,2812,천호,하행,46.150000000000006,40.9,42.0,39.849999999999994,34.8,36.15,44.7,50.95,43.2,22.299999999999997,17.35,19.299999999999997,19.85,14.399999999999999
520.0,평일,8,2813,강동구청,상행,25.15,27.6,31.049999999999997,36.0,39.25,53.85,66.5,82.35,121.15,80.7,65.4,71.5,73.65,48.849999999999994
539.0,평일,8,2813,강동구청,하행,48.75,42.8,43.8,40.95,35.849999999999994,37.1,45.95,53.45,46.150000000000006,22.2,17.8,19.35,19.75,13.75
521.0,평일,8,2814,몽촌토성,상행,25.35,27.2,32.95,37.55,39.849999999999994,55.85,69.44999999999999,88.94999999999999,128.5,85.44999999999999,69.75,76.35,79.4,53.35
540.0,평일,8,2814,몽촌토성,하행,49.55,43.599999999999994,44.900000000000006,41.95,37.7,39.2,48.9,58.5,51.5,23.6,19.0,20.25,21.1,14.4
522.0,평일,8,2815,잠실,상행,27.5,28.85,34.55,39.0,41.95,56.650000000000006,68.4,89.5,129.55,88.1,70.95,77.5,80.65,54.65
541.0,평일,8,2815,잠실,하행,38.0,38.25,42.55,44.0,44.5,51.2,66.0,87.85,93.75,51.05,40.5,46.15,52.599999999999994,34.35
523.0,평일,8,2816,석촌,상행,52.2,46.25,48.05,50.3,46.099999999999994,58.7,66.8,85.0,112.55000000000001,64.7,49.15,51.95,51.85,30.0
542.0,평일,8,2816,석촌,하행,37.650000000000006,38.45,43.8,45.0,45.75,53.8,69.75,91.6,104.69999999999999,61.2,44.0,51.849999999999994,58.75,39.599999999999994
524.0,평일,8,2817,송파,상행,58.150000000000006,49.55,51.5,52.8,47.95,61.0,69.05,86.85,113.6,63.449999999999996,47.650000000000006,49.8,46.9,26.799999999999997
543.0,평일,8,2817,송파,하행,37.55,38.2,42.849999999999994,43.25,43.599999999999994,50.25,66.05,85.75,97.25,56.0,41.0,47.35,54.5,40.4
525.0,평일,8,2818,가락시장,상행,54.4,46.599999999999994,49.150000000000006,49.8,47.599999999999994,58.65,68.3,86.55,112.9,63.300000000000004,47.45,49.7,46.900000000000006,26.95
544.0,평일,8,2818,가락시장,하행,34.0,33.15,37.55,38.25,38.45,45.4,59.45,81.1,94.9,53.599999999999994,39.400000000000006,44.7,52.95,40.0
526.0,평일,8,2819,문정,상행,50.4,42.9,44.8,44.95,43.15,51.400000000000006,60.55,79.65,97.0,53.099999999999994,41.55,42.150000000000006,37.099999999999994,21.25
545.0,평일,8,2819,문정,하행,24.8,26.700000000000003,31.05,31.7,32.9,40.400000000000006,53.05,81.15,95.45,52.55,37.2,42.1,49.099999999999994,36.35
527.0,평일,8,2820,장지,상행,46.650000000000006,36.75,37.95,36.75,34.45,41.25,48.35,52.650000000000006,59.75,38.95,30.55,29.75,27.45,15.8
546.0,평일,8,2820,장지,하행,21.1,20.7,25.8,26.7,27.85,34.9,46.1,70.2,84.85,45.3,33.7,37.85,43.75,31.8
528.0,평일,8,2821,복정,상행,40.3,31.7,32.6,30.65,28.75,33.7,40.7,42.15,49.95,31.5,24.75,23.7,25.1,15.05
547.0,평일,8,2821,복정,하행,11.3,11.7,15.2,17.15,17.200000000000003,23.0,31.700000000000003,46.55,62.45,36.7,25.45,27.25,33.0,26.75
529.0,평일,8,2822,산성,상행,21.95,17.4,19.7,17.45,15.5,18.549999999999997,20.65,19.05,19.0,10.8,9.25,9.1,8.399999999999999,4.65
548.0,평일,8,2822,산성,하행,9.55,9.45,12.0,13.95,13.05,18.45,23.549999999999997,34.2,44.1,26.75,17.85,19.1,23.049999999999997,20.0
530.0,평일,8,2823,남한산성입구,상행,18.25,15.1,17.299999999999997,15.65,14.0,17.55,19.8,18.1,18.6,10.5,9.45,9.2,8.8,4.65
549.0,평일,8,2823,남한산성입구,하행,7.550000000000001,8.45,9.95,10.95,11.3,15.1,18.9,25.5,32.15,18.95,11.899999999999999,12.55,15.100000000000001,12.75
531.0,평일,8,2824,단대오거리,상행,13.35,11.15,12.35,11.85,10.850000000000001,13.95,15.75,13.7,16.15,10.4,9.100000000000001,9.2,9.05,5.15
550.0,평일,8,2824,단대오거리,하행,7.3,7.75,9.05,9.35,9.3,11.25,13.45,15.95,17.25,8.95,6.0,6.25,7.5,5.95
532.0,평일,8,2825,신흥,상행,9.05,8.2,8.95,9.3,9.4,12.600000000000001,13.55,10.5,13.75,9.5,8.399999999999999,8.35,9.1,5.15
551.0,평일,8,2825,신흥,하행,6.9,7.05,7.85,8.0,7.75,9.15,10.55,11.85,11.45,5.5,3.7,3.7,4.300000000000001,3.65
533.0,평일,8,2826,수진,상행,7.199999999999999,6.95,7.949999999999999,8.6,8.65,11.85,12.75,9.899999999999999,13.75,9.45,8.45,8.3,9.2,5.0
552.0,평일,8,2826,수진,하행,7.050000000000001,7.0,8.0,7.85,7.35,8.850000000000001,10.3,10.350000000000001,8.1,3.05,2.1500000000000004,2.2,2.25,1.4
534.0,평일,8,2827,모란,상행,6.15,6.2,7.2,8.1,8.35,11.4,11.95,9.55,14.5,9.5,8.7,8.350000000000001,9.4,5.45
535.0,평일,8,2828,남위례,상행,25.85,20.3,22.4,20.1,17.95,21.55,23.85,23.4,23.6,12.85,11.2,11.5,11.3,6.25
554.0,평일,8,2828,남위례,하행,10.1,10.15,13.15,15.1,14.8,20.75,27.950000000000003,40.85,54.65,33.75,22.25,24.0,28.5,23.65
